[0.105s] DEBUG:colcon:Command line arguments: ['/usr/bin/colcon', 'build']
[0.105s] DEBUG:colcon:Parsed command line arguments: Namespace(log_base=None, log_level=None, verb_name='build', build_base='build', install_base='install', merge_install=False, symlink_install=False, test_result_base=None, continue_on_error=False, executor='parallel', parallel_workers=16, event_handlers=None, ignore_user_meta=False, metas=['./colcon.meta'], base_paths=['.'], packages_ignore=None, packages_ignore_regex=None, paths=None, packages_up_to=None, packages_up_to_regex=None, packages_above=None, packages_above_and_dependencies=None, packages_above_depth=None, packages_select_by_dep=None, packages_skip_by_dep=None, packages_skip_up_to=None, packages_select_build_failed=False, packages_skip_build_finished=False, packages_select_test_failures=False, packages_skip_test_passed=False, packages_select=None, packages_skip=None, packages_select_regex=None, packages_skip_regex=None, packages_start=None, packages_end=None, allow_overriding=[], cmake_args=None, cmake_target=None, cmake_target_skip_unavailable=False, cmake_clean_cache=False, cmake_clean_first=False, cmake_force_configure=False, ament_cmake_args=None, catkin_cmake_args=None, catkin_skip_building_tests=False, mixin_files=None, mixin=None, verb_parser=<colcon_mixin.mixin.mixin_argument.MixinArgumentDecorator object at 0x70f212343730>, verb_extension=<colcon_core.verb.build.BuildVerb object at 0x70f212342d70>, main=<bound method BuildVerb.main of <colcon_core.verb.build.BuildVerb object at 0x70f212342d70>>, mixin_verb=('build',))
[0.271s] Level 1:colcon.colcon_core.package_discovery:discover_packages(colcon_meta) check parameters
[0.271s] Level 1:colcon.colcon_core.package_discovery:discover_packages(recursive) check parameters
[0.271s] Level 1:colcon.colcon_core.package_discovery:discover_packages(ignore) check parameters
[0.271s] Level 1:colcon.colcon_core.package_discovery:discover_packages(path) check parameters
[0.271s] Level 1:colcon.colcon_core.package_discovery:discover_packages(colcon_meta) discover
[0.271s] Level 1:colcon.colcon_core.package_discovery:discover_packages(recursive) discover
[0.271s] INFO:colcon.colcon_core.package_discovery:Crawling recursively for packages in '/home/ubuntu/ws_engineer'
[0.271s] Level 1:colcon.colcon_core.package_identification:_identify(.) by extensions ['ignore', 'ignore_ament_install']
[0.272s] Level 1:colcon.colcon_core.package_identification:_identify(.) by extension 'ignore'
[0.272s] Level 1:colcon.colcon_core.package_identification:_identify(.) by extension 'ignore_ament_install'
[0.272s] Level 1:colcon.colcon_core.package_identification:_identify(.) by extensions ['colcon_pkg']
[0.272s] Level 1:colcon.colcon_core.package_identification:_identify(.) by extension 'colcon_pkg'
[0.272s] Level 1:colcon.colcon_core.package_identification:_identify(.) by extensions ['colcon_meta']
[0.272s] Level 1:colcon.colcon_core.package_identification:_identify(.) by extension 'colcon_meta'
[0.272s] Level 1:colcon.colcon_core.package_identification:_identify(.) by extensions ['ros']
[0.272s] Level 1:colcon.colcon_core.package_identification:_identify(.) by extension 'ros'
[0.281s] Level 1:colcon.colcon_core.package_identification:_identify(.) by extensions ['cmake', 'python']
[0.281s] Level 1:colcon.colcon_core.package_identification:_identify(.) by extension 'cmake'
[0.281s] Level 1:colcon.colcon_core.package_identification:_identify(.) by extension 'python'
[0.281s] Level 1:colcon.colcon_core.package_identification:_identify(.) by extensions ['python_setup_py']
[0.281s] Level 1:colcon.colcon_core.package_identification:_identify(.) by extension 'python_setup_py'
[0.282s] Level 1:colcon.colcon_core.package_identification:_identify(build) by extensions ['ignore', 'ignore_ament_install']
[0.282s] Level 1:colcon.colcon_core.package_identification:_identify(build) by extension 'ignore'
[0.282s] Level 1:colcon.colcon_core.package_identification:_identify(build) ignored
[0.282s] Level 1:colcon.colcon_core.package_identification:_identify(install) by extensions ['ignore', 'ignore_ament_install']
[0.282s] Level 1:colcon.colcon_core.package_identification:_identify(install) by extension 'ignore'
[0.282s] Level 1:colcon.colcon_core.package_identification:_identify(install) ignored
[0.282s] Level 1:colcon.colcon_core.package_identification:_identify(log) by extensions ['ignore', 'ignore_ament_install']
[0.282s] Level 1:colcon.colcon_core.package_identification:_identify(log) by extension 'ignore'
[0.282s] Level 1:colcon.colcon_core.package_identification:_identify(log) ignored
[0.282s] Level 1:colcon.colcon_core.package_identification:_identify(readme) by extensions ['ignore', 'ignore_ament_install']
[0.282s] Level 1:colcon.colcon_core.package_identification:_identify(readme) by extension 'ignore'
[0.282s] Level 1:colcon.colcon_core.package_identification:_identify(readme) by extension 'ignore_ament_install'
[0.282s] Level 1:colcon.colcon_core.package_identification:_identify(readme) by extensions ['colcon_pkg']
[0.282s] Level 1:colcon.colcon_core.package_identification:_identify(readme) by extension 'colcon_pkg'
[0.282s] Level 1:colcon.colcon_core.package_identification:_identify(readme) by extensions ['colcon_meta']
[0.282s] Level 1:colcon.colcon_core.package_identification:_identify(readme) by extension 'colcon_meta'
[0.283s] Level 1:colcon.colcon_core.package_identification:_identify(readme) by extensions ['ros']
[0.283s] Level 1:colcon.colcon_core.package_identification:_identify(readme) by extension 'ros'
[0.283s] Level 1:colcon.colcon_core.package_identification:_identify(readme) by extensions ['cmake', 'python']
[0.283s] Level 1:colcon.colcon_core.package_identification:_identify(readme) by extension 'cmake'
[0.283s] Level 1:colcon.colcon_core.package_identification:_identify(readme) by extension 'python'
[0.283s] Level 1:colcon.colcon_core.package_identification:_identify(readme) by extensions ['python_setup_py']
[0.283s] Level 1:colcon.colcon_core.package_identification:_identify(readme) by extension 'python_setup_py'
[0.283s] Level 1:colcon.colcon_core.package_identification:_identify(src) by extensions ['ignore', 'ignore_ament_install']
[0.283s] Level 1:colcon.colcon_core.package_identification:_identify(src) by extension 'ignore'
[0.283s] Level 1:colcon.colcon_core.package_identification:_identify(src) by extension 'ignore_ament_install'
[0.283s] Level 1:colcon.colcon_core.package_identification:_identify(src) by extensions ['colcon_pkg']
[0.283s] Level 1:colcon.colcon_core.package_identification:_identify(src) by extension 'colcon_pkg'
[0.283s] Level 1:colcon.colcon_core.package_identification:_identify(src) by extensions ['colcon_meta']
[0.283s] Level 1:colcon.colcon_core.package_identification:_identify(src) by extension 'colcon_meta'
[0.283s] Level 1:colcon.colcon_core.package_identification:_identify(src) by extensions ['ros']
[0.283s] Level 1:colcon.colcon_core.package_identification:_identify(src) by extension 'ros'
[0.283s] Level 1:colcon.colcon_core.package_identification:_identify(src) by extensions ['cmake', 'python']
[0.283s] Level 1:colcon.colcon_core.package_identification:_identify(src) by extension 'cmake'
[0.283s] Level 1:colcon.colcon_core.package_identification:_identify(src) by extension 'python'
[0.283s] Level 1:colcon.colcon_core.package_identification:_identify(src) by extensions ['python_setup_py']
[0.283s] Level 1:colcon.colcon_core.package_identification:_identify(src) by extension 'python_setup_py'
[0.283s] Level 1:colcon.colcon_core.package_identification:_identify(src/base_interfaces) by extensions ['ignore', 'ignore_ament_install']
[0.283s] Level 1:colcon.colcon_core.package_identification:_identify(src/base_interfaces) by extension 'ignore'
[0.283s] Level 1:colcon.colcon_core.package_identification:_identify(src/base_interfaces) by extension 'ignore_ament_install'
[0.283s] Level 1:colcon.colcon_core.package_identification:_identify(src/base_interfaces) by extensions ['colcon_pkg']
[0.284s] Level 1:colcon.colcon_core.package_identification:_identify(src/base_interfaces) by extension 'colcon_pkg'
[0.284s] Level 1:colcon.colcon_core.package_identification:_identify(src/base_interfaces) by extensions ['colcon_meta']
[0.284s] Level 1:colcon.colcon_core.package_identification:_identify(src/base_interfaces) by extension 'colcon_meta'
[0.284s] Level 1:colcon.colcon_core.package_identification:_identify(src/base_interfaces) by extensions ['ros']
[0.284s] Level 1:colcon.colcon_core.package_identification:_identify(src/base_interfaces) by extension 'ros'
[0.295s] DEBUG:colcon.colcon_core.package_identification:Package 'src/base_interfaces' with type 'ros.ament_cmake' and name 'base_interfaces'
[0.295s] Level 1:colcon.colcon_core.package_identification:_identify(src/engineer_config) by extensions ['ignore', 'ignore_ament_install']
[0.295s] Level 1:colcon.colcon_core.package_identification:_identify(src/engineer_config) by extension 'ignore'
[0.295s] Level 1:colcon.colcon_core.package_identification:_identify(src/engineer_config) by extension 'ignore_ament_install'
[0.295s] Level 1:colcon.colcon_core.package_identification:_identify(src/engineer_config) by extensions ['colcon_pkg']
[0.295s] Level 1:colcon.colcon_core.package_identification:_identify(src/engineer_config) by extension 'colcon_pkg'
[0.295s] Level 1:colcon.colcon_core.package_identification:_identify(src/engineer_config) by extensions ['colcon_meta']
[0.295s] Level 1:colcon.colcon_core.package_identification:_identify(src/engineer_config) by extension 'colcon_meta'
[0.295s] Level 1:colcon.colcon_core.package_identification:_identify(src/engineer_config) by extensions ['ros']
[0.295s] Level 1:colcon.colcon_core.package_identification:_identify(src/engineer_config) by extension 'ros'
[0.296s] DEBUG:colcon.colcon_core.package_identification:Package 'src/engineer_config' with type 'ros.ament_cmake' and name 'engineer_config'
[0.296s] Level 1:colcon.colcon_core.package_identification:_identify(src/engineer_protocol) by extensions ['ignore', 'ignore_ament_install']
[0.296s] Level 1:colcon.colcon_core.package_identification:_identify(src/engineer_protocol) by extension 'ignore'
[0.296s] Level 1:colcon.colcon_core.package_identification:_identify(src/engineer_protocol) by extension 'ignore_ament_install'
[0.296s] Level 1:colcon.colcon_core.package_identification:_identify(src/engineer_protocol) by extensions ['colcon_pkg']
[0.296s] Level 1:colcon.colcon_core.package_identification:_identify(src/engineer_protocol) by extension 'colcon_pkg'
[0.296s] Level 1:colcon.colcon_core.package_identification:_identify(src/engineer_protocol) by extensions ['colcon_meta']
[0.296s] Level 1:colcon.colcon_core.package_identification:_identify(src/engineer_protocol) by extension 'colcon_meta'
[0.297s] Level 1:colcon.colcon_core.package_identification:_identify(src/engineer_protocol) by extensions ['ros']
[0.297s] Level 1:colcon.colcon_core.package_identification:_identify(src/engineer_protocol) by extension 'ros'
[0.297s] DEBUG:colcon.colcon_core.package_identification:Package 'src/engineer_protocol' with type 'ros.ament_cmake' and name 'engineer_protocol'
[0.297s] Level 1:colcon.colcon_core.package_identification:_identify(src/engineer_urdf) by extensions ['ignore', 'ignore_ament_install']
[0.297s] Level 1:colcon.colcon_core.package_identification:_identify(src/engineer_urdf) by extension 'ignore'
[0.297s] Level 1:colcon.colcon_core.package_identification:_identify(src/engineer_urdf) by extension 'ignore_ament_install'
[0.297s] Level 1:colcon.colcon_core.package_identification:_identify(src/engineer_urdf) by extensions ['colcon_pkg']
[0.297s] Level 1:colcon.colcon_core.package_identification:_identify(src/engineer_urdf) by extension 'colcon_pkg'
[0.297s] Level 1:colcon.colcon_core.package_identification:_identify(src/engineer_urdf) by extensions ['colcon_meta']
[0.297s] Level 1:colcon.colcon_core.package_identification:_identify(src/engineer_urdf) by extension 'colcon_meta'
[0.298s] Level 1:colcon.colcon_core.package_identification:_identify(src/engineer_urdf) by extensions ['ros']
[0.298s] Level 1:colcon.colcon_core.package_identification:_identify(src/engineer_urdf) by extension 'ros'
[0.298s] DEBUG:colcon.colcon_core.package_identification:Package 'src/engineer_urdf' with type 'ros.ament_cmake' and name 'engineer_urdf'
[0.298s] Level 1:colcon.colcon_core.package_identification:_identify(src/moveit_demo) by extensions ['ignore', 'ignore_ament_install']
[0.298s] Level 1:colcon.colcon_core.package_identification:_identify(src/moveit_demo) by extension 'ignore'
[0.298s] Level 1:colcon.colcon_core.package_identification:_identify(src/moveit_demo) by extension 'ignore_ament_install'
[0.299s] Level 1:colcon.colcon_core.package_identification:_identify(src/moveit_demo) by extensions ['colcon_pkg']
[0.299s] Level 1:colcon.colcon_core.package_identification:_identify(src/moveit_demo) by extension 'colcon_pkg'
[0.299s] Level 1:colcon.colcon_core.package_identification:_identify(src/moveit_demo) by extensions ['colcon_meta']
[0.299s] Level 1:colcon.colcon_core.package_identification:_identify(src/moveit_demo) by extension 'colcon_meta'
[0.299s] Level 1:colcon.colcon_core.package_identification:_identify(src/moveit_demo) by extensions ['ros']
[0.299s] Level 1:colcon.colcon_core.package_identification:_identify(src/moveit_demo) by extension 'ros'
[0.299s] DEBUG:colcon.colcon_core.package_identification:Package 'src/moveit_demo' with type 'ros.ament_cmake' and name 'moveit_demo'
[0.299s] Level 1:colcon.colcon_core.package_discovery:discover_packages(recursive) using defaults
[0.299s] Level 1:colcon.colcon_core.package_discovery:discover_packages(ignore) discover
[0.299s] Level 1:colcon.colcon_core.package_discovery:discover_packages(ignore) using defaults
[0.299s] Level 1:colcon.colcon_core.package_discovery:discover_packages(path) discover
[0.299s] Level 1:colcon.colcon_core.package_discovery:discover_packages(path) using defaults
[0.317s] Level 1:colcon.colcon_core.package_discovery:discover_packages(prefix_path) check parameters
[0.317s] Level 1:colcon.colcon_core.package_discovery:discover_packages(prefix_path) discover
[0.321s] DEBUG:colcon.colcon_installed_package_information.package_discovery:Found 5 installed packages in /home/ubuntu/ws_engineer/install
[0.322s] DEBUG:colcon.colcon_installed_package_information.package_discovery:Found 55 installed packages in /home/ubuntu/ws_moveit/install
[0.323s] DEBUG:colcon.colcon_installed_package_information.package_discovery:Found 3 installed packages in /home/ubuntu/ws00_helloworld/install
[0.324s] DEBUG:colcon.colcon_installed_package_information.package_discovery:Found 21 installed packages in /home/ubuntu/dev_ws/install
[0.325s] DEBUG:colcon.colcon_installed_package_information.package_discovery:Found 342 installed packages in /opt/ros/humble
[0.328s] Level 1:colcon.colcon_core.package_discovery:discover_packages(prefix_path) using defaults
[0.368s] Level 5:colcon.colcon_core.verb:set package 'base_interfaces' build argument 'cmake_args' from command line to 'None'
[0.368s] Level 5:colcon.colcon_core.verb:set package 'base_interfaces' build argument 'cmake_target' from command line to 'None'
[0.368s] Level 5:colcon.colcon_core.verb:set package 'base_interfaces' build argument 'cmake_target_skip_unavailable' from command line to 'False'
[0.368s] Level 5:colcon.colcon_core.verb:set package 'base_interfaces' build argument 'cmake_clean_cache' from command line to 'False'
[0.368s] Level 5:colcon.colcon_core.verb:set package 'base_interfaces' build argument 'cmake_clean_first' from command line to 'False'
[0.368s] Level 5:colcon.colcon_core.verb:set package 'base_interfaces' build argument 'cmake_force_configure' from command line to 'False'
[0.368s] Level 5:colcon.colcon_core.verb:set package 'base_interfaces' build argument 'ament_cmake_args' from command line to 'None'
[0.368s] Level 5:colcon.colcon_core.verb:set package 'base_interfaces' build argument 'catkin_cmake_args' from command line to 'None'
[0.368s] Level 5:colcon.colcon_core.verb:set package 'base_interfaces' build argument 'catkin_skip_building_tests' from command line to 'False'
[0.368s] DEBUG:colcon.colcon_core.verb:Building package 'base_interfaces' with the following arguments: {'ament_cmake_args': None, 'build_base': '/home/ubuntu/ws_engineer/build/base_interfaces', 'catkin_cmake_args': None, 'catkin_skip_building_tests': False, 'cmake_args': None, 'cmake_clean_cache': False, 'cmake_clean_first': False, 'cmake_force_configure': False, 'cmake_target': None, 'cmake_target_skip_unavailable': False, 'install_base': '/home/ubuntu/ws_engineer/install/base_interfaces', 'merge_install': False, 'path': '/home/ubuntu/ws_engineer/src/base_interfaces', 'symlink_install': False, 'test_result_base': None}
[0.368s] Level 5:colcon.colcon_core.verb:set package 'engineer_urdf' build argument 'cmake_args' from command line to 'None'
[0.368s] Level 5:colcon.colcon_core.verb:set package 'engineer_urdf' build argument 'cmake_target' from command line to 'None'
[0.368s] Level 5:colcon.colcon_core.verb:set package 'engineer_urdf' build argument 'cmake_target_skip_unavailable' from command line to 'False'
[0.368s] Level 5:colcon.colcon_core.verb:set package 'engineer_urdf' build argument 'cmake_clean_cache' from command line to 'False'
[0.368s] Level 5:colcon.colcon_core.verb:set package 'engineer_urdf' build argument 'cmake_clean_first' from command line to 'False'
[0.368s] Level 5:colcon.colcon_core.verb:set package 'engineer_urdf' build argument 'cmake_force_configure' from command line to 'False'
[0.368s] Level 5:colcon.colcon_core.verb:set package 'engineer_urdf' build argument 'ament_cmake_args' from command line to 'None'
[0.368s] Level 5:colcon.colcon_core.verb:set package 'engineer_urdf' build argument 'catkin_cmake_args' from command line to 'None'
[0.368s] Level 5:colcon.colcon_core.verb:set package 'engineer_urdf' build argument 'catkin_skip_building_tests' from command line to 'False'
[0.368s] DEBUG:colcon.colcon_core.verb:Building package 'engineer_urdf' with the following arguments: {'ament_cmake_args': None, 'build_base': '/home/ubuntu/ws_engineer/build/engineer_urdf', 'catkin_cmake_args': None, 'catkin_skip_building_tests': False, 'cmake_args': None, 'cmake_clean_cache': False, 'cmake_clean_first': False, 'cmake_force_configure': False, 'cmake_target': None, 'cmake_target_skip_unavailable': False, 'install_base': '/home/ubuntu/ws_engineer/install/engineer_urdf', 'merge_install': False, 'path': '/home/ubuntu/ws_engineer/src/engineer_urdf', 'symlink_install': False, 'test_result_base': None}
[0.369s] Level 5:colcon.colcon_core.verb:set package 'engineer_config' build argument 'cmake_args' from command line to 'None'
[0.369s] Level 5:colcon.colcon_core.verb:set package 'engineer_config' build argument 'cmake_target' from command line to 'None'
[0.369s] Level 5:colcon.colcon_core.verb:set package 'engineer_config' build argument 'cmake_target_skip_unavailable' from command line to 'False'
[0.369s] Level 5:colcon.colcon_core.verb:set package 'engineer_config' build argument 'cmake_clean_cache' from command line to 'False'
[0.369s] Level 5:colcon.colcon_core.verb:set package 'engineer_config' build argument 'cmake_clean_first' from command line to 'False'
[0.369s] Level 5:colcon.colcon_core.verb:set package 'engineer_config' build argument 'cmake_force_configure' from command line to 'False'
[0.369s] Level 5:colcon.colcon_core.verb:set package 'engineer_config' build argument 'ament_cmake_args' from command line to 'None'
[0.369s] Level 5:colcon.colcon_core.verb:set package 'engineer_config' build argument 'catkin_cmake_args' from command line to 'None'
[0.369s] Level 5:colcon.colcon_core.verb:set package 'engineer_config' build argument 'catkin_skip_building_tests' from command line to 'False'
[0.369s] DEBUG:colcon.colcon_core.verb:Building package 'engineer_config' with the following arguments: {'ament_cmake_args': None, 'build_base': '/home/ubuntu/ws_engineer/build/engineer_config', 'catkin_cmake_args': None, 'catkin_skip_building_tests': False, 'cmake_args': None, 'cmake_clean_cache': False, 'cmake_clean_first': False, 'cmake_force_configure': False, 'cmake_target': None, 'cmake_target_skip_unavailable': False, 'install_base': '/home/ubuntu/ws_engineer/install/engineer_config', 'merge_install': False, 'path': '/home/ubuntu/ws_engineer/src/engineer_config', 'symlink_install': False, 'test_result_base': None}
[0.369s] Level 5:colcon.colcon_core.verb:set package 'engineer_protocol' build argument 'cmake_args' from command line to 'None'
[0.369s] Level 5:colcon.colcon_core.verb:set package 'engineer_protocol' build argument 'cmake_target' from command line to 'None'
[0.369s] Level 5:colcon.colcon_core.verb:set package 'engineer_protocol' build argument 'cmake_target_skip_unavailable' from command line to 'False'
[0.369s] Level 5:colcon.colcon_core.verb:set package 'engineer_protocol' build argument 'cmake_clean_cache' from command line to 'False'
[0.369s] Level 5:colcon.colcon_core.verb:set package 'engineer_protocol' build argument 'cmake_clean_first' from command line to 'False'
[0.369s] Level 5:colcon.colcon_core.verb:set package 'engineer_protocol' build argument 'cmake_force_configure' from command line to 'False'
[0.369s] Level 5:colcon.colcon_core.verb:set package 'engineer_protocol' build argument 'ament_cmake_args' from command line to 'None'
[0.369s] Level 5:colcon.colcon_core.verb:set package 'engineer_protocol' build argument 'catkin_cmake_args' from command line to 'None'
[0.369s] Level 5:colcon.colcon_core.verb:set package 'engineer_protocol' build argument 'catkin_skip_building_tests' from command line to 'False'
[0.369s] DEBUG:colcon.colcon_core.verb:Building package 'engineer_protocol' with the following arguments: {'ament_cmake_args': None, 'build_base': '/home/ubuntu/ws_engineer/build/engineer_protocol', 'catkin_cmake_args': None, 'catkin_skip_building_tests': False, 'cmake_args': None, 'cmake_clean_cache': False, 'cmake_clean_first': False, 'cmake_force_configure': False, 'cmake_target': None, 'cmake_target_skip_unavailable': False, 'install_base': '/home/ubuntu/ws_engineer/install/engineer_protocol', 'merge_install': False, 'path': '/home/ubuntu/ws_engineer/src/engineer_protocol', 'symlink_install': False, 'test_result_base': None}
[0.370s] Level 5:colcon.colcon_core.verb:set package 'moveit_demo' build argument 'cmake_args' from command line to 'None'
[0.370s] Level 5:colcon.colcon_core.verb:set package 'moveit_demo' build argument 'cmake_target' from command line to 'None'
[0.370s] Level 5:colcon.colcon_core.verb:set package 'moveit_demo' build argument 'cmake_target_skip_unavailable' from command line to 'False'
[0.370s] Level 5:colcon.colcon_core.verb:set package 'moveit_demo' build argument 'cmake_clean_cache' from command line to 'False'
[0.370s] Level 5:colcon.colcon_core.verb:set package 'moveit_demo' build argument 'cmake_clean_first' from command line to 'False'
[0.370s] Level 5:colcon.colcon_core.verb:set package 'moveit_demo' build argument 'cmake_force_configure' from command line to 'False'
[0.370s] Level 5:colcon.colcon_core.verb:set package 'moveit_demo' build argument 'ament_cmake_args' from command line to 'None'
[0.370s] Level 5:colcon.colcon_core.verb:set package 'moveit_demo' build argument 'catkin_cmake_args' from command line to 'None'
[0.370s] Level 5:colcon.colcon_core.verb:set package 'moveit_demo' build argument 'catkin_skip_building_tests' from command line to 'False'
[0.370s] DEBUG:colcon.colcon_core.verb:Building package 'moveit_demo' with the following arguments: {'ament_cmake_args': None, 'build_base': '/home/ubuntu/ws_engineer/build/moveit_demo', 'catkin_cmake_args': None, 'catkin_skip_building_tests': False, 'cmake_args': None, 'cmake_clean_cache': False, 'cmake_clean_first': False, 'cmake_force_configure': False, 'cmake_target': None, 'cmake_target_skip_unavailable': False, 'install_base': '/home/ubuntu/ws_engineer/install/moveit_demo', 'merge_install': False, 'path': '/home/ubuntu/ws_engineer/src/moveit_demo', 'symlink_install': False, 'test_result_base': None}
[0.370s] INFO:colcon.colcon_core.executor:Executing jobs using 'parallel' executor
[0.371s] DEBUG:colcon.colcon_parallel_executor.executor.parallel:run_until_complete
[0.371s] INFO:colcon.colcon_ros.task.ament_cmake.build:Building ROS package in '/home/ubuntu/ws_engineer/src/base_interfaces' with build type 'ament_cmake'
[0.371s] INFO:colcon.colcon_cmake.task.cmake.build:Building CMake package in '/home/ubuntu/ws_engineer/src/base_interfaces'
[0.373s] INFO:colcon.colcon_core.plugin_system:Skipping extension 'colcon_core.shell.bat': Not used on non-Windows systems
[0.373s] INFO:colcon.colcon_core.shell:Skip shell extension 'powershell' for command environment: Not usable outside of PowerShell
[0.373s] DEBUG:colcon.colcon_core.shell:Skip shell extension 'dsv' for command environment
[0.382s] INFO:colcon.colcon_ros.task.ament_cmake.build:Building ROS package in '/home/ubuntu/ws_engineer/src/engineer_urdf' with build type 'ament_cmake'
[0.382s] INFO:colcon.colcon_cmake.task.cmake.build:Building CMake package in '/home/ubuntu/ws_engineer/src/engineer_urdf'
[0.382s] INFO:colcon.colcon_core.shell:Skip shell extension 'powershell' for command environment: Not usable outside of PowerShell
[0.382s] DEBUG:colcon.colcon_core.shell:Skip shell extension 'dsv' for command environment
[0.395s] DEBUG:colcon.colcon_core.event_handler.log_command:Invoking command in '/home/ubuntu/ws_engineer/build/base_interfaces': CMAKE_PREFIX_PATH=${CMAKE_PREFIX_PATH}:/home/ubuntu/ws_moveit/install/moveit_configs_utils:/home/ubuntu/ws_moveit/install/launch_param_builder:/home/ubuntu/ws00_helloworld/install/pkg02_helloworld_py:/home/ubuntu/dev_ws/install/learning_urdf:/home/ubuntu/dev_ws/install/learning_topic:/home/ubuntu/dev_ws/install/learning_tf:/home/ubuntu/dev_ws/install/learning_service:/home/ubuntu/dev_ws/install/learning_qos:/home/ubuntu/dev_ws/install/learning_pkg_python:/home/ubuntu/dev_ws/install/learning_parameter:/home/ubuntu/dev_ws/install/learning_node:/home/ubuntu/dev_ws/install/learning_launch:/home/ubuntu/dev_ws/install/learning_action:/home/ubuntu/dev_ws/install/learning_gazebo_harmonic:/home/ubuntu/dev_ws/install/learning_gazebo:/home/ubuntu/dev_ws/install/learning_cv:/opt/ros/humble /usr/bin/cmake --build /home/ubuntu/ws_engineer/build/base_interfaces -- -j16 -l16
[0.398s] DEBUG:colcon.colcon_core.event_handler.log_command:Invoking command in '/home/ubuntu/ws_engineer/build/engineer_urdf': CMAKE_PREFIX_PATH=${CMAKE_PREFIX_PATH}:/home/ubuntu/ws_moveit/install/moveit_configs_utils:/home/ubuntu/ws_moveit/install/launch_param_builder:/home/ubuntu/ws00_helloworld/install/pkg02_helloworld_py:/home/ubuntu/dev_ws/install/learning_urdf:/home/ubuntu/dev_ws/install/learning_topic:/home/ubuntu/dev_ws/install/learning_tf:/home/ubuntu/dev_ws/install/learning_service:/home/ubuntu/dev_ws/install/learning_qos:/home/ubuntu/dev_ws/install/learning_pkg_python:/home/ubuntu/dev_ws/install/learning_parameter:/home/ubuntu/dev_ws/install/learning_node:/home/ubuntu/dev_ws/install/learning_launch:/home/ubuntu/dev_ws/install/learning_action:/home/ubuntu/dev_ws/install/learning_gazebo_harmonic:/home/ubuntu/dev_ws/install/learning_gazebo:/home/ubuntu/dev_ws/install/learning_cv:/opt/ros/humble /usr/bin/cmake --build /home/ubuntu/ws_engineer/build/engineer_urdf -- -j16 -l16
[0.496s] DEBUG:colcon.colcon_core.event_handler.log_command:Invoked command in '/home/ubuntu/ws_engineer/build/engineer_urdf' returned '0': CMAKE_PREFIX_PATH=${CMAKE_PREFIX_PATH}:/home/ubuntu/ws_moveit/install/moveit_configs_utils:/home/ubuntu/ws_moveit/install/launch_param_builder:/home/ubuntu/ws00_helloworld/install/pkg02_helloworld_py:/home/ubuntu/dev_ws/install/learning_urdf:/home/ubuntu/dev_ws/install/learning_topic:/home/ubuntu/dev_ws/install/learning_tf:/home/ubuntu/dev_ws/install/learning_service:/home/ubuntu/dev_ws/install/learning_qos:/home/ubuntu/dev_ws/install/learning_pkg_python:/home/ubuntu/dev_ws/install/learning_parameter:/home/ubuntu/dev_ws/install/learning_node:/home/ubuntu/dev_ws/install/learning_launch:/home/ubuntu/dev_ws/install/learning_action:/home/ubuntu/dev_ws/install/learning_gazebo_harmonic:/home/ubuntu/dev_ws/install/learning_gazebo:/home/ubuntu/dev_ws/install/learning_cv:/opt/ros/humble /usr/bin/cmake --build /home/ubuntu/ws_engineer/build/engineer_urdf -- -j16 -l16
[0.511s] DEBUG:colcon.colcon_core.event_handler.log_command:Invoking command in '/home/ubuntu/ws_engineer/build/engineer_urdf': CMAKE_PREFIX_PATH=${CMAKE_PREFIX_PATH}:/home/ubuntu/ws_moveit/install/moveit_configs_utils:/home/ubuntu/ws_moveit/install/launch_param_builder:/home/ubuntu/ws00_helloworld/install/pkg02_helloworld_py:/home/ubuntu/dev_ws/install/learning_urdf:/home/ubuntu/dev_ws/install/learning_topic:/home/ubuntu/dev_ws/install/learning_tf:/home/ubuntu/dev_ws/install/learning_service:/home/ubuntu/dev_ws/install/learning_qos:/home/ubuntu/dev_ws/install/learning_pkg_python:/home/ubuntu/dev_ws/install/learning_parameter:/home/ubuntu/dev_ws/install/learning_node:/home/ubuntu/dev_ws/install/learning_launch:/home/ubuntu/dev_ws/install/learning_action:/home/ubuntu/dev_ws/install/learning_gazebo_harmonic:/home/ubuntu/dev_ws/install/learning_gazebo:/home/ubuntu/dev_ws/install/learning_cv:/opt/ros/humble /usr/bin/cmake --install /home/ubuntu/ws_engineer/build/engineer_urdf
[0.525s] Level 1:colcon.colcon_core.environment:create_environment_scripts_only(engineer_urdf)
[0.526s] DEBUG:colcon.colcon_core.event_handler.log_command:Invoked command in '/home/ubuntu/ws_engineer/build/engineer_urdf' returned '0': CMAKE_PREFIX_PATH=${CMAKE_PREFIX_PATH}:/home/ubuntu/ws_moveit/install/moveit_configs_utils:/home/ubuntu/ws_moveit/install/launch_param_builder:/home/ubuntu/ws00_helloworld/install/pkg02_helloworld_py:/home/ubuntu/dev_ws/install/learning_urdf:/home/ubuntu/dev_ws/install/learning_topic:/home/ubuntu/dev_ws/install/learning_tf:/home/ubuntu/dev_ws/install/learning_service:/home/ubuntu/dev_ws/install/learning_qos:/home/ubuntu/dev_ws/install/learning_pkg_python:/home/ubuntu/dev_ws/install/learning_parameter:/home/ubuntu/dev_ws/install/learning_node:/home/ubuntu/dev_ws/install/learning_launch:/home/ubuntu/dev_ws/install/learning_action:/home/ubuntu/dev_ws/install/learning_gazebo_harmonic:/home/ubuntu/dev_ws/install/learning_gazebo:/home/ubuntu/dev_ws/install/learning_cv:/opt/ros/humble /usr/bin/cmake --install /home/ubuntu/ws_engineer/build/engineer_urdf
[0.528s] Level 1:colcon.colcon_core.environment:checking '/home/ubuntu/ws_engineer/install/engineer_urdf' for CMake module files
[0.528s] Level 1:colcon.colcon_core.environment:checking '/home/ubuntu/ws_engineer/install/engineer_urdf' for CMake config files
[0.529s] Level 1:colcon.colcon_core.shell:create_environment_hook('engineer_urdf', 'cmake_prefix_path')
[0.529s] INFO:colcon.colcon_core.shell:Creating environment hook '/home/ubuntu/ws_engineer/install/engineer_urdf/share/engineer_urdf/hook/cmake_prefix_path.ps1'
[0.529s] INFO:colcon.colcon_core.shell:Creating environment descriptor '/home/ubuntu/ws_engineer/install/engineer_urdf/share/engineer_urdf/hook/cmake_prefix_path.dsv'
[0.530s] INFO:colcon.colcon_core.shell:Creating environment hook '/home/ubuntu/ws_engineer/install/engineer_urdf/share/engineer_urdf/hook/cmake_prefix_path.sh'
[0.531s] Level 1:colcon.colcon_core.environment:checking '/home/ubuntu/ws_engineer/install/engineer_urdf/lib'
[0.531s] Level 1:colcon.colcon_core.environment:checking '/home/ubuntu/ws_engineer/install/engineer_urdf/bin'
[0.531s] Level 1:colcon.colcon_core.environment:checking '/home/ubuntu/ws_engineer/install/engineer_urdf/lib/pkgconfig/engineer_urdf.pc'
[0.531s] Level 1:colcon.colcon_core.environment:checking '/home/ubuntu/ws_engineer/install/engineer_urdf/lib/python3.10/site-packages'
[0.531s] Level 1:colcon.colcon_core.environment:checking '/home/ubuntu/ws_engineer/install/engineer_urdf/bin'
[0.531s] INFO:colcon.colcon_core.shell:Creating package script '/home/ubuntu/ws_engineer/install/engineer_urdf/share/engineer_urdf/package.ps1'
[0.532s] INFO:colcon.colcon_core.shell:Creating package descriptor '/home/ubuntu/ws_engineer/install/engineer_urdf/share/engineer_urdf/package.dsv'
[0.532s] INFO:colcon.colcon_core.shell:Creating package script '/home/ubuntu/ws_engineer/install/engineer_urdf/share/engineer_urdf/package.sh'
[0.533s] INFO:colcon.colcon_core.shell:Creating package script '/home/ubuntu/ws_engineer/install/engineer_urdf/share/engineer_urdf/package.bash'
[0.534s] INFO:colcon.colcon_core.shell:Creating package script '/home/ubuntu/ws_engineer/install/engineer_urdf/share/engineer_urdf/package.zsh'
[0.534s] Level 1:colcon.colcon_core.environment:create_file_with_runtime_dependencies(/home/ubuntu/ws_engineer/install/engineer_urdf/share/colcon-core/packages/engineer_urdf)
[0.535s] Level 1:colcon.colcon_core.environment:create_environment_scripts_only(engineer_urdf)
[0.535s] Level 1:colcon.colcon_core.environment:checking '/home/ubuntu/ws_engineer/install/engineer_urdf' for CMake module files
[0.535s] Level 1:colcon.colcon_core.environment:checking '/home/ubuntu/ws_engineer/install/engineer_urdf' for CMake config files
[0.535s] Level 1:colcon.colcon_core.shell:create_environment_hook('engineer_urdf', 'cmake_prefix_path')
[0.536s] INFO:colcon.colcon_core.shell:Creating environment hook '/home/ubuntu/ws_engineer/install/engineer_urdf/share/engineer_urdf/hook/cmake_prefix_path.ps1'
[0.536s] INFO:colcon.colcon_core.shell:Creating environment descriptor '/home/ubuntu/ws_engineer/install/engineer_urdf/share/engineer_urdf/hook/cmake_prefix_path.dsv'
[0.536s] INFO:colcon.colcon_core.shell:Creating environment hook '/home/ubuntu/ws_engineer/install/engineer_urdf/share/engineer_urdf/hook/cmake_prefix_path.sh'
[0.537s] Level 1:colcon.colcon_core.environment:checking '/home/ubuntu/ws_engineer/install/engineer_urdf/lib'
[0.537s] Level 1:colcon.colcon_core.environment:checking '/home/ubuntu/ws_engineer/install/engineer_urdf/bin'
[0.537s] Level 1:colcon.colcon_core.environment:checking '/home/ubuntu/ws_engineer/install/engineer_urdf/lib/pkgconfig/engineer_urdf.pc'
[0.537s] Level 1:colcon.colcon_core.environment:checking '/home/ubuntu/ws_engineer/install/engineer_urdf/lib/python3.10/site-packages'
[0.537s] Level 1:colcon.colcon_core.environment:checking '/home/ubuntu/ws_engineer/install/engineer_urdf/bin'
[0.537s] INFO:colcon.colcon_core.shell:Creating package script '/home/ubuntu/ws_engineer/install/engineer_urdf/share/engineer_urdf/package.ps1'
[0.538s] INFO:colcon.colcon_core.shell:Creating package descriptor '/home/ubuntu/ws_engineer/install/engineer_urdf/share/engineer_urdf/package.dsv'
[0.538s] INFO:colcon.colcon_core.shell:Creating package script '/home/ubuntu/ws_engineer/install/engineer_urdf/share/engineer_urdf/package.sh'
[0.538s] INFO:colcon.colcon_core.shell:Creating package script '/home/ubuntu/ws_engineer/install/engineer_urdf/share/engineer_urdf/package.bash'
[0.539s] INFO:colcon.colcon_core.shell:Creating package script '/home/ubuntu/ws_engineer/install/engineer_urdf/share/engineer_urdf/package.zsh'
[0.539s] Level 1:colcon.colcon_core.environment:create_file_with_runtime_dependencies(/home/ubuntu/ws_engineer/install/engineer_urdf/share/colcon-core/packages/engineer_urdf)
[0.539s] INFO:colcon.colcon_ros.task.ament_cmake.build:Building ROS package in '/home/ubuntu/ws_engineer/src/engineer_config' with build type 'ament_cmake'
[0.539s] INFO:colcon.colcon_cmake.task.cmake.build:Building CMake package in '/home/ubuntu/ws_engineer/src/engineer_config'
[0.540s] INFO:colcon.colcon_core.shell:Skip shell extension 'powershell' for command environment: Not usable outside of PowerShell
[0.540s] DEBUG:colcon.colcon_core.shell:Skip shell extension 'dsv' for command environment
[0.556s] DEBUG:colcon.colcon_core.event_handler.log_command:Invoking command in '/home/ubuntu/ws_engineer/build/engineer_config': CMAKE_PREFIX_PATH=/home/ubuntu/ws_engineer/install/engineer_urdf:/home/ubuntu/ws_engineer/install/moveit_demo:/home/ubuntu/ws_engineer/install/engineer_config:/home/ubuntu/ws_engineer/install/engineer_protocol:/home/ubuntu/ws_engineer/install/base_interfaces:/home/ubuntu/ws_moveit/install/pilz_industrial_motion_planner_testutils:/home/ubuntu/ws_moveit/install/moveit_runtime:/home/ubuntu/ws_moveit/install/moveit2_tutorials:/home/ubuntu/ws_moveit/install/moveit:/home/ubuntu/ws_moveit/install/moveit_planners:/home/ubuntu/ws_moveit/install/pilz_industrial_motion_planner:/home/ubuntu/ws_moveit/install/moveit_visual_tools:/home/ubuntu/ws_moveit/install/moveit_task_constructor_visualization:/home/ubuntu/ws_moveit/install/moveit_task_constructor_demo:/home/ubuntu/ws_moveit/install/moveit_task_constructor_capabilities:/home/ubuntu/ws_moveit/install/moveit_task_constructor_core:/home/ubuntu/ws_moveit/install/moveit_ros_control_interface:/home/ubuntu/ws_moveit/install/moveit_plugins:/home/ubuntu/ws_moveit/install/moveit_simple_controller_manager:/home/ubuntu/ws_moveit/install/moveit_setup_assistant:/home/ubuntu/ws_moveit/install/moveit_setup_srdf_plugins:/home/ubuntu/ws_moveit/install/moveit_setup_core_plugins:/home/ubuntu/ws_moveit/install/moveit_setup_controllers:/home/ubuntu/ws_moveit/install/moveit_setup_app_plugins:/home/ubuntu/ws_moveit/install/moveit_setup_framework:/home/ubuntu/ws_moveit/install/moveit_servo:/home/ubuntu/ws_moveit/install/moveit_ros:/home/ubuntu/ws_moveit/install/moveit_ros_visualization:/home/ubuntu/ws_moveit/install/moveit_hybrid_planning:/home/ubuntu/ws_moveit/install/moveit_ros_planning_interface:/home/ubuntu/ws_moveit/install/moveit_ros_benchmarks:/home/ubuntu/ws_moveit/install/moveit_ros_warehouse:/home/ubuntu/ws_moveit/install/moveit_ros_robot_interaction:/home/ubuntu/ws_moveit/install/moveit_ros_perception:/home/ubuntu/ws_moveit/install/moveit_resources_prbt_pg70_support:/home/ubuntu/ws_moveit/install/moveit_resources_prbt_moveit_config:/home/ubuntu/ws_moveit/install/moveit_ros_move_group:/home/ubuntu/ws_moveit/install/moveit_planners_ompl:/home/ubuntu/ws_moveit/install/moveit_ros_planning:/home/ubuntu/ws_moveit/install/moveit_ros_occupancy_map_monitor:/home/ubuntu/ws_moveit/install/moveit_resources_prbt_ikfast_manipulator_plugin:/home/ubuntu/ws_moveit/install/moveit_planners_chomp:/home/ubuntu/ws_moveit/install/moveit_kinematics:/home/ubuntu/ws_moveit/install/moveit_chomp_optimizer_adapter:/home/ubuntu/ws_moveit/install/chomp_motion_planner:/home/ubuntu/ws_moveit/install/moveit_core:/home/ubuntu/ws_moveit/install/srdfdom:/home/ubuntu/ws_moveit/install/rviz_marker_tools:/home/ubuntu/ws_moveit/install/rosparam_shortcuts:/home/ubuntu/ws_moveit/install/moveit_task_constructor_msgs:/home/ubuntu/ws_moveit/install/moveit_resources_prbt_support:/home/ubuntu/ws_moveit/install/moveit_resources:/home/ubuntu/ws_moveit/install/moveit_resources_pr2_description:/home/ubuntu/ws_moveit/install/moveit_resources_panda_moveit_config:/home/ubuntu/ws_moveit/install/moveit_resources_panda_description:/home/ubuntu/ws_moveit/install/moveit_resources_fanuc_moveit_config:/home/ubuntu/ws_moveit/install/moveit_resources_fanuc_description:/home/ubuntu/ws_moveit/install/moveit_common:/home/ubuntu/ws00_helloworld/install/pkg03_hellovscode_cpp:/home/ubuntu/ws00_helloworld/install/pkg01_helloworld_cpp:/home/ubuntu/dev_ws/install/learning_topic_cpp:/home/ubuntu/dev_ws/install/learning_tf_cpp:/home/ubuntu/dev_ws/install/learning_service_cpp:/home/ubuntu/dev_ws/install/learning_pkg_c:/home/ubuntu/dev_ws/install/learning_parameter_cpp:/home/ubuntu/dev_ws/install/learning_node_cpp:/home/ubuntu/dev_ws/install/learning_action_cpp:/home/ubuntu/dev_ws/install/learning_interface:/home/ubuntu/ws_moveit/install/moveit_configs_utils:/home/ubuntu/ws_moveit/install/launch_param_builder:/home/ubuntu/ws00_helloworld/install/pkg02_helloworld_py:/home/ubuntu/dev_ws/install/learning_urdf:/home/ubuntu/dev_ws/install/learning_topic:/home/ubuntu/dev_ws/install/learning_tf:/home/ubuntu/dev_ws/install/learning_service:/home/ubuntu/dev_ws/install/learning_qos:/home/ubuntu/dev_ws/install/learning_pkg_python:/home/ubuntu/dev_ws/install/learning_parameter:/home/ubuntu/dev_ws/install/learning_node:/home/ubuntu/dev_ws/install/learning_launch:/home/ubuntu/dev_ws/install/learning_action:/home/ubuntu/dev_ws/install/learning_gazebo_harmonic:/home/ubuntu/dev_ws/install/learning_gazebo:/home/ubuntu/dev_ws/install/learning_cv:/opt/ros/humble /usr/bin/cmake --build /home/ubuntu/ws_engineer/build/engineer_config -- -j16 -l16
[0.612s] DEBUG:colcon.colcon_core.event_handler.log_command:Invoked command in '/home/ubuntu/ws_engineer/build/engineer_config' returned '0': CMAKE_PREFIX_PATH=/home/ubuntu/ws_engineer/install/engineer_urdf:/home/ubuntu/ws_engineer/install/moveit_demo:/home/ubuntu/ws_engineer/install/engineer_config:/home/ubuntu/ws_engineer/install/engineer_protocol:/home/ubuntu/ws_engineer/install/base_interfaces:/home/ubuntu/ws_moveit/install/pilz_industrial_motion_planner_testutils:/home/ubuntu/ws_moveit/install/moveit_runtime:/home/ubuntu/ws_moveit/install/moveit2_tutorials:/home/ubuntu/ws_moveit/install/moveit:/home/ubuntu/ws_moveit/install/moveit_planners:/home/ubuntu/ws_moveit/install/pilz_industrial_motion_planner:/home/ubuntu/ws_moveit/install/moveit_visual_tools:/home/ubuntu/ws_moveit/install/moveit_task_constructor_visualization:/home/ubuntu/ws_moveit/install/moveit_task_constructor_demo:/home/ubuntu/ws_moveit/install/moveit_task_constructor_capabilities:/home/ubuntu/ws_moveit/install/moveit_task_constructor_core:/home/ubuntu/ws_moveit/install/moveit_ros_control_interface:/home/ubuntu/ws_moveit/install/moveit_plugins:/home/ubuntu/ws_moveit/install/moveit_simple_controller_manager:/home/ubuntu/ws_moveit/install/moveit_setup_assistant:/home/ubuntu/ws_moveit/install/moveit_setup_srdf_plugins:/home/ubuntu/ws_moveit/install/moveit_setup_core_plugins:/home/ubuntu/ws_moveit/install/moveit_setup_controllers:/home/ubuntu/ws_moveit/install/moveit_setup_app_plugins:/home/ubuntu/ws_moveit/install/moveit_setup_framework:/home/ubuntu/ws_moveit/install/moveit_servo:/home/ubuntu/ws_moveit/install/moveit_ros:/home/ubuntu/ws_moveit/install/moveit_ros_visualization:/home/ubuntu/ws_moveit/install/moveit_hybrid_planning:/home/ubuntu/ws_moveit/install/moveit_ros_planning_interface:/home/ubuntu/ws_moveit/install/moveit_ros_benchmarks:/home/ubuntu/ws_moveit/install/moveit_ros_warehouse:/home/ubuntu/ws_moveit/install/moveit_ros_robot_interaction:/home/ubuntu/ws_moveit/install/moveit_ros_perception:/home/ubuntu/ws_moveit/install/moveit_resources_prbt_pg70_support:/home/ubuntu/ws_moveit/install/moveit_resources_prbt_moveit_config:/home/ubuntu/ws_moveit/install/moveit_ros_move_group:/home/ubuntu/ws_moveit/install/moveit_planners_ompl:/home/ubuntu/ws_moveit/install/moveit_ros_planning:/home/ubuntu/ws_moveit/install/moveit_ros_occupancy_map_monitor:/home/ubuntu/ws_moveit/install/moveit_resources_prbt_ikfast_manipulator_plugin:/home/ubuntu/ws_moveit/install/moveit_planners_chomp:/home/ubuntu/ws_moveit/install/moveit_kinematics:/home/ubuntu/ws_moveit/install/moveit_chomp_optimizer_adapter:/home/ubuntu/ws_moveit/install/chomp_motion_planner:/home/ubuntu/ws_moveit/install/moveit_core:/home/ubuntu/ws_moveit/install/srdfdom:/home/ubuntu/ws_moveit/install/rviz_marker_tools:/home/ubuntu/ws_moveit/install/rosparam_shortcuts:/home/ubuntu/ws_moveit/install/moveit_task_constructor_msgs:/home/ubuntu/ws_moveit/install/moveit_resources_prbt_support:/home/ubuntu/ws_moveit/install/moveit_resources:/home/ubuntu/ws_moveit/install/moveit_resources_pr2_description:/home/ubuntu/ws_moveit/install/moveit_resources_panda_moveit_config:/home/ubuntu/ws_moveit/install/moveit_resources_panda_description:/home/ubuntu/ws_moveit/install/moveit_resources_fanuc_moveit_config:/home/ubuntu/ws_moveit/install/moveit_resources_fanuc_description:/home/ubuntu/ws_moveit/install/moveit_common:/home/ubuntu/ws00_helloworld/install/pkg03_hellovscode_cpp:/home/ubuntu/ws00_helloworld/install/pkg01_helloworld_cpp:/home/ubuntu/dev_ws/install/learning_topic_cpp:/home/ubuntu/dev_ws/install/learning_tf_cpp:/home/ubuntu/dev_ws/install/learning_service_cpp:/home/ubuntu/dev_ws/install/learning_pkg_c:/home/ubuntu/dev_ws/install/learning_parameter_cpp:/home/ubuntu/dev_ws/install/learning_node_cpp:/home/ubuntu/dev_ws/install/learning_action_cpp:/home/ubuntu/dev_ws/install/learning_interface:/home/ubuntu/ws_moveit/install/moveit_configs_utils:/home/ubuntu/ws_moveit/install/launch_param_builder:/home/ubuntu/ws00_helloworld/install/pkg02_helloworld_py:/home/ubuntu/dev_ws/install/learning_urdf:/home/ubuntu/dev_ws/install/learning_topic:/home/ubuntu/dev_ws/install/learning_tf:/home/ubuntu/dev_ws/install/learning_service:/home/ubuntu/dev_ws/install/learning_qos:/home/ubuntu/dev_ws/install/learning_pkg_python:/home/ubuntu/dev_ws/install/learning_parameter:/home/ubuntu/dev_ws/install/learning_node:/home/ubuntu/dev_ws/install/learning_launch:/home/ubuntu/dev_ws/install/learning_action:/home/ubuntu/dev_ws/install/learning_gazebo_harmonic:/home/ubuntu/dev_ws/install/learning_gazebo:/home/ubuntu/dev_ws/install/learning_cv:/opt/ros/humble /usr/bin/cmake --build /home/ubuntu/ws_engineer/build/engineer_config -- -j16 -l16
[0.614s] DEBUG:colcon.colcon_core.event_handler.log_command:Invoking command in '/home/ubuntu/ws_engineer/build/engineer_config': CMAKE_PREFIX_PATH=/home/ubuntu/ws_engineer/install/engineer_urdf:/home/ubuntu/ws_engineer/install/moveit_demo:/home/ubuntu/ws_engineer/install/engineer_config:/home/ubuntu/ws_engineer/install/engineer_protocol:/home/ubuntu/ws_engineer/install/base_interfaces:/home/ubuntu/ws_moveit/install/pilz_industrial_motion_planner_testutils:/home/ubuntu/ws_moveit/install/moveit_runtime:/home/ubuntu/ws_moveit/install/moveit2_tutorials:/home/ubuntu/ws_moveit/install/moveit:/home/ubuntu/ws_moveit/install/moveit_planners:/home/ubuntu/ws_moveit/install/pilz_industrial_motion_planner:/home/ubuntu/ws_moveit/install/moveit_visual_tools:/home/ubuntu/ws_moveit/install/moveit_task_constructor_visualization:/home/ubuntu/ws_moveit/install/moveit_task_constructor_demo:/home/ubuntu/ws_moveit/install/moveit_task_constructor_capabilities:/home/ubuntu/ws_moveit/install/moveit_task_constructor_core:/home/ubuntu/ws_moveit/install/moveit_ros_control_interface:/home/ubuntu/ws_moveit/install/moveit_plugins:/home/ubuntu/ws_moveit/install/moveit_simple_controller_manager:/home/ubuntu/ws_moveit/install/moveit_setup_assistant:/home/ubuntu/ws_moveit/install/moveit_setup_srdf_plugins:/home/ubuntu/ws_moveit/install/moveit_setup_core_plugins:/home/ubuntu/ws_moveit/install/moveit_setup_controllers:/home/ubuntu/ws_moveit/install/moveit_setup_app_plugins:/home/ubuntu/ws_moveit/install/moveit_setup_framework:/home/ubuntu/ws_moveit/install/moveit_servo:/home/ubuntu/ws_moveit/install/moveit_ros:/home/ubuntu/ws_moveit/install/moveit_ros_visualization:/home/ubuntu/ws_moveit/install/moveit_hybrid_planning:/home/ubuntu/ws_moveit/install/moveit_ros_planning_interface:/home/ubuntu/ws_moveit/install/moveit_ros_benchmarks:/home/ubuntu/ws_moveit/install/moveit_ros_warehouse:/home/ubuntu/ws_moveit/install/moveit_ros_robot_interaction:/home/ubuntu/ws_moveit/install/moveit_ros_perception:/home/ubuntu/ws_moveit/install/moveit_resources_prbt_pg70_support:/home/ubuntu/ws_moveit/install/moveit_resources_prbt_moveit_config:/home/ubuntu/ws_moveit/install/moveit_ros_move_group:/home/ubuntu/ws_moveit/install/moveit_planners_ompl:/home/ubuntu/ws_moveit/install/moveit_ros_planning:/home/ubuntu/ws_moveit/install/moveit_ros_occupancy_map_monitor:/home/ubuntu/ws_moveit/install/moveit_resources_prbt_ikfast_manipulator_plugin:/home/ubuntu/ws_moveit/install/moveit_planners_chomp:/home/ubuntu/ws_moveit/install/moveit_kinematics:/home/ubuntu/ws_moveit/install/moveit_chomp_optimizer_adapter:/home/ubuntu/ws_moveit/install/chomp_motion_planner:/home/ubuntu/ws_moveit/install/moveit_core:/home/ubuntu/ws_moveit/install/srdfdom:/home/ubuntu/ws_moveit/install/rviz_marker_tools:/home/ubuntu/ws_moveit/install/rosparam_shortcuts:/home/ubuntu/ws_moveit/install/moveit_task_constructor_msgs:/home/ubuntu/ws_moveit/install/moveit_resources_prbt_support:/home/ubuntu/ws_moveit/install/moveit_resources:/home/ubuntu/ws_moveit/install/moveit_resources_pr2_description:/home/ubuntu/ws_moveit/install/moveit_resources_panda_moveit_config:/home/ubuntu/ws_moveit/install/moveit_resources_panda_description:/home/ubuntu/ws_moveit/install/moveit_resources_fanuc_moveit_config:/home/ubuntu/ws_moveit/install/moveit_resources_fanuc_description:/home/ubuntu/ws_moveit/install/moveit_common:/home/ubuntu/ws00_helloworld/install/pkg03_hellovscode_cpp:/home/ubuntu/ws00_helloworld/install/pkg01_helloworld_cpp:/home/ubuntu/dev_ws/install/learning_topic_cpp:/home/ubuntu/dev_ws/install/learning_tf_cpp:/home/ubuntu/dev_ws/install/learning_service_cpp:/home/ubuntu/dev_ws/install/learning_pkg_c:/home/ubuntu/dev_ws/install/learning_parameter_cpp:/home/ubuntu/dev_ws/install/learning_node_cpp:/home/ubuntu/dev_ws/install/learning_action_cpp:/home/ubuntu/dev_ws/install/learning_interface:/home/ubuntu/ws_moveit/install/moveit_configs_utils:/home/ubuntu/ws_moveit/install/launch_param_builder:/home/ubuntu/ws00_helloworld/install/pkg02_helloworld_py:/home/ubuntu/dev_ws/install/learning_urdf:/home/ubuntu/dev_ws/install/learning_topic:/home/ubuntu/dev_ws/install/learning_tf:/home/ubuntu/dev_ws/install/learning_service:/home/ubuntu/dev_ws/install/learning_qos:/home/ubuntu/dev_ws/install/learning_pkg_python:/home/ubuntu/dev_ws/install/learning_parameter:/home/ubuntu/dev_ws/install/learning_node:/home/ubuntu/dev_ws/install/learning_launch:/home/ubuntu/dev_ws/install/learning_action:/home/ubuntu/dev_ws/install/learning_gazebo_harmonic:/home/ubuntu/dev_ws/install/learning_gazebo:/home/ubuntu/dev_ws/install/learning_cv:/opt/ros/humble /usr/bin/cmake --install /home/ubuntu/ws_engineer/build/engineer_config
[0.626s] Level 1:colcon.colcon_core.environment:create_environment_scripts_only(engineer_config)
[0.626s] Level 1:colcon.colcon_core.environment:checking '/home/ubuntu/ws_engineer/install/engineer_config' for CMake module files
[0.626s] DEBUG:colcon.colcon_core.event_handler.log_command:Invoked command in '/home/ubuntu/ws_engineer/build/engineer_config' returned '0': CMAKE_PREFIX_PATH=/home/ubuntu/ws_engineer/install/engineer_urdf:/home/ubuntu/ws_engineer/install/moveit_demo:/home/ubuntu/ws_engineer/install/engineer_config:/home/ubuntu/ws_engineer/install/engineer_protocol:/home/ubuntu/ws_engineer/install/base_interfaces:/home/ubuntu/ws_moveit/install/pilz_industrial_motion_planner_testutils:/home/ubuntu/ws_moveit/install/moveit_runtime:/home/ubuntu/ws_moveit/install/moveit2_tutorials:/home/ubuntu/ws_moveit/install/moveit:/home/ubuntu/ws_moveit/install/moveit_planners:/home/ubuntu/ws_moveit/install/pilz_industrial_motion_planner:/home/ubuntu/ws_moveit/install/moveit_visual_tools:/home/ubuntu/ws_moveit/install/moveit_task_constructor_visualization:/home/ubuntu/ws_moveit/install/moveit_task_constructor_demo:/home/ubuntu/ws_moveit/install/moveit_task_constructor_capabilities:/home/ubuntu/ws_moveit/install/moveit_task_constructor_core:/home/ubuntu/ws_moveit/install/moveit_ros_control_interface:/home/ubuntu/ws_moveit/install/moveit_plugins:/home/ubuntu/ws_moveit/install/moveit_simple_controller_manager:/home/ubuntu/ws_moveit/install/moveit_setup_assistant:/home/ubuntu/ws_moveit/install/moveit_setup_srdf_plugins:/home/ubuntu/ws_moveit/install/moveit_setup_core_plugins:/home/ubuntu/ws_moveit/install/moveit_setup_controllers:/home/ubuntu/ws_moveit/install/moveit_setup_app_plugins:/home/ubuntu/ws_moveit/install/moveit_setup_framework:/home/ubuntu/ws_moveit/install/moveit_servo:/home/ubuntu/ws_moveit/install/moveit_ros:/home/ubuntu/ws_moveit/install/moveit_ros_visualization:/home/ubuntu/ws_moveit/install/moveit_hybrid_planning:/home/ubuntu/ws_moveit/install/moveit_ros_planning_interface:/home/ubuntu/ws_moveit/install/moveit_ros_benchmarks:/home/ubuntu/ws_moveit/install/moveit_ros_warehouse:/home/ubuntu/ws_moveit/install/moveit_ros_robot_interaction:/home/ubuntu/ws_moveit/install/moveit_ros_perception:/home/ubuntu/ws_moveit/install/moveit_resources_prbt_pg70_support:/home/ubuntu/ws_moveit/install/moveit_resources_prbt_moveit_config:/home/ubuntu/ws_moveit/install/moveit_ros_move_group:/home/ubuntu/ws_moveit/install/moveit_planners_ompl:/home/ubuntu/ws_moveit/install/moveit_ros_planning:/home/ubuntu/ws_moveit/install/moveit_ros_occupancy_map_monitor:/home/ubuntu/ws_moveit/install/moveit_resources_prbt_ikfast_manipulator_plugin:/home/ubuntu/ws_moveit/install/moveit_planners_chomp:/home/ubuntu/ws_moveit/install/moveit_kinematics:/home/ubuntu/ws_moveit/install/moveit_chomp_optimizer_adapter:/home/ubuntu/ws_moveit/install/chomp_motion_planner:/home/ubuntu/ws_moveit/install/moveit_core:/home/ubuntu/ws_moveit/install/srdfdom:/home/ubuntu/ws_moveit/install/rviz_marker_tools:/home/ubuntu/ws_moveit/install/rosparam_shortcuts:/home/ubuntu/ws_moveit/install/moveit_task_constructor_msgs:/home/ubuntu/ws_moveit/install/moveit_resources_prbt_support:/home/ubuntu/ws_moveit/install/moveit_resources:/home/ubuntu/ws_moveit/install/moveit_resources_pr2_description:/home/ubuntu/ws_moveit/install/moveit_resources_panda_moveit_config:/home/ubuntu/ws_moveit/install/moveit_resources_panda_description:/home/ubuntu/ws_moveit/install/moveit_resources_fanuc_moveit_config:/home/ubuntu/ws_moveit/install/moveit_resources_fanuc_description:/home/ubuntu/ws_moveit/install/moveit_common:/home/ubuntu/ws00_helloworld/install/pkg03_hellovscode_cpp:/home/ubuntu/ws00_helloworld/install/pkg01_helloworld_cpp:/home/ubuntu/dev_ws/install/learning_topic_cpp:/home/ubuntu/dev_ws/install/learning_tf_cpp:/home/ubuntu/dev_ws/install/learning_service_cpp:/home/ubuntu/dev_ws/install/learning_pkg_c:/home/ubuntu/dev_ws/install/learning_parameter_cpp:/home/ubuntu/dev_ws/install/learning_node_cpp:/home/ubuntu/dev_ws/install/learning_action_cpp:/home/ubuntu/dev_ws/install/learning_interface:/home/ubuntu/ws_moveit/install/moveit_configs_utils:/home/ubuntu/ws_moveit/install/launch_param_builder:/home/ubuntu/ws00_helloworld/install/pkg02_helloworld_py:/home/ubuntu/dev_ws/install/learning_urdf:/home/ubuntu/dev_ws/install/learning_topic:/home/ubuntu/dev_ws/install/learning_tf:/home/ubuntu/dev_ws/install/learning_service:/home/ubuntu/dev_ws/install/learning_qos:/home/ubuntu/dev_ws/install/learning_pkg_python:/home/ubuntu/dev_ws/install/learning_parameter:/home/ubuntu/dev_ws/install/learning_node:/home/ubuntu/dev_ws/install/learning_launch:/home/ubuntu/dev_ws/install/learning_action:/home/ubuntu/dev_ws/install/learning_gazebo_harmonic:/home/ubuntu/dev_ws/install/learning_gazebo:/home/ubuntu/dev_ws/install/learning_cv:/opt/ros/humble /usr/bin/cmake --install /home/ubuntu/ws_engineer/build/engineer_config
[0.627s] Level 1:colcon.colcon_core.environment:checking '/home/ubuntu/ws_engineer/install/engineer_config' for CMake config files
[0.627s] Level 1:colcon.colcon_core.shell:create_environment_hook('engineer_config', 'cmake_prefix_path')
[0.627s] INFO:colcon.colcon_core.shell:Creating environment hook '/home/ubuntu/ws_engineer/install/engineer_config/share/engineer_config/hook/cmake_prefix_path.ps1'
[0.628s] INFO:colcon.colcon_core.shell:Creating environment descriptor '/home/ubuntu/ws_engineer/install/engineer_config/share/engineer_config/hook/cmake_prefix_path.dsv'
[0.628s] INFO:colcon.colcon_core.shell:Creating environment hook '/home/ubuntu/ws_engineer/install/engineer_config/share/engineer_config/hook/cmake_prefix_path.sh'
[0.629s] Level 1:colcon.colcon_core.environment:checking '/home/ubuntu/ws_engineer/install/engineer_config/bin'
[0.629s] Level 1:colcon.colcon_core.environment:checking '/home/ubuntu/ws_engineer/install/engineer_config/lib/pkgconfig/engineer_config.pc'
[0.629s] Level 1:colcon.colcon_core.environment:checking '/home/ubuntu/ws_engineer/install/engineer_config/lib/python3.10/site-packages'
[0.629s] Level 1:colcon.colcon_core.environment:checking '/home/ubuntu/ws_engineer/install/engineer_config/bin'
[0.629s] INFO:colcon.colcon_core.shell:Creating package script '/home/ubuntu/ws_engineer/install/engineer_config/share/engineer_config/package.ps1'
[0.630s] INFO:colcon.colcon_core.shell:Creating package descriptor '/home/ubuntu/ws_engineer/install/engineer_config/share/engineer_config/package.dsv'
[0.630s] INFO:colcon.colcon_core.shell:Creating package script '/home/ubuntu/ws_engineer/install/engineer_config/share/engineer_config/package.sh'
[0.630s] INFO:colcon.colcon_core.shell:Creating package script '/home/ubuntu/ws_engineer/install/engineer_config/share/engineer_config/package.bash'
[0.631s] INFO:colcon.colcon_core.shell:Creating package script '/home/ubuntu/ws_engineer/install/engineer_config/share/engineer_config/package.zsh'
[0.631s] Level 1:colcon.colcon_core.environment:create_file_with_runtime_dependencies(/home/ubuntu/ws_engineer/install/engineer_config/share/colcon-core/packages/engineer_config)
[0.631s] Level 1:colcon.colcon_core.environment:create_environment_scripts_only(engineer_config)
[0.632s] Level 1:colcon.colcon_core.environment:checking '/home/ubuntu/ws_engineer/install/engineer_config' for CMake module files
[0.632s] Level 1:colcon.colcon_core.environment:checking '/home/ubuntu/ws_engineer/install/engineer_config' for CMake config files
[0.632s] Level 1:colcon.colcon_core.shell:create_environment_hook('engineer_config', 'cmake_prefix_path')
[0.632s] INFO:colcon.colcon_core.shell:Creating environment hook '/home/ubuntu/ws_engineer/install/engineer_config/share/engineer_config/hook/cmake_prefix_path.ps1'
[0.633s] INFO:colcon.colcon_core.shell:Creating environment descriptor '/home/ubuntu/ws_engineer/install/engineer_config/share/engineer_config/hook/cmake_prefix_path.dsv'
[0.633s] INFO:colcon.colcon_core.shell:Creating environment hook '/home/ubuntu/ws_engineer/install/engineer_config/share/engineer_config/hook/cmake_prefix_path.sh'
[0.633s] Level 1:colcon.colcon_core.environment:checking '/home/ubuntu/ws_engineer/install/engineer_config/bin'
[0.633s] Level 1:colcon.colcon_core.environment:checking '/home/ubuntu/ws_engineer/install/engineer_config/lib/pkgconfig/engineer_config.pc'
[0.634s] Level 1:colcon.colcon_core.environment:checking '/home/ubuntu/ws_engineer/install/engineer_config/lib/python3.10/site-packages'
[0.634s] Level 1:colcon.colcon_core.environment:checking '/home/ubuntu/ws_engineer/install/engineer_config/bin'
[0.634s] INFO:colcon.colcon_core.shell:Creating package script '/home/ubuntu/ws_engineer/install/engineer_config/share/engineer_config/package.ps1'
[0.635s] INFO:colcon.colcon_core.shell:Creating package descriptor '/home/ubuntu/ws_engineer/install/engineer_config/share/engineer_config/package.dsv'
[0.635s] INFO:colcon.colcon_core.shell:Creating package script '/home/ubuntu/ws_engineer/install/engineer_config/share/engineer_config/package.sh'
[0.635s] INFO:colcon.colcon_core.shell:Creating package script '/home/ubuntu/ws_engineer/install/engineer_config/share/engineer_config/package.bash'
[0.636s] INFO:colcon.colcon_core.shell:Creating package script '/home/ubuntu/ws_engineer/install/engineer_config/share/engineer_config/package.zsh'
[0.636s] Level 1:colcon.colcon_core.environment:create_file_with_runtime_dependencies(/home/ubuntu/ws_engineer/install/engineer_config/share/colcon-core/packages/engineer_config)
[0.787s] DEBUG:colcon.colcon_core.event_handler.log_command:Invoked command in '/home/ubuntu/ws_engineer/build/base_interfaces' returned '0': CMAKE_PREFIX_PATH=${CMAKE_PREFIX_PATH}:/home/ubuntu/ws_moveit/install/moveit_configs_utils:/home/ubuntu/ws_moveit/install/launch_param_builder:/home/ubuntu/ws00_helloworld/install/pkg02_helloworld_py:/home/ubuntu/dev_ws/install/learning_urdf:/home/ubuntu/dev_ws/install/learning_topic:/home/ubuntu/dev_ws/install/learning_tf:/home/ubuntu/dev_ws/install/learning_service:/home/ubuntu/dev_ws/install/learning_qos:/home/ubuntu/dev_ws/install/learning_pkg_python:/home/ubuntu/dev_ws/install/learning_parameter:/home/ubuntu/dev_ws/install/learning_node:/home/ubuntu/dev_ws/install/learning_launch:/home/ubuntu/dev_ws/install/learning_action:/home/ubuntu/dev_ws/install/learning_gazebo_harmonic:/home/ubuntu/dev_ws/install/learning_gazebo:/home/ubuntu/dev_ws/install/learning_cv:/opt/ros/humble /usr/bin/cmake --build /home/ubuntu/ws_engineer/build/base_interfaces -- -j16 -l16
[0.789s] DEBUG:colcon.colcon_core.event_handler.log_command:Invoking command in '/home/ubuntu/ws_engineer/build/base_interfaces': CMAKE_PREFIX_PATH=${CMAKE_PREFIX_PATH}:/home/ubuntu/ws_moveit/install/moveit_configs_utils:/home/ubuntu/ws_moveit/install/launch_param_builder:/home/ubuntu/ws00_helloworld/install/pkg02_helloworld_py:/home/ubuntu/dev_ws/install/learning_urdf:/home/ubuntu/dev_ws/install/learning_topic:/home/ubuntu/dev_ws/install/learning_tf:/home/ubuntu/dev_ws/install/learning_service:/home/ubuntu/dev_ws/install/learning_qos:/home/ubuntu/dev_ws/install/learning_pkg_python:/home/ubuntu/dev_ws/install/learning_parameter:/home/ubuntu/dev_ws/install/learning_node:/home/ubuntu/dev_ws/install/learning_launch:/home/ubuntu/dev_ws/install/learning_action:/home/ubuntu/dev_ws/install/learning_gazebo_harmonic:/home/ubuntu/dev_ws/install/learning_gazebo:/home/ubuntu/dev_ws/install/learning_cv:/opt/ros/humble /usr/bin/cmake --install /home/ubuntu/ws_engineer/build/base_interfaces
[0.851s] Level 1:colcon.colcon_core.environment:create_environment_scripts_only(base_interfaces)
[0.851s] Level 1:colcon.colcon_core.environment:checking '/home/ubuntu/ws_engineer/install/base_interfaces' for CMake module files
[0.852s] DEBUG:colcon.colcon_core.event_handler.log_command:Invoked command in '/home/ubuntu/ws_engineer/build/base_interfaces' returned '0': CMAKE_PREFIX_PATH=${CMAKE_PREFIX_PATH}:/home/ubuntu/ws_moveit/install/moveit_configs_utils:/home/ubuntu/ws_moveit/install/launch_param_builder:/home/ubuntu/ws00_helloworld/install/pkg02_helloworld_py:/home/ubuntu/dev_ws/install/learning_urdf:/home/ubuntu/dev_ws/install/learning_topic:/home/ubuntu/dev_ws/install/learning_tf:/home/ubuntu/dev_ws/install/learning_service:/home/ubuntu/dev_ws/install/learning_qos:/home/ubuntu/dev_ws/install/learning_pkg_python:/home/ubuntu/dev_ws/install/learning_parameter:/home/ubuntu/dev_ws/install/learning_node:/home/ubuntu/dev_ws/install/learning_launch:/home/ubuntu/dev_ws/install/learning_action:/home/ubuntu/dev_ws/install/learning_gazebo_harmonic:/home/ubuntu/dev_ws/install/learning_gazebo:/home/ubuntu/dev_ws/install/learning_cv:/opt/ros/humble /usr/bin/cmake --install /home/ubuntu/ws_engineer/build/base_interfaces
[0.852s] Level 1:colcon.colcon_core.environment:checking '/home/ubuntu/ws_engineer/install/base_interfaces' for CMake config files
[0.852s] Level 1:colcon.colcon_core.shell:create_environment_hook('base_interfaces', 'cmake_prefix_path')
[0.853s] INFO:colcon.colcon_core.shell:Creating environment hook '/home/ubuntu/ws_engineer/install/base_interfaces/share/base_interfaces/hook/cmake_prefix_path.ps1'
[0.853s] INFO:colcon.colcon_core.shell:Creating environment descriptor '/home/ubuntu/ws_engineer/install/base_interfaces/share/base_interfaces/hook/cmake_prefix_path.dsv'
[0.853s] INFO:colcon.colcon_core.shell:Creating environment hook '/home/ubuntu/ws_engineer/install/base_interfaces/share/base_interfaces/hook/cmake_prefix_path.sh'
[0.854s] Level 1:colcon.colcon_core.environment:checking '/home/ubuntu/ws_engineer/install/base_interfaces/lib'
[0.854s] Level 1:colcon.colcon_core.shell:create_environment_hook('base_interfaces', 'ld_library_path_lib')
[0.854s] INFO:colcon.colcon_core.shell:Creating environment hook '/home/ubuntu/ws_engineer/install/base_interfaces/share/base_interfaces/hook/ld_library_path_lib.ps1'
[0.854s] INFO:colcon.colcon_core.shell:Creating environment descriptor '/home/ubuntu/ws_engineer/install/base_interfaces/share/base_interfaces/hook/ld_library_path_lib.dsv'
[0.855s] INFO:colcon.colcon_core.shell:Creating environment hook '/home/ubuntu/ws_engineer/install/base_interfaces/share/base_interfaces/hook/ld_library_path_lib.sh'
[0.855s] Level 1:colcon.colcon_core.environment:checking '/home/ubuntu/ws_engineer/install/base_interfaces/bin'
[0.855s] Level 1:colcon.colcon_core.environment:checking '/home/ubuntu/ws_engineer/install/base_interfaces/lib/pkgconfig/base_interfaces.pc'
[0.855s] Level 1:colcon.colcon_core.environment:checking '/home/ubuntu/ws_engineer/install/base_interfaces/lib/python3.10/site-packages'
[0.855s] Level 1:colcon.colcon_core.environment:checking '/home/ubuntu/ws_engineer/install/base_interfaces/bin'
[0.855s] INFO:colcon.colcon_core.shell:Creating package script '/home/ubuntu/ws_engineer/install/base_interfaces/share/base_interfaces/package.ps1'
[0.856s] INFO:colcon.colcon_core.shell:Creating package descriptor '/home/ubuntu/ws_engineer/install/base_interfaces/share/base_interfaces/package.dsv'
[0.856s] INFO:colcon.colcon_core.shell:Creating package script '/home/ubuntu/ws_engineer/install/base_interfaces/share/base_interfaces/package.sh'
[0.856s] INFO:colcon.colcon_core.shell:Creating package script '/home/ubuntu/ws_engineer/install/base_interfaces/share/base_interfaces/package.bash'
[0.857s] INFO:colcon.colcon_core.shell:Creating package script '/home/ubuntu/ws_engineer/install/base_interfaces/share/base_interfaces/package.zsh'
[0.857s] Level 1:colcon.colcon_core.environment:create_file_with_runtime_dependencies(/home/ubuntu/ws_engineer/install/base_interfaces/share/colcon-core/packages/base_interfaces)
[0.857s] Level 1:colcon.colcon_core.environment:create_environment_scripts_only(base_interfaces)
[0.858s] Level 1:colcon.colcon_core.environment:checking '/home/ubuntu/ws_engineer/install/base_interfaces' for CMake module files
[0.858s] Level 1:colcon.colcon_core.environment:checking '/home/ubuntu/ws_engineer/install/base_interfaces' for CMake config files
[0.858s] Level 1:colcon.colcon_core.shell:create_environment_hook('base_interfaces', 'cmake_prefix_path')
[0.859s] INFO:colcon.colcon_core.shell:Creating environment hook '/home/ubuntu/ws_engineer/install/base_interfaces/share/base_interfaces/hook/cmake_prefix_path.ps1'
[0.859s] INFO:colcon.colcon_core.shell:Creating environment descriptor '/home/ubuntu/ws_engineer/install/base_interfaces/share/base_interfaces/hook/cmake_prefix_path.dsv'
[0.859s] INFO:colcon.colcon_core.shell:Creating environment hook '/home/ubuntu/ws_engineer/install/base_interfaces/share/base_interfaces/hook/cmake_prefix_path.sh'
[0.859s] Level 1:colcon.colcon_core.environment:checking '/home/ubuntu/ws_engineer/install/base_interfaces/lib'
[0.860s] Level 1:colcon.colcon_core.shell:create_environment_hook('base_interfaces', 'ld_library_path_lib')
[0.860s] INFO:colcon.colcon_core.shell:Creating environment hook '/home/ubuntu/ws_engineer/install/base_interfaces/share/base_interfaces/hook/ld_library_path_lib.ps1'
[0.860s] INFO:colcon.colcon_core.shell:Creating environment descriptor '/home/ubuntu/ws_engineer/install/base_interfaces/share/base_interfaces/hook/ld_library_path_lib.dsv'
[0.860s] INFO:colcon.colcon_core.shell:Creating environment hook '/home/ubuntu/ws_engineer/install/base_interfaces/share/base_interfaces/hook/ld_library_path_lib.sh'
[0.861s] Level 1:colcon.colcon_core.environment:checking '/home/ubuntu/ws_engineer/install/base_interfaces/bin'
[0.861s] Level 1:colcon.colcon_core.environment:checking '/home/ubuntu/ws_engineer/install/base_interfaces/lib/pkgconfig/base_interfaces.pc'
[0.861s] Level 1:colcon.colcon_core.environment:checking '/home/ubuntu/ws_engineer/install/base_interfaces/lib/python3.10/site-packages'
[0.861s] Level 1:colcon.colcon_core.environment:checking '/home/ubuntu/ws_engineer/install/base_interfaces/bin'
[0.861s] INFO:colcon.colcon_core.shell:Creating package script '/home/ubuntu/ws_engineer/install/base_interfaces/share/base_interfaces/package.ps1'
[0.862s] INFO:colcon.colcon_core.shell:Creating package descriptor '/home/ubuntu/ws_engineer/install/base_interfaces/share/base_interfaces/package.dsv'
[0.862s] INFO:colcon.colcon_core.shell:Creating package script '/home/ubuntu/ws_engineer/install/base_interfaces/share/base_interfaces/package.sh'
[0.863s] INFO:colcon.colcon_core.shell:Creating package script '/home/ubuntu/ws_engineer/install/base_interfaces/share/base_interfaces/package.bash'
[0.863s] INFO:colcon.colcon_core.shell:Creating package script '/home/ubuntu/ws_engineer/install/base_interfaces/share/base_interfaces/package.zsh'
[0.863s] Level 1:colcon.colcon_core.environment:create_file_with_runtime_dependencies(/home/ubuntu/ws_engineer/install/base_interfaces/share/colcon-core/packages/base_interfaces)
[0.864s] INFO:colcon.colcon_ros.task.ament_cmake.build:Building ROS package in '/home/ubuntu/ws_engineer/src/engineer_protocol' with build type 'ament_cmake'
[0.864s] INFO:colcon.colcon_cmake.task.cmake.build:Building CMake package in '/home/ubuntu/ws_engineer/src/engineer_protocol'
[0.864s] INFO:colcon.colcon_core.shell:Skip shell extension 'powershell' for command environment: Not usable outside of PowerShell
[0.864s] DEBUG:colcon.colcon_core.shell:Skip shell extension 'dsv' for command environment
[0.873s] INFO:colcon.colcon_ros.task.ament_cmake.build:Building ROS package in '/home/ubuntu/ws_engineer/src/moveit_demo' with build type 'ament_cmake'
[0.873s] INFO:colcon.colcon_cmake.task.cmake.build:Building CMake package in '/home/ubuntu/ws_engineer/src/moveit_demo'
[0.873s] INFO:colcon.colcon_core.shell:Skip shell extension 'powershell' for command environment: Not usable outside of PowerShell
[0.873s] DEBUG:colcon.colcon_core.shell:Skip shell extension 'dsv' for command environment
[0.885s] DEBUG:colcon.colcon_core.event_handler.log_command:Invoking command in '/home/ubuntu/ws_engineer/build/engineer_protocol': CMAKE_PREFIX_PATH=/home/ubuntu/ws_engineer/install/base_interfaces:/home/ubuntu/ws_engineer/install/moveit_demo:/home/ubuntu/ws_engineer/install/engineer_config:/home/ubuntu/ws_engineer/install/engineer_urdf:/home/ubuntu/ws_engineer/install/engineer_protocol:/home/ubuntu/ws_moveit/install/pilz_industrial_motion_planner_testutils:/home/ubuntu/ws_moveit/install/moveit_runtime:/home/ubuntu/ws_moveit/install/moveit2_tutorials:/home/ubuntu/ws_moveit/install/moveit:/home/ubuntu/ws_moveit/install/moveit_planners:/home/ubuntu/ws_moveit/install/pilz_industrial_motion_planner:/home/ubuntu/ws_moveit/install/moveit_visual_tools:/home/ubuntu/ws_moveit/install/moveit_task_constructor_visualization:/home/ubuntu/ws_moveit/install/moveit_task_constructor_demo:/home/ubuntu/ws_moveit/install/moveit_task_constructor_capabilities:/home/ubuntu/ws_moveit/install/moveit_task_constructor_core:/home/ubuntu/ws_moveit/install/moveit_ros_control_interface:/home/ubuntu/ws_moveit/install/moveit_plugins:/home/ubuntu/ws_moveit/install/moveit_simple_controller_manager:/home/ubuntu/ws_moveit/install/moveit_setup_assistant:/home/ubuntu/ws_moveit/install/moveit_setup_srdf_plugins:/home/ubuntu/ws_moveit/install/moveit_setup_core_plugins:/home/ubuntu/ws_moveit/install/moveit_setup_controllers:/home/ubuntu/ws_moveit/install/moveit_setup_app_plugins:/home/ubuntu/ws_moveit/install/moveit_setup_framework:/home/ubuntu/ws_moveit/install/moveit_servo:/home/ubuntu/ws_moveit/install/moveit_ros:/home/ubuntu/ws_moveit/install/moveit_ros_visualization:/home/ubuntu/ws_moveit/install/moveit_hybrid_planning:/home/ubuntu/ws_moveit/install/moveit_ros_planning_interface:/home/ubuntu/ws_moveit/install/moveit_ros_benchmarks:/home/ubuntu/ws_moveit/install/moveit_ros_warehouse:/home/ubuntu/ws_moveit/install/moveit_ros_robot_interaction:/home/ubuntu/ws_moveit/install/moveit_ros_perception:/home/ubuntu/ws_moveit/install/moveit_resources_prbt_pg70_support:/home/ubuntu/ws_moveit/install/moveit_resources_prbt_moveit_config:/home/ubuntu/ws_moveit/install/moveit_ros_move_group:/home/ubuntu/ws_moveit/install/moveit_planners_ompl:/home/ubuntu/ws_moveit/install/moveit_ros_planning:/home/ubuntu/ws_moveit/install/moveit_ros_occupancy_map_monitor:/home/ubuntu/ws_moveit/install/moveit_resources_prbt_ikfast_manipulator_plugin:/home/ubuntu/ws_moveit/install/moveit_planners_chomp:/home/ubuntu/ws_moveit/install/moveit_kinematics:/home/ubuntu/ws_moveit/install/moveit_chomp_optimizer_adapter:/home/ubuntu/ws_moveit/install/chomp_motion_planner:/home/ubuntu/ws_moveit/install/moveit_core:/home/ubuntu/ws_moveit/install/srdfdom:/home/ubuntu/ws_moveit/install/rviz_marker_tools:/home/ubuntu/ws_moveit/install/rosparam_shortcuts:/home/ubuntu/ws_moveit/install/moveit_task_constructor_msgs:/home/ubuntu/ws_moveit/install/moveit_resources_prbt_support:/home/ubuntu/ws_moveit/install/moveit_resources:/home/ubuntu/ws_moveit/install/moveit_resources_pr2_description:/home/ubuntu/ws_moveit/install/moveit_resources_panda_moveit_config:/home/ubuntu/ws_moveit/install/moveit_resources_panda_description:/home/ubuntu/ws_moveit/install/moveit_resources_fanuc_moveit_config:/home/ubuntu/ws_moveit/install/moveit_resources_fanuc_description:/home/ubuntu/ws_moveit/install/moveit_common:/home/ubuntu/ws00_helloworld/install/pkg03_hellovscode_cpp:/home/ubuntu/ws00_helloworld/install/pkg01_helloworld_cpp:/home/ubuntu/dev_ws/install/learning_topic_cpp:/home/ubuntu/dev_ws/install/learning_tf_cpp:/home/ubuntu/dev_ws/install/learning_service_cpp:/home/ubuntu/dev_ws/install/learning_pkg_c:/home/ubuntu/dev_ws/install/learning_parameter_cpp:/home/ubuntu/dev_ws/install/learning_node_cpp:/home/ubuntu/dev_ws/install/learning_action_cpp:/home/ubuntu/dev_ws/install/learning_interface:/home/ubuntu/ws_moveit/install/moveit_configs_utils:/home/ubuntu/ws_moveit/install/launch_param_builder:/home/ubuntu/ws00_helloworld/install/pkg02_helloworld_py:/home/ubuntu/dev_ws/install/learning_urdf:/home/ubuntu/dev_ws/install/learning_topic:/home/ubuntu/dev_ws/install/learning_tf:/home/ubuntu/dev_ws/install/learning_service:/home/ubuntu/dev_ws/install/learning_qos:/home/ubuntu/dev_ws/install/learning_pkg_python:/home/ubuntu/dev_ws/install/learning_parameter:/home/ubuntu/dev_ws/install/learning_node:/home/ubuntu/dev_ws/install/learning_launch:/home/ubuntu/dev_ws/install/learning_action:/home/ubuntu/dev_ws/install/learning_gazebo_harmonic:/home/ubuntu/dev_ws/install/learning_gazebo:/home/ubuntu/dev_ws/install/learning_cv:/opt/ros/humble /usr/bin/cmake --build /home/ubuntu/ws_engineer/build/engineer_protocol -- -j16 -l16
[0.892s] DEBUG:colcon.colcon_core.event_handler.log_command:Invoking command in '/home/ubuntu/ws_engineer/build/moveit_demo': CMAKE_PREFIX_PATH=/home/ubuntu/ws_engineer/install/base_interfaces:/home/ubuntu/ws_engineer/install/moveit_demo:/home/ubuntu/ws_engineer/install/engineer_config:/home/ubuntu/ws_engineer/install/engineer_urdf:/home/ubuntu/ws_engineer/install/engineer_protocol:/home/ubuntu/ws_moveit/install/pilz_industrial_motion_planner_testutils:/home/ubuntu/ws_moveit/install/moveit_runtime:/home/ubuntu/ws_moveit/install/moveit2_tutorials:/home/ubuntu/ws_moveit/install/moveit:/home/ubuntu/ws_moveit/install/moveit_planners:/home/ubuntu/ws_moveit/install/pilz_industrial_motion_planner:/home/ubuntu/ws_moveit/install/moveit_visual_tools:/home/ubuntu/ws_moveit/install/moveit_task_constructor_visualization:/home/ubuntu/ws_moveit/install/moveit_task_constructor_demo:/home/ubuntu/ws_moveit/install/moveit_task_constructor_capabilities:/home/ubuntu/ws_moveit/install/moveit_task_constructor_core:/home/ubuntu/ws_moveit/install/moveit_ros_control_interface:/home/ubuntu/ws_moveit/install/moveit_plugins:/home/ubuntu/ws_moveit/install/moveit_simple_controller_manager:/home/ubuntu/ws_moveit/install/moveit_setup_assistant:/home/ubuntu/ws_moveit/install/moveit_setup_srdf_plugins:/home/ubuntu/ws_moveit/install/moveit_setup_core_plugins:/home/ubuntu/ws_moveit/install/moveit_setup_controllers:/home/ubuntu/ws_moveit/install/moveit_setup_app_plugins:/home/ubuntu/ws_moveit/install/moveit_setup_framework:/home/ubuntu/ws_moveit/install/moveit_servo:/home/ubuntu/ws_moveit/install/moveit_ros:/home/ubuntu/ws_moveit/install/moveit_ros_visualization:/home/ubuntu/ws_moveit/install/moveit_hybrid_planning:/home/ubuntu/ws_moveit/install/moveit_ros_planning_interface:/home/ubuntu/ws_moveit/install/moveit_ros_benchmarks:/home/ubuntu/ws_moveit/install/moveit_ros_warehouse:/home/ubuntu/ws_moveit/install/moveit_ros_robot_interaction:/home/ubuntu/ws_moveit/install/moveit_ros_perception:/home/ubuntu/ws_moveit/install/moveit_resources_prbt_pg70_support:/home/ubuntu/ws_moveit/install/moveit_resources_prbt_moveit_config:/home/ubuntu/ws_moveit/install/moveit_ros_move_group:/home/ubuntu/ws_moveit/install/moveit_planners_ompl:/home/ubuntu/ws_moveit/install/moveit_ros_planning:/home/ubuntu/ws_moveit/install/moveit_ros_occupancy_map_monitor:/home/ubuntu/ws_moveit/install/moveit_resources_prbt_ikfast_manipulator_plugin:/home/ubuntu/ws_moveit/install/moveit_planners_chomp:/home/ubuntu/ws_moveit/install/moveit_kinematics:/home/ubuntu/ws_moveit/install/moveit_chomp_optimizer_adapter:/home/ubuntu/ws_moveit/install/chomp_motion_planner:/home/ubuntu/ws_moveit/install/moveit_core:/home/ubuntu/ws_moveit/install/srdfdom:/home/ubuntu/ws_moveit/install/rviz_marker_tools:/home/ubuntu/ws_moveit/install/rosparam_shortcuts:/home/ubuntu/ws_moveit/install/moveit_task_constructor_msgs:/home/ubuntu/ws_moveit/install/moveit_resources_prbt_support:/home/ubuntu/ws_moveit/install/moveit_resources:/home/ubuntu/ws_moveit/install/moveit_resources_pr2_description:/home/ubuntu/ws_moveit/install/moveit_resources_panda_moveit_config:/home/ubuntu/ws_moveit/install/moveit_resources_panda_description:/home/ubuntu/ws_moveit/install/moveit_resources_fanuc_moveit_config:/home/ubuntu/ws_moveit/install/moveit_resources_fanuc_description:/home/ubuntu/ws_moveit/install/moveit_common:/home/ubuntu/ws00_helloworld/install/pkg03_hellovscode_cpp:/home/ubuntu/ws00_helloworld/install/pkg01_helloworld_cpp:/home/ubuntu/dev_ws/install/learning_topic_cpp:/home/ubuntu/dev_ws/install/learning_tf_cpp:/home/ubuntu/dev_ws/install/learning_service_cpp:/home/ubuntu/dev_ws/install/learning_pkg_c:/home/ubuntu/dev_ws/install/learning_parameter_cpp:/home/ubuntu/dev_ws/install/learning_node_cpp:/home/ubuntu/dev_ws/install/learning_action_cpp:/home/ubuntu/dev_ws/install/learning_interface:/home/ubuntu/ws_moveit/install/moveit_configs_utils:/home/ubuntu/ws_moveit/install/launch_param_builder:/home/ubuntu/ws00_helloworld/install/pkg02_helloworld_py:/home/ubuntu/dev_ws/install/learning_urdf:/home/ubuntu/dev_ws/install/learning_topic:/home/ubuntu/dev_ws/install/learning_tf:/home/ubuntu/dev_ws/install/learning_service:/home/ubuntu/dev_ws/install/learning_qos:/home/ubuntu/dev_ws/install/learning_pkg_python:/home/ubuntu/dev_ws/install/learning_parameter:/home/ubuntu/dev_ws/install/learning_node:/home/ubuntu/dev_ws/install/learning_launch:/home/ubuntu/dev_ws/install/learning_action:/home/ubuntu/dev_ws/install/learning_gazebo_harmonic:/home/ubuntu/dev_ws/install/learning_gazebo:/home/ubuntu/dev_ws/install/learning_cv:/opt/ros/humble /usr/bin/cmake --build /home/ubuntu/ws_engineer/build/moveit_demo -- -j16 -l16
[0.994s] DEBUG:colcon.colcon_core.event_handler.log_command:Invoked command in '/home/ubuntu/ws_engineer/build/moveit_demo' returned '0': CMAKE_PREFIX_PATH=/home/ubuntu/ws_engineer/install/base_interfaces:/home/ubuntu/ws_engineer/install/moveit_demo:/home/ubuntu/ws_engineer/install/engineer_config:/home/ubuntu/ws_engineer/install/engineer_urdf:/home/ubuntu/ws_engineer/install/engineer_protocol:/home/ubuntu/ws_moveit/install/pilz_industrial_motion_planner_testutils:/home/ubuntu/ws_moveit/install/moveit_runtime:/home/ubuntu/ws_moveit/install/moveit2_tutorials:/home/ubuntu/ws_moveit/install/moveit:/home/ubuntu/ws_moveit/install/moveit_planners:/home/ubuntu/ws_moveit/install/pilz_industrial_motion_planner:/home/ubuntu/ws_moveit/install/moveit_visual_tools:/home/ubuntu/ws_moveit/install/moveit_task_constructor_visualization:/home/ubuntu/ws_moveit/install/moveit_task_constructor_demo:/home/ubuntu/ws_moveit/install/moveit_task_constructor_capabilities:/home/ubuntu/ws_moveit/install/moveit_task_constructor_core:/home/ubuntu/ws_moveit/install/moveit_ros_control_interface:/home/ubuntu/ws_moveit/install/moveit_plugins:/home/ubuntu/ws_moveit/install/moveit_simple_controller_manager:/home/ubuntu/ws_moveit/install/moveit_setup_assistant:/home/ubuntu/ws_moveit/install/moveit_setup_srdf_plugins:/home/ubuntu/ws_moveit/install/moveit_setup_core_plugins:/home/ubuntu/ws_moveit/install/moveit_setup_controllers:/home/ubuntu/ws_moveit/install/moveit_setup_app_plugins:/home/ubuntu/ws_moveit/install/moveit_setup_framework:/home/ubuntu/ws_moveit/install/moveit_servo:/home/ubuntu/ws_moveit/install/moveit_ros:/home/ubuntu/ws_moveit/install/moveit_ros_visualization:/home/ubuntu/ws_moveit/install/moveit_hybrid_planning:/home/ubuntu/ws_moveit/install/moveit_ros_planning_interface:/home/ubuntu/ws_moveit/install/moveit_ros_benchmarks:/home/ubuntu/ws_moveit/install/moveit_ros_warehouse:/home/ubuntu/ws_moveit/install/moveit_ros_robot_interaction:/home/ubuntu/ws_moveit/install/moveit_ros_perception:/home/ubuntu/ws_moveit/install/moveit_resources_prbt_pg70_support:/home/ubuntu/ws_moveit/install/moveit_resources_prbt_moveit_config:/home/ubuntu/ws_moveit/install/moveit_ros_move_group:/home/ubuntu/ws_moveit/install/moveit_planners_ompl:/home/ubuntu/ws_moveit/install/moveit_ros_planning:/home/ubuntu/ws_moveit/install/moveit_ros_occupancy_map_monitor:/home/ubuntu/ws_moveit/install/moveit_resources_prbt_ikfast_manipulator_plugin:/home/ubuntu/ws_moveit/install/moveit_planners_chomp:/home/ubuntu/ws_moveit/install/moveit_kinematics:/home/ubuntu/ws_moveit/install/moveit_chomp_optimizer_adapter:/home/ubuntu/ws_moveit/install/chomp_motion_planner:/home/ubuntu/ws_moveit/install/moveit_core:/home/ubuntu/ws_moveit/install/srdfdom:/home/ubuntu/ws_moveit/install/rviz_marker_tools:/home/ubuntu/ws_moveit/install/rosparam_shortcuts:/home/ubuntu/ws_moveit/install/moveit_task_constructor_msgs:/home/ubuntu/ws_moveit/install/moveit_resources_prbt_support:/home/ubuntu/ws_moveit/install/moveit_resources:/home/ubuntu/ws_moveit/install/moveit_resources_pr2_description:/home/ubuntu/ws_moveit/install/moveit_resources_panda_moveit_config:/home/ubuntu/ws_moveit/install/moveit_resources_panda_description:/home/ubuntu/ws_moveit/install/moveit_resources_fanuc_moveit_config:/home/ubuntu/ws_moveit/install/moveit_resources_fanuc_description:/home/ubuntu/ws_moveit/install/moveit_common:/home/ubuntu/ws00_helloworld/install/pkg03_hellovscode_cpp:/home/ubuntu/ws00_helloworld/install/pkg01_helloworld_cpp:/home/ubuntu/dev_ws/install/learning_topic_cpp:/home/ubuntu/dev_ws/install/learning_tf_cpp:/home/ubuntu/dev_ws/install/learning_service_cpp:/home/ubuntu/dev_ws/install/learning_pkg_c:/home/ubuntu/dev_ws/install/learning_parameter_cpp:/home/ubuntu/dev_ws/install/learning_node_cpp:/home/ubuntu/dev_ws/install/learning_action_cpp:/home/ubuntu/dev_ws/install/learning_interface:/home/ubuntu/ws_moveit/install/moveit_configs_utils:/home/ubuntu/ws_moveit/install/launch_param_builder:/home/ubuntu/ws00_helloworld/install/pkg02_helloworld_py:/home/ubuntu/dev_ws/install/learning_urdf:/home/ubuntu/dev_ws/install/learning_topic:/home/ubuntu/dev_ws/install/learning_tf:/home/ubuntu/dev_ws/install/learning_service:/home/ubuntu/dev_ws/install/learning_qos:/home/ubuntu/dev_ws/install/learning_pkg_python:/home/ubuntu/dev_ws/install/learning_parameter:/home/ubuntu/dev_ws/install/learning_node:/home/ubuntu/dev_ws/install/learning_launch:/home/ubuntu/dev_ws/install/learning_action:/home/ubuntu/dev_ws/install/learning_gazebo_harmonic:/home/ubuntu/dev_ws/install/learning_gazebo:/home/ubuntu/dev_ws/install/learning_cv:/opt/ros/humble /usr/bin/cmake --build /home/ubuntu/ws_engineer/build/moveit_demo -- -j16 -l16
[0.995s] DEBUG:colcon.colcon_core.event_handler.log_command:Invoking command in '/home/ubuntu/ws_engineer/build/moveit_demo': CMAKE_PREFIX_PATH=/home/ubuntu/ws_engineer/install/base_interfaces:/home/ubuntu/ws_engineer/install/moveit_demo:/home/ubuntu/ws_engineer/install/engineer_config:/home/ubuntu/ws_engineer/install/engineer_urdf:/home/ubuntu/ws_engineer/install/engineer_protocol:/home/ubuntu/ws_moveit/install/pilz_industrial_motion_planner_testutils:/home/ubuntu/ws_moveit/install/moveit_runtime:/home/ubuntu/ws_moveit/install/moveit2_tutorials:/home/ubuntu/ws_moveit/install/moveit:/home/ubuntu/ws_moveit/install/moveit_planners:/home/ubuntu/ws_moveit/install/pilz_industrial_motion_planner:/home/ubuntu/ws_moveit/install/moveit_visual_tools:/home/ubuntu/ws_moveit/install/moveit_task_constructor_visualization:/home/ubuntu/ws_moveit/install/moveit_task_constructor_demo:/home/ubuntu/ws_moveit/install/moveit_task_constructor_capabilities:/home/ubuntu/ws_moveit/install/moveit_task_constructor_core:/home/ubuntu/ws_moveit/install/moveit_ros_control_interface:/home/ubuntu/ws_moveit/install/moveit_plugins:/home/ubuntu/ws_moveit/install/moveit_simple_controller_manager:/home/ubuntu/ws_moveit/install/moveit_setup_assistant:/home/ubuntu/ws_moveit/install/moveit_setup_srdf_plugins:/home/ubuntu/ws_moveit/install/moveit_setup_core_plugins:/home/ubuntu/ws_moveit/install/moveit_setup_controllers:/home/ubuntu/ws_moveit/install/moveit_setup_app_plugins:/home/ubuntu/ws_moveit/install/moveit_setup_framework:/home/ubuntu/ws_moveit/install/moveit_servo:/home/ubuntu/ws_moveit/install/moveit_ros:/home/ubuntu/ws_moveit/install/moveit_ros_visualization:/home/ubuntu/ws_moveit/install/moveit_hybrid_planning:/home/ubuntu/ws_moveit/install/moveit_ros_planning_interface:/home/ubuntu/ws_moveit/install/moveit_ros_benchmarks:/home/ubuntu/ws_moveit/install/moveit_ros_warehouse:/home/ubuntu/ws_moveit/install/moveit_ros_robot_interaction:/home/ubuntu/ws_moveit/install/moveit_ros_perception:/home/ubuntu/ws_moveit/install/moveit_resources_prbt_pg70_support:/home/ubuntu/ws_moveit/install/moveit_resources_prbt_moveit_config:/home/ubuntu/ws_moveit/install/moveit_ros_move_group:/home/ubuntu/ws_moveit/install/moveit_planners_ompl:/home/ubuntu/ws_moveit/install/moveit_ros_planning:/home/ubuntu/ws_moveit/install/moveit_ros_occupancy_map_monitor:/home/ubuntu/ws_moveit/install/moveit_resources_prbt_ikfast_manipulator_plugin:/home/ubuntu/ws_moveit/install/moveit_planners_chomp:/home/ubuntu/ws_moveit/install/moveit_kinematics:/home/ubuntu/ws_moveit/install/moveit_chomp_optimizer_adapter:/home/ubuntu/ws_moveit/install/chomp_motion_planner:/home/ubuntu/ws_moveit/install/moveit_core:/home/ubuntu/ws_moveit/install/srdfdom:/home/ubuntu/ws_moveit/install/rviz_marker_tools:/home/ubuntu/ws_moveit/install/rosparam_shortcuts:/home/ubuntu/ws_moveit/install/moveit_task_constructor_msgs:/home/ubuntu/ws_moveit/install/moveit_resources_prbt_support:/home/ubuntu/ws_moveit/install/moveit_resources:/home/ubuntu/ws_moveit/install/moveit_resources_pr2_description:/home/ubuntu/ws_moveit/install/moveit_resources_panda_moveit_config:/home/ubuntu/ws_moveit/install/moveit_resources_panda_description:/home/ubuntu/ws_moveit/install/moveit_resources_fanuc_moveit_config:/home/ubuntu/ws_moveit/install/moveit_resources_fanuc_description:/home/ubuntu/ws_moveit/install/moveit_common:/home/ubuntu/ws00_helloworld/install/pkg03_hellovscode_cpp:/home/ubuntu/ws00_helloworld/install/pkg01_helloworld_cpp:/home/ubuntu/dev_ws/install/learning_topic_cpp:/home/ubuntu/dev_ws/install/learning_tf_cpp:/home/ubuntu/dev_ws/install/learning_service_cpp:/home/ubuntu/dev_ws/install/learning_pkg_c:/home/ubuntu/dev_ws/install/learning_parameter_cpp:/home/ubuntu/dev_ws/install/learning_node_cpp:/home/ubuntu/dev_ws/install/learning_action_cpp:/home/ubuntu/dev_ws/install/learning_interface:/home/ubuntu/ws_moveit/install/moveit_configs_utils:/home/ubuntu/ws_moveit/install/launch_param_builder:/home/ubuntu/ws00_helloworld/install/pkg02_helloworld_py:/home/ubuntu/dev_ws/install/learning_urdf:/home/ubuntu/dev_ws/install/learning_topic:/home/ubuntu/dev_ws/install/learning_tf:/home/ubuntu/dev_ws/install/learning_service:/home/ubuntu/dev_ws/install/learning_qos:/home/ubuntu/dev_ws/install/learning_pkg_python:/home/ubuntu/dev_ws/install/learning_parameter:/home/ubuntu/dev_ws/install/learning_node:/home/ubuntu/dev_ws/install/learning_launch:/home/ubuntu/dev_ws/install/learning_action:/home/ubuntu/dev_ws/install/learning_gazebo_harmonic:/home/ubuntu/dev_ws/install/learning_gazebo:/home/ubuntu/dev_ws/install/learning_cv:/opt/ros/humble /usr/bin/cmake --install /home/ubuntu/ws_engineer/build/moveit_demo
[1.009s] Level 1:colcon.colcon_core.environment:create_environment_scripts_only(moveit_demo)
[1.010s] Level 1:colcon.colcon_core.environment:checking '/home/ubuntu/ws_engineer/install/moveit_demo' for CMake module files
[1.010s] DEBUG:colcon.colcon_core.event_handler.log_command:Invoked command in '/home/ubuntu/ws_engineer/build/moveit_demo' returned '0': CMAKE_PREFIX_PATH=/home/ubuntu/ws_engineer/install/base_interfaces:/home/ubuntu/ws_engineer/install/moveit_demo:/home/ubuntu/ws_engineer/install/engineer_config:/home/ubuntu/ws_engineer/install/engineer_urdf:/home/ubuntu/ws_engineer/install/engineer_protocol:/home/ubuntu/ws_moveit/install/pilz_industrial_motion_planner_testutils:/home/ubuntu/ws_moveit/install/moveit_runtime:/home/ubuntu/ws_moveit/install/moveit2_tutorials:/home/ubuntu/ws_moveit/install/moveit:/home/ubuntu/ws_moveit/install/moveit_planners:/home/ubuntu/ws_moveit/install/pilz_industrial_motion_planner:/home/ubuntu/ws_moveit/install/moveit_visual_tools:/home/ubuntu/ws_moveit/install/moveit_task_constructor_visualization:/home/ubuntu/ws_moveit/install/moveit_task_constructor_demo:/home/ubuntu/ws_moveit/install/moveit_task_constructor_capabilities:/home/ubuntu/ws_moveit/install/moveit_task_constructor_core:/home/ubuntu/ws_moveit/install/moveit_ros_control_interface:/home/ubuntu/ws_moveit/install/moveit_plugins:/home/ubuntu/ws_moveit/install/moveit_simple_controller_manager:/home/ubuntu/ws_moveit/install/moveit_setup_assistant:/home/ubuntu/ws_moveit/install/moveit_setup_srdf_plugins:/home/ubuntu/ws_moveit/install/moveit_setup_core_plugins:/home/ubuntu/ws_moveit/install/moveit_setup_controllers:/home/ubuntu/ws_moveit/install/moveit_setup_app_plugins:/home/ubuntu/ws_moveit/install/moveit_setup_framework:/home/ubuntu/ws_moveit/install/moveit_servo:/home/ubuntu/ws_moveit/install/moveit_ros:/home/ubuntu/ws_moveit/install/moveit_ros_visualization:/home/ubuntu/ws_moveit/install/moveit_hybrid_planning:/home/ubuntu/ws_moveit/install/moveit_ros_planning_interface:/home/ubuntu/ws_moveit/install/moveit_ros_benchmarks:/home/ubuntu/ws_moveit/install/moveit_ros_warehouse:/home/ubuntu/ws_moveit/install/moveit_ros_robot_interaction:/home/ubuntu/ws_moveit/install/moveit_ros_perception:/home/ubuntu/ws_moveit/install/moveit_resources_prbt_pg70_support:/home/ubuntu/ws_moveit/install/moveit_resources_prbt_moveit_config:/home/ubuntu/ws_moveit/install/moveit_ros_move_group:/home/ubuntu/ws_moveit/install/moveit_planners_ompl:/home/ubuntu/ws_moveit/install/moveit_ros_planning:/home/ubuntu/ws_moveit/install/moveit_ros_occupancy_map_monitor:/home/ubuntu/ws_moveit/install/moveit_resources_prbt_ikfast_manipulator_plugin:/home/ubuntu/ws_moveit/install/moveit_planners_chomp:/home/ubuntu/ws_moveit/install/moveit_kinematics:/home/ubuntu/ws_moveit/install/moveit_chomp_optimizer_adapter:/home/ubuntu/ws_moveit/install/chomp_motion_planner:/home/ubuntu/ws_moveit/install/moveit_core:/home/ubuntu/ws_moveit/install/srdfdom:/home/ubuntu/ws_moveit/install/rviz_marker_tools:/home/ubuntu/ws_moveit/install/rosparam_shortcuts:/home/ubuntu/ws_moveit/install/moveit_task_constructor_msgs:/home/ubuntu/ws_moveit/install/moveit_resources_prbt_support:/home/ubuntu/ws_moveit/install/moveit_resources:/home/ubuntu/ws_moveit/install/moveit_resources_pr2_description:/home/ubuntu/ws_moveit/install/moveit_resources_panda_moveit_config:/home/ubuntu/ws_moveit/install/moveit_resources_panda_description:/home/ubuntu/ws_moveit/install/moveit_resources_fanuc_moveit_config:/home/ubuntu/ws_moveit/install/moveit_resources_fanuc_description:/home/ubuntu/ws_moveit/install/moveit_common:/home/ubuntu/ws00_helloworld/install/pkg03_hellovscode_cpp:/home/ubuntu/ws00_helloworld/install/pkg01_helloworld_cpp:/home/ubuntu/dev_ws/install/learning_topic_cpp:/home/ubuntu/dev_ws/install/learning_tf_cpp:/home/ubuntu/dev_ws/install/learning_service_cpp:/home/ubuntu/dev_ws/install/learning_pkg_c:/home/ubuntu/dev_ws/install/learning_parameter_cpp:/home/ubuntu/dev_ws/install/learning_node_cpp:/home/ubuntu/dev_ws/install/learning_action_cpp:/home/ubuntu/dev_ws/install/learning_interface:/home/ubuntu/ws_moveit/install/moveit_configs_utils:/home/ubuntu/ws_moveit/install/launch_param_builder:/home/ubuntu/ws00_helloworld/install/pkg02_helloworld_py:/home/ubuntu/dev_ws/install/learning_urdf:/home/ubuntu/dev_ws/install/learning_topic:/home/ubuntu/dev_ws/install/learning_tf:/home/ubuntu/dev_ws/install/learning_service:/home/ubuntu/dev_ws/install/learning_qos:/home/ubuntu/dev_ws/install/learning_pkg_python:/home/ubuntu/dev_ws/install/learning_parameter:/home/ubuntu/dev_ws/install/learning_node:/home/ubuntu/dev_ws/install/learning_launch:/home/ubuntu/dev_ws/install/learning_action:/home/ubuntu/dev_ws/install/learning_gazebo_harmonic:/home/ubuntu/dev_ws/install/learning_gazebo:/home/ubuntu/dev_ws/install/learning_cv:/opt/ros/humble /usr/bin/cmake --install /home/ubuntu/ws_engineer/build/moveit_demo
[1.011s] Level 1:colcon.colcon_core.environment:checking '/home/ubuntu/ws_engineer/install/moveit_demo' for CMake config files
[1.011s] Level 1:colcon.colcon_core.shell:create_environment_hook('moveit_demo', 'cmake_prefix_path')
[1.011s] INFO:colcon.colcon_core.shell:Creating environment hook '/home/ubuntu/ws_engineer/install/moveit_demo/share/moveit_demo/hook/cmake_prefix_path.ps1'
[1.011s] INFO:colcon.colcon_core.shell:Creating environment descriptor '/home/ubuntu/ws_engineer/install/moveit_demo/share/moveit_demo/hook/cmake_prefix_path.dsv'
[1.012s] INFO:colcon.colcon_core.shell:Creating environment hook '/home/ubuntu/ws_engineer/install/moveit_demo/share/moveit_demo/hook/cmake_prefix_path.sh'
[1.012s] Level 1:colcon.colcon_core.environment:checking '/home/ubuntu/ws_engineer/install/moveit_demo/lib'
[1.012s] Level 1:colcon.colcon_core.environment:checking '/home/ubuntu/ws_engineer/install/moveit_demo/bin'
[1.012s] Level 1:colcon.colcon_core.environment:checking '/home/ubuntu/ws_engineer/install/moveit_demo/lib/pkgconfig/moveit_demo.pc'
[1.012s] Level 1:colcon.colcon_core.environment:checking '/home/ubuntu/ws_engineer/install/moveit_demo/lib/python3.10/site-packages'
[1.013s] Level 1:colcon.colcon_core.environment:checking '/home/ubuntu/ws_engineer/install/moveit_demo/bin'
[1.013s] INFO:colcon.colcon_core.shell:Creating package script '/home/ubuntu/ws_engineer/install/moveit_demo/share/moveit_demo/package.ps1'
[1.013s] INFO:colcon.colcon_core.shell:Creating package descriptor '/home/ubuntu/ws_engineer/install/moveit_demo/share/moveit_demo/package.dsv'
[1.013s] INFO:colcon.colcon_core.shell:Creating package script '/home/ubuntu/ws_engineer/install/moveit_demo/share/moveit_demo/package.sh'
[1.014s] INFO:colcon.colcon_core.shell:Creating package script '/home/ubuntu/ws_engineer/install/moveit_demo/share/moveit_demo/package.bash'
[1.014s] INFO:colcon.colcon_core.shell:Creating package script '/home/ubuntu/ws_engineer/install/moveit_demo/share/moveit_demo/package.zsh'
[1.014s] Level 1:colcon.colcon_core.environment:create_file_with_runtime_dependencies(/home/ubuntu/ws_engineer/install/moveit_demo/share/colcon-core/packages/moveit_demo)
[1.015s] Level 1:colcon.colcon_core.environment:create_environment_scripts_only(moveit_demo)
[1.015s] Level 1:colcon.colcon_core.environment:checking '/home/ubuntu/ws_engineer/install/moveit_demo' for CMake module files
[1.015s] Level 1:colcon.colcon_core.environment:checking '/home/ubuntu/ws_engineer/install/moveit_demo' for CMake config files
[1.016s] Level 1:colcon.colcon_core.shell:create_environment_hook('moveit_demo', 'cmake_prefix_path')
[1.016s] INFO:colcon.colcon_core.shell:Creating environment hook '/home/ubuntu/ws_engineer/install/moveit_demo/share/moveit_demo/hook/cmake_prefix_path.ps1'
[1.016s] INFO:colcon.colcon_core.shell:Creating environment descriptor '/home/ubuntu/ws_engineer/install/moveit_demo/share/moveit_demo/hook/cmake_prefix_path.dsv'
[1.016s] INFO:colcon.colcon_core.shell:Creating environment hook '/home/ubuntu/ws_engineer/install/moveit_demo/share/moveit_demo/hook/cmake_prefix_path.sh'
[1.017s] Level 1:colcon.colcon_core.environment:checking '/home/ubuntu/ws_engineer/install/moveit_demo/lib'
[1.017s] Level 1:colcon.colcon_core.environment:checking '/home/ubuntu/ws_engineer/install/moveit_demo/bin'
[1.017s] Level 1:colcon.colcon_core.environment:checking '/home/ubuntu/ws_engineer/install/moveit_demo/lib/pkgconfig/moveit_demo.pc'
[1.017s] Level 1:colcon.colcon_core.environment:checking '/home/ubuntu/ws_engineer/install/moveit_demo/lib/python3.10/site-packages'
[1.017s] Level 1:colcon.colcon_core.environment:checking '/home/ubuntu/ws_engineer/install/moveit_demo/bin'
[1.017s] INFO:colcon.colcon_core.shell:Creating package script '/home/ubuntu/ws_engineer/install/moveit_demo/share/moveit_demo/package.ps1'
[1.018s] INFO:colcon.colcon_core.shell:Creating package descriptor '/home/ubuntu/ws_engineer/install/moveit_demo/share/moveit_demo/package.dsv'
[1.018s] INFO:colcon.colcon_core.shell:Creating package script '/home/ubuntu/ws_engineer/install/moveit_demo/share/moveit_demo/package.sh'
[1.019s] INFO:colcon.colcon_core.shell:Creating package script '/home/ubuntu/ws_engineer/install/moveit_demo/share/moveit_demo/package.bash'
[1.019s] INFO:colcon.colcon_core.shell:Creating package script '/home/ubuntu/ws_engineer/install/moveit_demo/share/moveit_demo/package.zsh'
[1.019s] Level 1:colcon.colcon_core.environment:create_file_with_runtime_dependencies(/home/ubuntu/ws_engineer/install/moveit_demo/share/colcon-core/packages/moveit_demo)
[1.021s] DEBUG:colcon.colcon_core.event_handler.log_command:Invoked command in '/home/ubuntu/ws_engineer/build/engineer_protocol' returned '0': CMAKE_PREFIX_PATH=/home/ubuntu/ws_engineer/install/base_interfaces:/home/ubuntu/ws_engineer/install/moveit_demo:/home/ubuntu/ws_engineer/install/engineer_config:/home/ubuntu/ws_engineer/install/engineer_urdf:/home/ubuntu/ws_engineer/install/engineer_protocol:/home/ubuntu/ws_moveit/install/pilz_industrial_motion_planner_testutils:/home/ubuntu/ws_moveit/install/moveit_runtime:/home/ubuntu/ws_moveit/install/moveit2_tutorials:/home/ubuntu/ws_moveit/install/moveit:/home/ubuntu/ws_moveit/install/moveit_planners:/home/ubuntu/ws_moveit/install/pilz_industrial_motion_planner:/home/ubuntu/ws_moveit/install/moveit_visual_tools:/home/ubuntu/ws_moveit/install/moveit_task_constructor_visualization:/home/ubuntu/ws_moveit/install/moveit_task_constructor_demo:/home/ubuntu/ws_moveit/install/moveit_task_constructor_capabilities:/home/ubuntu/ws_moveit/install/moveit_task_constructor_core:/home/ubuntu/ws_moveit/install/moveit_ros_control_interface:/home/ubuntu/ws_moveit/install/moveit_plugins:/home/ubuntu/ws_moveit/install/moveit_simple_controller_manager:/home/ubuntu/ws_moveit/install/moveit_setup_assistant:/home/ubuntu/ws_moveit/install/moveit_setup_srdf_plugins:/home/ubuntu/ws_moveit/install/moveit_setup_core_plugins:/home/ubuntu/ws_moveit/install/moveit_setup_controllers:/home/ubuntu/ws_moveit/install/moveit_setup_app_plugins:/home/ubuntu/ws_moveit/install/moveit_setup_framework:/home/ubuntu/ws_moveit/install/moveit_servo:/home/ubuntu/ws_moveit/install/moveit_ros:/home/ubuntu/ws_moveit/install/moveit_ros_visualization:/home/ubuntu/ws_moveit/install/moveit_hybrid_planning:/home/ubuntu/ws_moveit/install/moveit_ros_planning_interface:/home/ubuntu/ws_moveit/install/moveit_ros_benchmarks:/home/ubuntu/ws_moveit/install/moveit_ros_warehouse:/home/ubuntu/ws_moveit/install/moveit_ros_robot_interaction:/home/ubuntu/ws_moveit/install/moveit_ros_perception:/home/ubuntu/ws_moveit/install/moveit_resources_prbt_pg70_support:/home/ubuntu/ws_moveit/install/moveit_resources_prbt_moveit_config:/home/ubuntu/ws_moveit/install/moveit_ros_move_group:/home/ubuntu/ws_moveit/install/moveit_planners_ompl:/home/ubuntu/ws_moveit/install/moveit_ros_planning:/home/ubuntu/ws_moveit/install/moveit_ros_occupancy_map_monitor:/home/ubuntu/ws_moveit/install/moveit_resources_prbt_ikfast_manipulator_plugin:/home/ubuntu/ws_moveit/install/moveit_planners_chomp:/home/ubuntu/ws_moveit/install/moveit_kinematics:/home/ubuntu/ws_moveit/install/moveit_chomp_optimizer_adapter:/home/ubuntu/ws_moveit/install/chomp_motion_planner:/home/ubuntu/ws_moveit/install/moveit_core:/home/ubuntu/ws_moveit/install/srdfdom:/home/ubuntu/ws_moveit/install/rviz_marker_tools:/home/ubuntu/ws_moveit/install/rosparam_shortcuts:/home/ubuntu/ws_moveit/install/moveit_task_constructor_msgs:/home/ubuntu/ws_moveit/install/moveit_resources_prbt_support:/home/ubuntu/ws_moveit/install/moveit_resources:/home/ubuntu/ws_moveit/install/moveit_resources_pr2_description:/home/ubuntu/ws_moveit/install/moveit_resources_panda_moveit_config:/home/ubuntu/ws_moveit/install/moveit_resources_panda_description:/home/ubuntu/ws_moveit/install/moveit_resources_fanuc_moveit_config:/home/ubuntu/ws_moveit/install/moveit_resources_fanuc_description:/home/ubuntu/ws_moveit/install/moveit_common:/home/ubuntu/ws00_helloworld/install/pkg03_hellovscode_cpp:/home/ubuntu/ws00_helloworld/install/pkg01_helloworld_cpp:/home/ubuntu/dev_ws/install/learning_topic_cpp:/home/ubuntu/dev_ws/install/learning_tf_cpp:/home/ubuntu/dev_ws/install/learning_service_cpp:/home/ubuntu/dev_ws/install/learning_pkg_c:/home/ubuntu/dev_ws/install/learning_parameter_cpp:/home/ubuntu/dev_ws/install/learning_node_cpp:/home/ubuntu/dev_ws/install/learning_action_cpp:/home/ubuntu/dev_ws/install/learning_interface:/home/ubuntu/ws_moveit/install/moveit_configs_utils:/home/ubuntu/ws_moveit/install/launch_param_builder:/home/ubuntu/ws00_helloworld/install/pkg02_helloworld_py:/home/ubuntu/dev_ws/install/learning_urdf:/home/ubuntu/dev_ws/install/learning_topic:/home/ubuntu/dev_ws/install/learning_tf:/home/ubuntu/dev_ws/install/learning_service:/home/ubuntu/dev_ws/install/learning_qos:/home/ubuntu/dev_ws/install/learning_pkg_python:/home/ubuntu/dev_ws/install/learning_parameter:/home/ubuntu/dev_ws/install/learning_node:/home/ubuntu/dev_ws/install/learning_launch:/home/ubuntu/dev_ws/install/learning_action:/home/ubuntu/dev_ws/install/learning_gazebo_harmonic:/home/ubuntu/dev_ws/install/learning_gazebo:/home/ubuntu/dev_ws/install/learning_cv:/opt/ros/humble /usr/bin/cmake --build /home/ubuntu/ws_engineer/build/engineer_protocol -- -j16 -l16
[1.022s] DEBUG:colcon.colcon_core.event_handler.log_command:Invoking command in '/home/ubuntu/ws_engineer/build/engineer_protocol': CMAKE_PREFIX_PATH=/home/ubuntu/ws_engineer/install/base_interfaces:/home/ubuntu/ws_engineer/install/moveit_demo:/home/ubuntu/ws_engineer/install/engineer_config:/home/ubuntu/ws_engineer/install/engineer_urdf:/home/ubuntu/ws_engineer/install/engineer_protocol:/home/ubuntu/ws_moveit/install/pilz_industrial_motion_planner_testutils:/home/ubuntu/ws_moveit/install/moveit_runtime:/home/ubuntu/ws_moveit/install/moveit2_tutorials:/home/ubuntu/ws_moveit/install/moveit:/home/ubuntu/ws_moveit/install/moveit_planners:/home/ubuntu/ws_moveit/install/pilz_industrial_motion_planner:/home/ubuntu/ws_moveit/install/moveit_visual_tools:/home/ubuntu/ws_moveit/install/moveit_task_constructor_visualization:/home/ubuntu/ws_moveit/install/moveit_task_constructor_demo:/home/ubuntu/ws_moveit/install/moveit_task_constructor_capabilities:/home/ubuntu/ws_moveit/install/moveit_task_constructor_core:/home/ubuntu/ws_moveit/install/moveit_ros_control_interface:/home/ubuntu/ws_moveit/install/moveit_plugins:/home/ubuntu/ws_moveit/install/moveit_simple_controller_manager:/home/ubuntu/ws_moveit/install/moveit_setup_assistant:/home/ubuntu/ws_moveit/install/moveit_setup_srdf_plugins:/home/ubuntu/ws_moveit/install/moveit_setup_core_plugins:/home/ubuntu/ws_moveit/install/moveit_setup_controllers:/home/ubuntu/ws_moveit/install/moveit_setup_app_plugins:/home/ubuntu/ws_moveit/install/moveit_setup_framework:/home/ubuntu/ws_moveit/install/moveit_servo:/home/ubuntu/ws_moveit/install/moveit_ros:/home/ubuntu/ws_moveit/install/moveit_ros_visualization:/home/ubuntu/ws_moveit/install/moveit_hybrid_planning:/home/ubuntu/ws_moveit/install/moveit_ros_planning_interface:/home/ubuntu/ws_moveit/install/moveit_ros_benchmarks:/home/ubuntu/ws_moveit/install/moveit_ros_warehouse:/home/ubuntu/ws_moveit/install/moveit_ros_robot_interaction:/home/ubuntu/ws_moveit/install/moveit_ros_perception:/home/ubuntu/ws_moveit/install/moveit_resources_prbt_pg70_support:/home/ubuntu/ws_moveit/install/moveit_resources_prbt_moveit_config:/home/ubuntu/ws_moveit/install/moveit_ros_move_group:/home/ubuntu/ws_moveit/install/moveit_planners_ompl:/home/ubuntu/ws_moveit/install/moveit_ros_planning:/home/ubuntu/ws_moveit/install/moveit_ros_occupancy_map_monitor:/home/ubuntu/ws_moveit/install/moveit_resources_prbt_ikfast_manipulator_plugin:/home/ubuntu/ws_moveit/install/moveit_planners_chomp:/home/ubuntu/ws_moveit/install/moveit_kinematics:/home/ubuntu/ws_moveit/install/moveit_chomp_optimizer_adapter:/home/ubuntu/ws_moveit/install/chomp_motion_planner:/home/ubuntu/ws_moveit/install/moveit_core:/home/ubuntu/ws_moveit/install/srdfdom:/home/ubuntu/ws_moveit/install/rviz_marker_tools:/home/ubuntu/ws_moveit/install/rosparam_shortcuts:/home/ubuntu/ws_moveit/install/moveit_task_constructor_msgs:/home/ubuntu/ws_moveit/install/moveit_resources_prbt_support:/home/ubuntu/ws_moveit/install/moveit_resources:/home/ubuntu/ws_moveit/install/moveit_resources_pr2_description:/home/ubuntu/ws_moveit/install/moveit_resources_panda_moveit_config:/home/ubuntu/ws_moveit/install/moveit_resources_panda_description:/home/ubuntu/ws_moveit/install/moveit_resources_fanuc_moveit_config:/home/ubuntu/ws_moveit/install/moveit_resources_fanuc_description:/home/ubuntu/ws_moveit/install/moveit_common:/home/ubuntu/ws00_helloworld/install/pkg03_hellovscode_cpp:/home/ubuntu/ws00_helloworld/install/pkg01_helloworld_cpp:/home/ubuntu/dev_ws/install/learning_topic_cpp:/home/ubuntu/dev_ws/install/learning_tf_cpp:/home/ubuntu/dev_ws/install/learning_service_cpp:/home/ubuntu/dev_ws/install/learning_pkg_c:/home/ubuntu/dev_ws/install/learning_parameter_cpp:/home/ubuntu/dev_ws/install/learning_node_cpp:/home/ubuntu/dev_ws/install/learning_action_cpp:/home/ubuntu/dev_ws/install/learning_interface:/home/ubuntu/ws_moveit/install/moveit_configs_utils:/home/ubuntu/ws_moveit/install/launch_param_builder:/home/ubuntu/ws00_helloworld/install/pkg02_helloworld_py:/home/ubuntu/dev_ws/install/learning_urdf:/home/ubuntu/dev_ws/install/learning_topic:/home/ubuntu/dev_ws/install/learning_tf:/home/ubuntu/dev_ws/install/learning_service:/home/ubuntu/dev_ws/install/learning_qos:/home/ubuntu/dev_ws/install/learning_pkg_python:/home/ubuntu/dev_ws/install/learning_parameter:/home/ubuntu/dev_ws/install/learning_node:/home/ubuntu/dev_ws/install/learning_launch:/home/ubuntu/dev_ws/install/learning_action:/home/ubuntu/dev_ws/install/learning_gazebo_harmonic:/home/ubuntu/dev_ws/install/learning_gazebo:/home/ubuntu/dev_ws/install/learning_cv:/opt/ros/humble /usr/bin/cmake --install /home/ubuntu/ws_engineer/build/engineer_protocol
[1.037s] Level 1:colcon.colcon_core.environment:create_environment_scripts_only(engineer_protocol)
[1.037s] Level 1:colcon.colcon_core.environment:checking '/home/ubuntu/ws_engineer/install/engineer_protocol' for CMake module files
[1.038s] DEBUG:colcon.colcon_core.event_handler.log_command:Invoked command in '/home/ubuntu/ws_engineer/build/engineer_protocol' returned '0': CMAKE_PREFIX_PATH=/home/ubuntu/ws_engineer/install/base_interfaces:/home/ubuntu/ws_engineer/install/moveit_demo:/home/ubuntu/ws_engineer/install/engineer_config:/home/ubuntu/ws_engineer/install/engineer_urdf:/home/ubuntu/ws_engineer/install/engineer_protocol:/home/ubuntu/ws_moveit/install/pilz_industrial_motion_planner_testutils:/home/ubuntu/ws_moveit/install/moveit_runtime:/home/ubuntu/ws_moveit/install/moveit2_tutorials:/home/ubuntu/ws_moveit/install/moveit:/home/ubuntu/ws_moveit/install/moveit_planners:/home/ubuntu/ws_moveit/install/pilz_industrial_motion_planner:/home/ubuntu/ws_moveit/install/moveit_visual_tools:/home/ubuntu/ws_moveit/install/moveit_task_constructor_visualization:/home/ubuntu/ws_moveit/install/moveit_task_constructor_demo:/home/ubuntu/ws_moveit/install/moveit_task_constructor_capabilities:/home/ubuntu/ws_moveit/install/moveit_task_constructor_core:/home/ubuntu/ws_moveit/install/moveit_ros_control_interface:/home/ubuntu/ws_moveit/install/moveit_plugins:/home/ubuntu/ws_moveit/install/moveit_simple_controller_manager:/home/ubuntu/ws_moveit/install/moveit_setup_assistant:/home/ubuntu/ws_moveit/install/moveit_setup_srdf_plugins:/home/ubuntu/ws_moveit/install/moveit_setup_core_plugins:/home/ubuntu/ws_moveit/install/moveit_setup_controllers:/home/ubuntu/ws_moveit/install/moveit_setup_app_plugins:/home/ubuntu/ws_moveit/install/moveit_setup_framework:/home/ubuntu/ws_moveit/install/moveit_servo:/home/ubuntu/ws_moveit/install/moveit_ros:/home/ubuntu/ws_moveit/install/moveit_ros_visualization:/home/ubuntu/ws_moveit/install/moveit_hybrid_planning:/home/ubuntu/ws_moveit/install/moveit_ros_planning_interface:/home/ubuntu/ws_moveit/install/moveit_ros_benchmarks:/home/ubuntu/ws_moveit/install/moveit_ros_warehouse:/home/ubuntu/ws_moveit/install/moveit_ros_robot_interaction:/home/ubuntu/ws_moveit/install/moveit_ros_perception:/home/ubuntu/ws_moveit/install/moveit_resources_prbt_pg70_support:/home/ubuntu/ws_moveit/install/moveit_resources_prbt_moveit_config:/home/ubuntu/ws_moveit/install/moveit_ros_move_group:/home/ubuntu/ws_moveit/install/moveit_planners_ompl:/home/ubuntu/ws_moveit/install/moveit_ros_planning:/home/ubuntu/ws_moveit/install/moveit_ros_occupancy_map_monitor:/home/ubuntu/ws_moveit/install/moveit_resources_prbt_ikfast_manipulator_plugin:/home/ubuntu/ws_moveit/install/moveit_planners_chomp:/home/ubuntu/ws_moveit/install/moveit_kinematics:/home/ubuntu/ws_moveit/install/moveit_chomp_optimizer_adapter:/home/ubuntu/ws_moveit/install/chomp_motion_planner:/home/ubuntu/ws_moveit/install/moveit_core:/home/ubuntu/ws_moveit/install/srdfdom:/home/ubuntu/ws_moveit/install/rviz_marker_tools:/home/ubuntu/ws_moveit/install/rosparam_shortcuts:/home/ubuntu/ws_moveit/install/moveit_task_constructor_msgs:/home/ubuntu/ws_moveit/install/moveit_resources_prbt_support:/home/ubuntu/ws_moveit/install/moveit_resources:/home/ubuntu/ws_moveit/install/moveit_resources_pr2_description:/home/ubuntu/ws_moveit/install/moveit_resources_panda_moveit_config:/home/ubuntu/ws_moveit/install/moveit_resources_panda_description:/home/ubuntu/ws_moveit/install/moveit_resources_fanuc_moveit_config:/home/ubuntu/ws_moveit/install/moveit_resources_fanuc_description:/home/ubuntu/ws_moveit/install/moveit_common:/home/ubuntu/ws00_helloworld/install/pkg03_hellovscode_cpp:/home/ubuntu/ws00_helloworld/install/pkg01_helloworld_cpp:/home/ubuntu/dev_ws/install/learning_topic_cpp:/home/ubuntu/dev_ws/install/learning_tf_cpp:/home/ubuntu/dev_ws/install/learning_service_cpp:/home/ubuntu/dev_ws/install/learning_pkg_c:/home/ubuntu/dev_ws/install/learning_parameter_cpp:/home/ubuntu/dev_ws/install/learning_node_cpp:/home/ubuntu/dev_ws/install/learning_action_cpp:/home/ubuntu/dev_ws/install/learning_interface:/home/ubuntu/ws_moveit/install/moveit_configs_utils:/home/ubuntu/ws_moveit/install/launch_param_builder:/home/ubuntu/ws00_helloworld/install/pkg02_helloworld_py:/home/ubuntu/dev_ws/install/learning_urdf:/home/ubuntu/dev_ws/install/learning_topic:/home/ubuntu/dev_ws/install/learning_tf:/home/ubuntu/dev_ws/install/learning_service:/home/ubuntu/dev_ws/install/learning_qos:/home/ubuntu/dev_ws/install/learning_pkg_python:/home/ubuntu/dev_ws/install/learning_parameter:/home/ubuntu/dev_ws/install/learning_node:/home/ubuntu/dev_ws/install/learning_launch:/home/ubuntu/dev_ws/install/learning_action:/home/ubuntu/dev_ws/install/learning_gazebo_harmonic:/home/ubuntu/dev_ws/install/learning_gazebo:/home/ubuntu/dev_ws/install/learning_cv:/opt/ros/humble /usr/bin/cmake --install /home/ubuntu/ws_engineer/build/engineer_protocol
[1.038s] Level 1:colcon.colcon_core.environment:checking '/home/ubuntu/ws_engineer/install/engineer_protocol' for CMake config files
[1.038s] Level 1:colcon.colcon_core.shell:create_environment_hook('engineer_protocol', 'cmake_prefix_path')
[1.038s] INFO:colcon.colcon_core.shell:Creating environment hook '/home/ubuntu/ws_engineer/install/engineer_protocol/share/engineer_protocol/hook/cmake_prefix_path.ps1'
[1.039s] INFO:colcon.colcon_core.shell:Creating environment descriptor '/home/ubuntu/ws_engineer/install/engineer_protocol/share/engineer_protocol/hook/cmake_prefix_path.dsv'
[1.039s] INFO:colcon.colcon_core.shell:Creating environment hook '/home/ubuntu/ws_engineer/install/engineer_protocol/share/engineer_protocol/hook/cmake_prefix_path.sh'
[1.040s] Level 1:colcon.colcon_core.environment:checking '/home/ubuntu/ws_engineer/install/engineer_protocol/lib'
[1.040s] Level 1:colcon.colcon_core.environment:checking '/home/ubuntu/ws_engineer/install/engineer_protocol/bin'
[1.040s] Level 1:colcon.colcon_core.environment:checking '/home/ubuntu/ws_engineer/install/engineer_protocol/lib/pkgconfig/engineer_protocol.pc'
[1.040s] Level 1:colcon.colcon_core.environment:checking '/home/ubuntu/ws_engineer/install/engineer_protocol/lib/python3.10/site-packages'
[1.040s] Level 1:colcon.colcon_core.environment:checking '/home/ubuntu/ws_engineer/install/engineer_protocol/bin'
[1.040s] INFO:colcon.colcon_core.shell:Creating package script '/home/ubuntu/ws_engineer/install/engineer_protocol/share/engineer_protocol/package.ps1'
[1.041s] INFO:colcon.colcon_core.shell:Creating package descriptor '/home/ubuntu/ws_engineer/install/engineer_protocol/share/engineer_protocol/package.dsv'
[1.041s] INFO:colcon.colcon_core.shell:Creating package script '/home/ubuntu/ws_engineer/install/engineer_protocol/share/engineer_protocol/package.sh'
[1.041s] INFO:colcon.colcon_core.shell:Creating package script '/home/ubuntu/ws_engineer/install/engineer_protocol/share/engineer_protocol/package.bash'
[1.041s] INFO:colcon.colcon_core.shell:Creating package script '/home/ubuntu/ws_engineer/install/engineer_protocol/share/engineer_protocol/package.zsh'
[1.042s] Level 1:colcon.colcon_core.environment:create_file_with_runtime_dependencies(/home/ubuntu/ws_engineer/install/engineer_protocol/share/colcon-core/packages/engineer_protocol)
[1.042s] Level 1:colcon.colcon_core.environment:create_environment_scripts_only(engineer_protocol)
[1.042s] Level 1:colcon.colcon_core.environment:checking '/home/ubuntu/ws_engineer/install/engineer_protocol' for CMake module files
[1.043s] Level 1:colcon.colcon_core.environment:checking '/home/ubuntu/ws_engineer/install/engineer_protocol' for CMake config files
[1.043s] Level 1:colcon.colcon_core.shell:create_environment_hook('engineer_protocol', 'cmake_prefix_path')
[1.043s] INFO:colcon.colcon_core.shell:Creating environment hook '/home/ubuntu/ws_engineer/install/engineer_protocol/share/engineer_protocol/hook/cmake_prefix_path.ps1'
[1.064s] INFO:colcon.colcon_core.shell:Creating environment descriptor '/home/ubuntu/ws_engineer/install/engineer_protocol/share/engineer_protocol/hook/cmake_prefix_path.dsv'
[1.065s] INFO:colcon.colcon_core.shell:Creating environment hook '/home/ubuntu/ws_engineer/install/engineer_protocol/share/engineer_protocol/hook/cmake_prefix_path.sh'
[1.065s] Level 1:colcon.colcon_core.environment:checking '/home/ubuntu/ws_engineer/install/engineer_protocol/lib'
[1.065s] Level 1:colcon.colcon_core.environment:checking '/home/ubuntu/ws_engineer/install/engineer_protocol/bin'
[1.065s] Level 1:colcon.colcon_core.environment:checking '/home/ubuntu/ws_engineer/install/engineer_protocol/lib/pkgconfig/engineer_protocol.pc'
[1.066s] Level 1:colcon.colcon_core.environment:checking '/home/ubuntu/ws_engineer/install/engineer_protocol/lib/python3.10/site-packages'
[1.066s] Level 1:colcon.colcon_core.environment:checking '/home/ubuntu/ws_engineer/install/engineer_protocol/bin'
[1.066s] INFO:colcon.colcon_core.shell:Creating package script '/home/ubuntu/ws_engineer/install/engineer_protocol/share/engineer_protocol/package.ps1'
[1.067s] INFO:colcon.colcon_core.shell:Creating package descriptor '/home/ubuntu/ws_engineer/install/engineer_protocol/share/engineer_protocol/package.dsv'
[1.067s] INFO:colcon.colcon_core.shell:Creating package script '/home/ubuntu/ws_engineer/install/engineer_protocol/share/engineer_protocol/package.sh'
[1.067s] INFO:colcon.colcon_core.shell:Creating package script '/home/ubuntu/ws_engineer/install/engineer_protocol/share/engineer_protocol/package.bash'
[1.068s] INFO:colcon.colcon_core.shell:Creating package script '/home/ubuntu/ws_engineer/install/engineer_protocol/share/engineer_protocol/package.zsh'
[1.068s] Level 1:colcon.colcon_core.environment:create_file_with_runtime_dependencies(/home/ubuntu/ws_engineer/install/engineer_protocol/share/colcon-core/packages/engineer_protocol)
[1.068s] DEBUG:colcon.colcon_parallel_executor.executor.parallel:closing loop
[1.068s] DEBUG:colcon.colcon_parallel_executor.executor.parallel:loop closed
[1.068s] DEBUG:colcon.colcon_parallel_executor.executor.parallel:run_until_complete finished with '0'
[1.069s] DEBUG:colcon.colcon_core.event_reactor:joining thread
[1.074s] INFO:colcon.colcon_core.plugin_system:Skipping extension 'colcon_notification.desktop_notification.terminal_notifier': Not used on non-Darwin systems
[1.074s] INFO:colcon.colcon_core.plugin_system:Skipping extension 'colcon_notification.desktop_notification.win32': Not used on non-Windows systems
[1.074s] INFO:colcon.colcon_notification.desktop_notification:Sending desktop notification using 'notify2'
[1.085s] DEBUG:colcon.colcon_core.event_reactor:joined thread
[1.085s] INFO:colcon.colcon_core.shell:Creating prefix script '/home/ubuntu/ws_engineer/install/local_setup.ps1'
[1.086s] INFO:colcon.colcon_core.shell:Creating prefix util module '/home/ubuntu/ws_engineer/install/_local_setup_util_ps1.py'
[1.087s] INFO:colcon.colcon_core.shell:Creating prefix chain script '/home/ubuntu/ws_engineer/install/setup.ps1'
[1.091s] INFO:colcon.colcon_core.shell:Creating prefix script '/home/ubuntu/ws_engineer/install/local_setup.sh'
[1.091s] INFO:colcon.colcon_core.shell:Creating prefix util module '/home/ubuntu/ws_engineer/install/_local_setup_util_sh.py'
[1.092s] INFO:colcon.colcon_core.shell:Creating prefix chain script '/home/ubuntu/ws_engineer/install/setup.sh'
[1.095s] INFO:colcon.colcon_core.shell:Creating prefix script '/home/ubuntu/ws_engineer/install/local_setup.bash'
[1.096s] INFO:colcon.colcon_core.shell:Creating prefix chain script '/home/ubuntu/ws_engineer/install/setup.bash'
[1.100s] INFO:colcon.colcon_core.shell:Creating prefix script '/home/ubuntu/ws_engineer/install/local_setup.zsh'
[1.100s] INFO:colcon.colcon_core.shell:Creating prefix chain script '/home/ubuntu/ws_engineer/install/setup.zsh'
