[0.109s] DEBUG:colcon:Command line arguments: ['/usr/bin/colcon', 'build']
[0.109s] DEBUG:colcon:Parsed command line arguments: Namespace(log_base=None, log_level=None, verb_name='build', build_base='build', install_base='install', merge_install=False, symlink_install=False, test_result_base=None, continue_on_error=False, executor='parallel', parallel_workers=16, event_handlers=None, ignore_user_meta=False, metas=['./colcon.meta'], base_paths=['.'], packages_ignore=None, packages_ignore_regex=None, paths=None, packages_up_to=None, packages_up_to_regex=None, packages_above=None, packages_above_and_dependencies=None, packages_above_depth=None, packages_select_by_dep=None, packages_skip_by_dep=None, packages_skip_up_to=None, packages_select_build_failed=False, packages_skip_build_finished=False, packages_select_test_failures=False, packages_skip_test_passed=False, packages_select=None, packages_skip=None, packages_select_regex=None, packages_skip_regex=None, packages_start=None, packages_end=None, allow_overriding=[], cmake_args=None, cmake_target=None, cmake_target_skip_unavailable=False, cmake_clean_cache=False, cmake_clean_first=False, cmake_force_configure=False, ament_cmake_args=None, catkin_cmake_args=None, catkin_skip_building_tests=False, mixin_files=None, mixin=None, verb_parser=<colcon_mixin.mixin.mixin_argument.MixinArgumentDecorator object at 0x741cfd2777f0>, verb_extension=<colcon_core.verb.build.BuildVerb object at 0x741cfd276e30>, main=<bound method BuildVerb.main of <colcon_core.verb.build.BuildVerb object at 0x741cfd276e30>>, mixin_verb=('build',))
[0.269s] Level 1:colcon.colcon_core.package_discovery:discover_packages(colcon_meta) check parameters
[0.269s] Level 1:colcon.colcon_core.package_discovery:discover_packages(recursive) check parameters
[0.269s] Level 1:colcon.colcon_core.package_discovery:discover_packages(ignore) check parameters
[0.269s] Level 1:colcon.colcon_core.package_discovery:discover_packages(path) check parameters
[0.269s] Level 1:colcon.colcon_core.package_discovery:discover_packages(colcon_meta) discover
[0.269s] Level 1:colcon.colcon_core.package_discovery:discover_packages(recursive) discover
[0.270s] INFO:colcon.colcon_core.package_discovery:Crawling recursively for packages in '/home/ubuntu/ws_engineer'
[0.270s] Level 1:colcon.colcon_core.package_identification:_identify(.) by extensions ['ignore', 'ignore_ament_install']
[0.270s] Level 1:colcon.colcon_core.package_identification:_identify(.) by extension 'ignore'
[0.270s] Level 1:colcon.colcon_core.package_identification:_identify(.) by extension 'ignore_ament_install'
[0.270s] Level 1:colcon.colcon_core.package_identification:_identify(.) by extensions ['colcon_pkg']
[0.270s] Level 1:colcon.colcon_core.package_identification:_identify(.) by extension 'colcon_pkg'
[0.270s] Level 1:colcon.colcon_core.package_identification:_identify(.) by extensions ['colcon_meta']
[0.270s] Level 1:colcon.colcon_core.package_identification:_identify(.) by extension 'colcon_meta'
[0.270s] Level 1:colcon.colcon_core.package_identification:_identify(.) by extensions ['ros']
[0.270s] Level 1:colcon.colcon_core.package_identification:_identify(.) by extension 'ros'
[0.279s] Level 1:colcon.colcon_core.package_identification:_identify(.) by extensions ['cmake', 'python']
[0.279s] Level 1:colcon.colcon_core.package_identification:_identify(.) by extension 'cmake'
[0.279s] Level 1:colcon.colcon_core.package_identification:_identify(.) by extension 'python'
[0.279s] Level 1:colcon.colcon_core.package_identification:_identify(.) by extensions ['python_setup_py']
[0.279s] Level 1:colcon.colcon_core.package_identification:_identify(.) by extension 'python_setup_py'
[0.279s] Level 1:colcon.colcon_core.package_identification:_identify(build) by extensions ['ignore', 'ignore_ament_install']
[0.279s] Level 1:colcon.colcon_core.package_identification:_identify(build) by extension 'ignore'
[0.279s] Level 1:colcon.colcon_core.package_identification:_identify(build) ignored
[0.279s] Level 1:colcon.colcon_core.package_identification:_identify(install) by extensions ['ignore', 'ignore_ament_install']
[0.279s] Level 1:colcon.colcon_core.package_identification:_identify(install) by extension 'ignore'
[0.279s] Level 1:colcon.colcon_core.package_identification:_identify(install) ignored
[0.280s] Level 1:colcon.colcon_core.package_identification:_identify(log) by extensions ['ignore', 'ignore_ament_install']
[0.280s] Level 1:colcon.colcon_core.package_identification:_identify(log) by extension 'ignore'
[0.280s] Level 1:colcon.colcon_core.package_identification:_identify(log) ignored
[0.280s] Level 1:colcon.colcon_core.package_identification:_identify(readme) by extensions ['ignore', 'ignore_ament_install']
[0.280s] Level 1:colcon.colcon_core.package_identification:_identify(readme) by extension 'ignore'
[0.280s] Level 1:colcon.colcon_core.package_identification:_identify(readme) by extension 'ignore_ament_install'
[0.280s] Level 1:colcon.colcon_core.package_identification:_identify(readme) by extensions ['colcon_pkg']
[0.280s] Level 1:colcon.colcon_core.package_identification:_identify(readme) by extension 'colcon_pkg'
[0.280s] Level 1:colcon.colcon_core.package_identification:_identify(readme) by extensions ['colcon_meta']
[0.280s] Level 1:colcon.colcon_core.package_identification:_identify(readme) by extension 'colcon_meta'
[0.280s] Level 1:colcon.colcon_core.package_identification:_identify(readme) by extensions ['ros']
[0.280s] Level 1:colcon.colcon_core.package_identification:_identify(readme) by extension 'ros'
[0.280s] Level 1:colcon.colcon_core.package_identification:_identify(readme) by extensions ['cmake', 'python']
[0.280s] Level 1:colcon.colcon_core.package_identification:_identify(readme) by extension 'cmake'
[0.280s] Level 1:colcon.colcon_core.package_identification:_identify(readme) by extension 'python'
[0.280s] Level 1:colcon.colcon_core.package_identification:_identify(readme) by extensions ['python_setup_py']
[0.280s] Level 1:colcon.colcon_core.package_identification:_identify(readme) by extension 'python_setup_py'
[0.280s] Level 1:colcon.colcon_core.package_identification:_identify(src) by extensions ['ignore', 'ignore_ament_install']
[0.280s] Level 1:colcon.colcon_core.package_identification:_identify(src) by extension 'ignore'
[0.280s] Level 1:colcon.colcon_core.package_identification:_identify(src) by extension 'ignore_ament_install'
[0.280s] Level 1:colcon.colcon_core.package_identification:_identify(src) by extensions ['colcon_pkg']
[0.280s] Level 1:colcon.colcon_core.package_identification:_identify(src) by extension 'colcon_pkg'
[0.280s] Level 1:colcon.colcon_core.package_identification:_identify(src) by extensions ['colcon_meta']
[0.280s] Level 1:colcon.colcon_core.package_identification:_identify(src) by extension 'colcon_meta'
[0.280s] Level 1:colcon.colcon_core.package_identification:_identify(src) by extensions ['ros']
[0.280s] Level 1:colcon.colcon_core.package_identification:_identify(src) by extension 'ros'
[0.280s] Level 1:colcon.colcon_core.package_identification:_identify(src) by extensions ['cmake', 'python']
[0.281s] Level 1:colcon.colcon_core.package_identification:_identify(src) by extension 'cmake'
[0.281s] Level 1:colcon.colcon_core.package_identification:_identify(src) by extension 'python'
[0.281s] Level 1:colcon.colcon_core.package_identification:_identify(src) by extensions ['python_setup_py']
[0.281s] Level 1:colcon.colcon_core.package_identification:_identify(src) by extension 'python_setup_py'
[0.281s] Level 1:colcon.colcon_core.package_identification:_identify(src/base_interfaces) by extensions ['ignore', 'ignore_ament_install']
[0.281s] Level 1:colcon.colcon_core.package_identification:_identify(src/base_interfaces) by extension 'ignore'
[0.281s] Level 1:colcon.colcon_core.package_identification:_identify(src/base_interfaces) by extension 'ignore_ament_install'
[0.281s] Level 1:colcon.colcon_core.package_identification:_identify(src/base_interfaces) by extensions ['colcon_pkg']
[0.281s] Level 1:colcon.colcon_core.package_identification:_identify(src/base_interfaces) by extension 'colcon_pkg'
[0.281s] Level 1:colcon.colcon_core.package_identification:_identify(src/base_interfaces) by extensions ['colcon_meta']
[0.281s] Level 1:colcon.colcon_core.package_identification:_identify(src/base_interfaces) by extension 'colcon_meta'
[0.281s] Level 1:colcon.colcon_core.package_identification:_identify(src/base_interfaces) by extensions ['ros']
[0.281s] Level 1:colcon.colcon_core.package_identification:_identify(src/base_interfaces) by extension 'ros'
[0.290s] DEBUG:colcon.colcon_core.package_identification:Package 'src/base_interfaces' with type 'ros.ament_cmake' and name 'base_interfaces'
[0.290s] Level 1:colcon.colcon_core.package_identification:_identify(src/engineer_config) by extensions ['ignore', 'ignore_ament_install']
[0.290s] Level 1:colcon.colcon_core.package_identification:_identify(src/engineer_config) by extension 'ignore'
[0.290s] Level 1:colcon.colcon_core.package_identification:_identify(src/engineer_config) by extension 'ignore_ament_install'
[0.290s] Level 1:colcon.colcon_core.package_identification:_identify(src/engineer_config) by extensions ['colcon_pkg']
[0.290s] Level 1:colcon.colcon_core.package_identification:_identify(src/engineer_config) by extension 'colcon_pkg'
[0.290s] Level 1:colcon.colcon_core.package_identification:_identify(src/engineer_config) by extensions ['colcon_meta']
[0.290s] Level 1:colcon.colcon_core.package_identification:_identify(src/engineer_config) by extension 'colcon_meta'
[0.290s] Level 1:colcon.colcon_core.package_identification:_identify(src/engineer_config) by extensions ['ros']
[0.290s] Level 1:colcon.colcon_core.package_identification:_identify(src/engineer_config) by extension 'ros'
[0.291s] DEBUG:colcon.colcon_core.package_identification:Package 'src/engineer_config' with type 'ros.ament_cmake' and name 'engineer_config'
[0.291s] Level 1:colcon.colcon_core.package_identification:_identify(src/engineer_protocol) by extensions ['ignore', 'ignore_ament_install']
[0.291s] Level 1:colcon.colcon_core.package_identification:_identify(src/engineer_protocol) by extension 'ignore'
[0.291s] Level 1:colcon.colcon_core.package_identification:_identify(src/engineer_protocol) by extension 'ignore_ament_install'
[0.291s] Level 1:colcon.colcon_core.package_identification:_identify(src/engineer_protocol) by extensions ['colcon_pkg']
[0.291s] Level 1:colcon.colcon_core.package_identification:_identify(src/engineer_protocol) by extension 'colcon_pkg'
[0.291s] Level 1:colcon.colcon_core.package_identification:_identify(src/engineer_protocol) by extensions ['colcon_meta']
[0.291s] Level 1:colcon.colcon_core.package_identification:_identify(src/engineer_protocol) by extension 'colcon_meta'
[0.291s] Level 1:colcon.colcon_core.package_identification:_identify(src/engineer_protocol) by extensions ['ros']
[0.291s] Level 1:colcon.colcon_core.package_identification:_identify(src/engineer_protocol) by extension 'ros'
[0.292s] DEBUG:colcon.colcon_core.package_identification:Package 'src/engineer_protocol' with type 'ros.ament_cmake' and name 'engineer_protocol'
[0.292s] Level 1:colcon.colcon_core.package_identification:_identify(src/engineer_urdf) by extensions ['ignore', 'ignore_ament_install']
[0.292s] Level 1:colcon.colcon_core.package_identification:_identify(src/engineer_urdf) by extension 'ignore'
[0.292s] Level 1:colcon.colcon_core.package_identification:_identify(src/engineer_urdf) by extension 'ignore_ament_install'
[0.292s] Level 1:colcon.colcon_core.package_identification:_identify(src/engineer_urdf) by extensions ['colcon_pkg']
[0.292s] Level 1:colcon.colcon_core.package_identification:_identify(src/engineer_urdf) by extension 'colcon_pkg'
[0.292s] Level 1:colcon.colcon_core.package_identification:_identify(src/engineer_urdf) by extensions ['colcon_meta']
[0.292s] Level 1:colcon.colcon_core.package_identification:_identify(src/engineer_urdf) by extension 'colcon_meta'
[0.292s] Level 1:colcon.colcon_core.package_identification:_identify(src/engineer_urdf) by extensions ['ros']
[0.292s] Level 1:colcon.colcon_core.package_identification:_identify(src/engineer_urdf) by extension 'ros'
[0.293s] DEBUG:colcon.colcon_core.package_identification:Package 'src/engineer_urdf' with type 'ros.ament_cmake' and name 'engineer_urdf'
[0.293s] Level 1:colcon.colcon_core.package_identification:_identify(src/moveit_demo) by extensions ['ignore', 'ignore_ament_install']
[0.293s] Level 1:colcon.colcon_core.package_identification:_identify(src/moveit_demo) by extension 'ignore'
[0.293s] Level 1:colcon.colcon_core.package_identification:_identify(src/moveit_demo) by extension 'ignore_ament_install'
[0.293s] Level 1:colcon.colcon_core.package_identification:_identify(src/moveit_demo) by extensions ['colcon_pkg']
[0.293s] Level 1:colcon.colcon_core.package_identification:_identify(src/moveit_demo) by extension 'colcon_pkg'
[0.293s] Level 1:colcon.colcon_core.package_identification:_identify(src/moveit_demo) by extensions ['colcon_meta']
[0.293s] Level 1:colcon.colcon_core.package_identification:_identify(src/moveit_demo) by extension 'colcon_meta'
[0.293s] Level 1:colcon.colcon_core.package_identification:_identify(src/moveit_demo) by extensions ['ros']
[0.293s] Level 1:colcon.colcon_core.package_identification:_identify(src/moveit_demo) by extension 'ros'
[0.294s] DEBUG:colcon.colcon_core.package_identification:Package 'src/moveit_demo' with type 'ros.ament_cmake' and name 'moveit_demo'
[0.294s] Level 1:colcon.colcon_core.package_discovery:discover_packages(recursive) using defaults
[0.294s] Level 1:colcon.colcon_core.package_discovery:discover_packages(ignore) discover
[0.294s] Level 1:colcon.colcon_core.package_discovery:discover_packages(ignore) using defaults
[0.294s] Level 1:colcon.colcon_core.package_discovery:discover_packages(path) discover
[0.294s] Level 1:colcon.colcon_core.package_discovery:discover_packages(path) using defaults
[0.311s] Level 1:colcon.colcon_core.package_discovery:discover_packages(prefix_path) check parameters
[0.311s] Level 1:colcon.colcon_core.package_discovery:discover_packages(prefix_path) discover
[0.312s] WARNING:colcon.colcon_ros.prefix_path.ament:The path '/home/ubuntu/ws_engineer/install/moveit_demo' in the environment variable AMENT_PREFIX_PATH doesn't exist
[0.312s] WARNING:colcon.colcon_ros.prefix_path.ament:The path '/home/ubuntu/ws_engineer/install/engineer_config' in the environment variable AMENT_PREFIX_PATH doesn't exist
[0.312s] WARNING:colcon.colcon_ros.prefix_path.ament:The path '/home/ubuntu/ws_engineer/install/engineer_urdf' in the environment variable AMENT_PREFIX_PATH doesn't exist
[0.312s] WARNING:colcon.colcon_ros.prefix_path.ament:The path '/home/ubuntu/ws_engineer/install/engineer_protocol' in the environment variable AMENT_PREFIX_PATH doesn't exist
[0.312s] WARNING:colcon.colcon_ros.prefix_path.ament:The path '/home/ubuntu/ws_engineer/install/base_interfaces' in the environment variable AMENT_PREFIX_PATH doesn't exist
[0.314s] WARNING:colcon.colcon_ros.prefix_path.catkin:The path '/home/ubuntu/ws_engineer/install/moveit_demo' in the environment variable CMAKE_PREFIX_PATH doesn't exist
[0.314s] WARNING:colcon.colcon_ros.prefix_path.catkin:The path '/home/ubuntu/ws_engineer/install/engineer_config' in the environment variable CMAKE_PREFIX_PATH doesn't exist
[0.314s] WARNING:colcon.colcon_ros.prefix_path.catkin:The path '/home/ubuntu/ws_engineer/install/engineer_urdf' in the environment variable CMAKE_PREFIX_PATH doesn't exist
[0.315s] WARNING:colcon.colcon_ros.prefix_path.catkin:The path '/home/ubuntu/ws_engineer/install/engineer_protocol' in the environment variable CMAKE_PREFIX_PATH doesn't exist
[0.315s] WARNING:colcon.colcon_ros.prefix_path.catkin:The path '/home/ubuntu/ws_engineer/install/base_interfaces' in the environment variable CMAKE_PREFIX_PATH doesn't exist
[0.315s] DEBUG:colcon.colcon_installed_package_information.package_discovery:Found 0 installed packages in /home/ubuntu/ws_engineer/install
[0.317s] DEBUG:colcon.colcon_installed_package_information.package_discovery:Found 55 installed packages in /home/ubuntu/ws_moveit/install
[0.317s] DEBUG:colcon.colcon_installed_package_information.package_discovery:Found 3 installed packages in /home/ubuntu/ws00_helloworld/install
[0.318s] DEBUG:colcon.colcon_installed_package_information.package_discovery:Found 21 installed packages in /home/ubuntu/dev_ws/install
[0.320s] DEBUG:colcon.colcon_installed_package_information.package_discovery:Found 342 installed packages in /opt/ros/humble
[0.323s] Level 1:colcon.colcon_core.package_discovery:discover_packages(prefix_path) using defaults
[0.364s] Level 5:colcon.colcon_core.verb:set package 'base_interfaces' build argument 'cmake_args' from command line to 'None'
[0.364s] Level 5:colcon.colcon_core.verb:set package 'base_interfaces' build argument 'cmake_target' from command line to 'None'
[0.364s] Level 5:colcon.colcon_core.verb:set package 'base_interfaces' build argument 'cmake_target_skip_unavailable' from command line to 'False'
[0.364s] Level 5:colcon.colcon_core.verb:set package 'base_interfaces' build argument 'cmake_clean_cache' from command line to 'False'
[0.364s] Level 5:colcon.colcon_core.verb:set package 'base_interfaces' build argument 'cmake_clean_first' from command line to 'False'
[0.364s] Level 5:colcon.colcon_core.verb:set package 'base_interfaces' build argument 'cmake_force_configure' from command line to 'False'
[0.364s] Level 5:colcon.colcon_core.verb:set package 'base_interfaces' build argument 'ament_cmake_args' from command line to 'None'
[0.364s] Level 5:colcon.colcon_core.verb:set package 'base_interfaces' build argument 'catkin_cmake_args' from command line to 'None'
[0.364s] Level 5:colcon.colcon_core.verb:set package 'base_interfaces' build argument 'catkin_skip_building_tests' from command line to 'False'
[0.364s] DEBUG:colcon.colcon_core.verb:Building package 'base_interfaces' with the following arguments: {'ament_cmake_args': None, 'build_base': '/home/ubuntu/ws_engineer/build/base_interfaces', 'catkin_cmake_args': None, 'catkin_skip_building_tests': False, 'cmake_args': None, 'cmake_clean_cache': False, 'cmake_clean_first': False, 'cmake_force_configure': False, 'cmake_target': None, 'cmake_target_skip_unavailable': False, 'install_base': '/home/ubuntu/ws_engineer/install/base_interfaces', 'merge_install': False, 'path': '/home/ubuntu/ws_engineer/src/base_interfaces', 'symlink_install': False, 'test_result_base': None}
[0.364s] Level 5:colcon.colcon_core.verb:set package 'engineer_urdf' build argument 'cmake_args' from command line to 'None'
[0.364s] Level 5:colcon.colcon_core.verb:set package 'engineer_urdf' build argument 'cmake_target' from command line to 'None'
[0.365s] Level 5:colcon.colcon_core.verb:set package 'engineer_urdf' build argument 'cmake_target_skip_unavailable' from command line to 'False'
[0.365s] Level 5:colcon.colcon_core.verb:set package 'engineer_urdf' build argument 'cmake_clean_cache' from command line to 'False'
[0.365s] Level 5:colcon.colcon_core.verb:set package 'engineer_urdf' build argument 'cmake_clean_first' from command line to 'False'
[0.365s] Level 5:colcon.colcon_core.verb:set package 'engineer_urdf' build argument 'cmake_force_configure' from command line to 'False'
[0.365s] Level 5:colcon.colcon_core.verb:set package 'engineer_urdf' build argument 'ament_cmake_args' from command line to 'None'
[0.365s] Level 5:colcon.colcon_core.verb:set package 'engineer_urdf' build argument 'catkin_cmake_args' from command line to 'None'
[0.365s] Level 5:colcon.colcon_core.verb:set package 'engineer_urdf' build argument 'catkin_skip_building_tests' from command line to 'False'
[0.365s] DEBUG:colcon.colcon_core.verb:Building package 'engineer_urdf' with the following arguments: {'ament_cmake_args': None, 'build_base': '/home/ubuntu/ws_engineer/build/engineer_urdf', 'catkin_cmake_args': None, 'catkin_skip_building_tests': False, 'cmake_args': None, 'cmake_clean_cache': False, 'cmake_clean_first': False, 'cmake_force_configure': False, 'cmake_target': None, 'cmake_target_skip_unavailable': False, 'install_base': '/home/ubuntu/ws_engineer/install/engineer_urdf', 'merge_install': False, 'path': '/home/ubuntu/ws_engineer/src/engineer_urdf', 'symlink_install': False, 'test_result_base': None}
[0.365s] Level 5:colcon.colcon_core.verb:set package 'moveit_demo' build argument 'cmake_args' from command line to 'None'
[0.365s] Level 5:colcon.colcon_core.verb:set package 'moveit_demo' build argument 'cmake_target' from command line to 'None'
[0.365s] Level 5:colcon.colcon_core.verb:set package 'moveit_demo' build argument 'cmake_target_skip_unavailable' from command line to 'False'
[0.365s] Level 5:colcon.colcon_core.verb:set package 'moveit_demo' build argument 'cmake_clean_cache' from command line to 'False'
[0.365s] Level 5:colcon.colcon_core.verb:set package 'moveit_demo' build argument 'cmake_clean_first' from command line to 'False'
[0.365s] Level 5:colcon.colcon_core.verb:set package 'moveit_demo' build argument 'cmake_force_configure' from command line to 'False'
[0.365s] Level 5:colcon.colcon_core.verb:set package 'moveit_demo' build argument 'ament_cmake_args' from command line to 'None'
[0.365s] Level 5:colcon.colcon_core.verb:set package 'moveit_demo' build argument 'catkin_cmake_args' from command line to 'None'
[0.365s] Level 5:colcon.colcon_core.verb:set package 'moveit_demo' build argument 'catkin_skip_building_tests' from command line to 'False'
[0.365s] DEBUG:colcon.colcon_core.verb:Building package 'moveit_demo' with the following arguments: {'ament_cmake_args': None, 'build_base': '/home/ubuntu/ws_engineer/build/moveit_demo', 'catkin_cmake_args': None, 'catkin_skip_building_tests': False, 'cmake_args': None, 'cmake_clean_cache': False, 'cmake_clean_first': False, 'cmake_force_configure': False, 'cmake_target': None, 'cmake_target_skip_unavailable': False, 'install_base': '/home/ubuntu/ws_engineer/install/moveit_demo', 'merge_install': False, 'path': '/home/ubuntu/ws_engineer/src/moveit_demo', 'symlink_install': False, 'test_result_base': None}
[0.365s] Level 5:colcon.colcon_core.verb:set package 'engineer_config' build argument 'cmake_args' from command line to 'None'
[0.365s] Level 5:colcon.colcon_core.verb:set package 'engineer_config' build argument 'cmake_target' from command line to 'None'
[0.365s] Level 5:colcon.colcon_core.verb:set package 'engineer_config' build argument 'cmake_target_skip_unavailable' from command line to 'False'
[0.365s] Level 5:colcon.colcon_core.verb:set package 'engineer_config' build argument 'cmake_clean_cache' from command line to 'False'
[0.365s] Level 5:colcon.colcon_core.verb:set package 'engineer_config' build argument 'cmake_clean_first' from command line to 'False'
[0.365s] Level 5:colcon.colcon_core.verb:set package 'engineer_config' build argument 'cmake_force_configure' from command line to 'False'
[0.365s] Level 5:colcon.colcon_core.verb:set package 'engineer_config' build argument 'ament_cmake_args' from command line to 'None'
[0.365s] Level 5:colcon.colcon_core.verb:set package 'engineer_config' build argument 'catkin_cmake_args' from command line to 'None'
[0.365s] Level 5:colcon.colcon_core.verb:set package 'engineer_config' build argument 'catkin_skip_building_tests' from command line to 'False'
[0.365s] DEBUG:colcon.colcon_core.verb:Building package 'engineer_config' with the following arguments: {'ament_cmake_args': None, 'build_base': '/home/ubuntu/ws_engineer/build/engineer_config', 'catkin_cmake_args': None, 'catkin_skip_building_tests': False, 'cmake_args': None, 'cmake_clean_cache': False, 'cmake_clean_first': False, 'cmake_force_configure': False, 'cmake_target': None, 'cmake_target_skip_unavailable': False, 'install_base': '/home/ubuntu/ws_engineer/install/engineer_config', 'merge_install': False, 'path': '/home/ubuntu/ws_engineer/src/engineer_config', 'symlink_install': False, 'test_result_base': None}
[0.366s] Level 5:colcon.colcon_core.verb:set package 'engineer_protocol' build argument 'cmake_args' from command line to 'None'
[0.366s] Level 5:colcon.colcon_core.verb:set package 'engineer_protocol' build argument 'cmake_target' from command line to 'None'
[0.366s] Level 5:colcon.colcon_core.verb:set package 'engineer_protocol' build argument 'cmake_target_skip_unavailable' from command line to 'False'
[0.366s] Level 5:colcon.colcon_core.verb:set package 'engineer_protocol' build argument 'cmake_clean_cache' from command line to 'False'
[0.366s] Level 5:colcon.colcon_core.verb:set package 'engineer_protocol' build argument 'cmake_clean_first' from command line to 'False'
[0.366s] Level 5:colcon.colcon_core.verb:set package 'engineer_protocol' build argument 'cmake_force_configure' from command line to 'False'
[0.366s] Level 5:colcon.colcon_core.verb:set package 'engineer_protocol' build argument 'ament_cmake_args' from command line to 'None'
[0.366s] Level 5:colcon.colcon_core.verb:set package 'engineer_protocol' build argument 'catkin_cmake_args' from command line to 'None'
[0.366s] Level 5:colcon.colcon_core.verb:set package 'engineer_protocol' build argument 'catkin_skip_building_tests' from command line to 'False'
[0.366s] DEBUG:colcon.colcon_core.verb:Building package 'engineer_protocol' with the following arguments: {'ament_cmake_args': None, 'build_base': '/home/ubuntu/ws_engineer/build/engineer_protocol', 'catkin_cmake_args': None, 'catkin_skip_building_tests': False, 'cmake_args': None, 'cmake_clean_cache': False, 'cmake_clean_first': False, 'cmake_force_configure': False, 'cmake_target': None, 'cmake_target_skip_unavailable': False, 'install_base': '/home/ubuntu/ws_engineer/install/engineer_protocol', 'merge_install': False, 'path': '/home/ubuntu/ws_engineer/src/engineer_protocol', 'symlink_install': False, 'test_result_base': None}
[0.366s] INFO:colcon.colcon_core.executor:Executing jobs using 'parallel' executor
[0.367s] DEBUG:colcon.colcon_parallel_executor.executor.parallel:run_until_complete
[0.367s] INFO:colcon.colcon_ros.task.ament_cmake.build:Building ROS package in '/home/ubuntu/ws_engineer/src/base_interfaces' with build type 'ament_cmake'
[0.367s] INFO:colcon.colcon_cmake.task.cmake.build:Building CMake package in '/home/ubuntu/ws_engineer/src/base_interfaces'
[0.369s] INFO:colcon.colcon_core.plugin_system:Skipping extension 'colcon_core.shell.bat': Not used on non-Windows systems
[0.369s] INFO:colcon.colcon_core.shell:Skip shell extension 'powershell' for command environment: Not usable outside of PowerShell
[0.369s] DEBUG:colcon.colcon_core.shell:Skip shell extension 'dsv' for command environment
[0.378s] INFO:colcon.colcon_ros.task.ament_cmake.build:Building ROS package in '/home/ubuntu/ws_engineer/src/engineer_urdf' with build type 'ament_cmake'
[0.378s] INFO:colcon.colcon_cmake.task.cmake.build:Building CMake package in '/home/ubuntu/ws_engineer/src/engineer_urdf'
[0.378s] INFO:colcon.colcon_core.shell:Skip shell extension 'powershell' for command environment: Not usable outside of PowerShell
[0.378s] DEBUG:colcon.colcon_core.shell:Skip shell extension 'dsv' for command environment
[0.386s] INFO:colcon.colcon_ros.task.ament_cmake.build:Building ROS package in '/home/ubuntu/ws_engineer/src/moveit_demo' with build type 'ament_cmake'
[0.386s] INFO:colcon.colcon_cmake.task.cmake.build:Building CMake package in '/home/ubuntu/ws_engineer/src/moveit_demo'
[0.386s] INFO:colcon.colcon_core.shell:Skip shell extension 'powershell' for command environment: Not usable outside of PowerShell
[0.386s] DEBUG:colcon.colcon_core.shell:Skip shell extension 'dsv' for command environment
[0.398s] DEBUG:colcon.colcon_core.event_handler.log_command:Invoking command in '/home/ubuntu/ws_engineer/build/base_interfaces': CMAKE_PREFIX_PATH=${CMAKE_PREFIX_PATH}:/home/ubuntu/ws_moveit/install/moveit_configs_utils:/home/ubuntu/ws_moveit/install/launch_param_builder:/home/ubuntu/ws00_helloworld/install/pkg02_helloworld_py:/home/ubuntu/dev_ws/install/learning_urdf:/home/ubuntu/dev_ws/install/learning_topic:/home/ubuntu/dev_ws/install/learning_tf:/home/ubuntu/dev_ws/install/learning_service:/home/ubuntu/dev_ws/install/learning_qos:/home/ubuntu/dev_ws/install/learning_pkg_python:/home/ubuntu/dev_ws/install/learning_parameter:/home/ubuntu/dev_ws/install/learning_node:/home/ubuntu/dev_ws/install/learning_launch:/home/ubuntu/dev_ws/install/learning_action:/home/ubuntu/dev_ws/install/learning_gazebo_harmonic:/home/ubuntu/dev_ws/install/learning_gazebo:/home/ubuntu/dev_ws/install/learning_cv:/opt/ros/humble /usr/bin/cmake /home/ubuntu/ws_engineer/src/base_interfaces -DCMAKE_INSTALL_PREFIX=/home/ubuntu/ws_engineer/install/base_interfaces
[0.401s] DEBUG:colcon.colcon_core.event_handler.log_command:Invoking command in '/home/ubuntu/ws_engineer/build/engineer_urdf': CMAKE_PREFIX_PATH=${CMAKE_PREFIX_PATH}:/home/ubuntu/ws_moveit/install/moveit_configs_utils:/home/ubuntu/ws_moveit/install/launch_param_builder:/home/ubuntu/ws00_helloworld/install/pkg02_helloworld_py:/home/ubuntu/dev_ws/install/learning_urdf:/home/ubuntu/dev_ws/install/learning_topic:/home/ubuntu/dev_ws/install/learning_tf:/home/ubuntu/dev_ws/install/learning_service:/home/ubuntu/dev_ws/install/learning_qos:/home/ubuntu/dev_ws/install/learning_pkg_python:/home/ubuntu/dev_ws/install/learning_parameter:/home/ubuntu/dev_ws/install/learning_node:/home/ubuntu/dev_ws/install/learning_launch:/home/ubuntu/dev_ws/install/learning_action:/home/ubuntu/dev_ws/install/learning_gazebo_harmonic:/home/ubuntu/dev_ws/install/learning_gazebo:/home/ubuntu/dev_ws/install/learning_cv:/opt/ros/humble /usr/bin/cmake /home/ubuntu/ws_engineer/src/engineer_urdf -DCMAKE_INSTALL_PREFIX=/home/ubuntu/ws_engineer/install/engineer_urdf
[0.404s] DEBUG:colcon.colcon_core.event_handler.log_command:Invoking command in '/home/ubuntu/ws_engineer/build/moveit_demo': CMAKE_PREFIX_PATH=${CMAKE_PREFIX_PATH}:/home/ubuntu/ws_moveit/install/moveit_configs_utils:/home/ubuntu/ws_moveit/install/launch_param_builder:/home/ubuntu/ws00_helloworld/install/pkg02_helloworld_py:/home/ubuntu/dev_ws/install/learning_urdf:/home/ubuntu/dev_ws/install/learning_topic:/home/ubuntu/dev_ws/install/learning_tf:/home/ubuntu/dev_ws/install/learning_service:/home/ubuntu/dev_ws/install/learning_qos:/home/ubuntu/dev_ws/install/learning_pkg_python:/home/ubuntu/dev_ws/install/learning_parameter:/home/ubuntu/dev_ws/install/learning_node:/home/ubuntu/dev_ws/install/learning_launch:/home/ubuntu/dev_ws/install/learning_action:/home/ubuntu/dev_ws/install/learning_gazebo_harmonic:/home/ubuntu/dev_ws/install/learning_gazebo:/home/ubuntu/dev_ws/install/learning_cv:/opt/ros/humble /usr/bin/cmake /home/ubuntu/ws_engineer/src/moveit_demo -DCMAKE_INSTALL_PREFIX=/home/ubuntu/ws_engineer/install/moveit_demo
[2.698s] DEBUG:colcon.colcon_core.event_handler.log_command:Invoked command in '/home/ubuntu/ws_engineer/build/base_interfaces' returned '0': CMAKE_PREFIX_PATH=${CMAKE_PREFIX_PATH}:/home/ubuntu/ws_moveit/install/moveit_configs_utils:/home/ubuntu/ws_moveit/install/launch_param_builder:/home/ubuntu/ws00_helloworld/install/pkg02_helloworld_py:/home/ubuntu/dev_ws/install/learning_urdf:/home/ubuntu/dev_ws/install/learning_topic:/home/ubuntu/dev_ws/install/learning_tf:/home/ubuntu/dev_ws/install/learning_service:/home/ubuntu/dev_ws/install/learning_qos:/home/ubuntu/dev_ws/install/learning_pkg_python:/home/ubuntu/dev_ws/install/learning_parameter:/home/ubuntu/dev_ws/install/learning_node:/home/ubuntu/dev_ws/install/learning_launch:/home/ubuntu/dev_ws/install/learning_action:/home/ubuntu/dev_ws/install/learning_gazebo_harmonic:/home/ubuntu/dev_ws/install/learning_gazebo:/home/ubuntu/dev_ws/install/learning_cv:/opt/ros/humble /usr/bin/cmake /home/ubuntu/ws_engineer/src/base_interfaces -DCMAKE_INSTALL_PREFIX=/home/ubuntu/ws_engineer/install/base_interfaces
[2.700s] DEBUG:colcon.colcon_core.event_handler.log_command:Invoking command in '/home/ubuntu/ws_engineer/build/base_interfaces': CMAKE_PREFIX_PATH=${CMAKE_PREFIX_PATH}:/home/ubuntu/ws_moveit/install/moveit_configs_utils:/home/ubuntu/ws_moveit/install/launch_param_builder:/home/ubuntu/ws00_helloworld/install/pkg02_helloworld_py:/home/ubuntu/dev_ws/install/learning_urdf:/home/ubuntu/dev_ws/install/learning_topic:/home/ubuntu/dev_ws/install/learning_tf:/home/ubuntu/dev_ws/install/learning_service:/home/ubuntu/dev_ws/install/learning_qos:/home/ubuntu/dev_ws/install/learning_pkg_python:/home/ubuntu/dev_ws/install/learning_parameter:/home/ubuntu/dev_ws/install/learning_node:/home/ubuntu/dev_ws/install/learning_launch:/home/ubuntu/dev_ws/install/learning_action:/home/ubuntu/dev_ws/install/learning_gazebo_harmonic:/home/ubuntu/dev_ws/install/learning_gazebo:/home/ubuntu/dev_ws/install/learning_cv:/opt/ros/humble /usr/bin/cmake --build /home/ubuntu/ws_engineer/build/base_interfaces -- -j16 -l16
[4.171s] DEBUG:colcon.colcon_core.event_handler.log_command:Invoked command in '/home/ubuntu/ws_engineer/build/moveit_demo' returned '0': CMAKE_PREFIX_PATH=${CMAKE_PREFIX_PATH}:/home/ubuntu/ws_moveit/install/moveit_configs_utils:/home/ubuntu/ws_moveit/install/launch_param_builder:/home/ubuntu/ws00_helloworld/install/pkg02_helloworld_py:/home/ubuntu/dev_ws/install/learning_urdf:/home/ubuntu/dev_ws/install/learning_topic:/home/ubuntu/dev_ws/install/learning_tf:/home/ubuntu/dev_ws/install/learning_service:/home/ubuntu/dev_ws/install/learning_qos:/home/ubuntu/dev_ws/install/learning_pkg_python:/home/ubuntu/dev_ws/install/learning_parameter:/home/ubuntu/dev_ws/install/learning_node:/home/ubuntu/dev_ws/install/learning_launch:/home/ubuntu/dev_ws/install/learning_action:/home/ubuntu/dev_ws/install/learning_gazebo_harmonic:/home/ubuntu/dev_ws/install/learning_gazebo:/home/ubuntu/dev_ws/install/learning_cv:/opt/ros/humble /usr/bin/cmake /home/ubuntu/ws_engineer/src/moveit_demo -DCMAKE_INSTALL_PREFIX=/home/ubuntu/ws_engineer/install/moveit_demo
[4.174s] DEBUG:colcon.colcon_core.event_handler.log_command:Invoking command in '/home/ubuntu/ws_engineer/build/moveit_demo': CMAKE_PREFIX_PATH=${CMAKE_PREFIX_PATH}:/home/ubuntu/ws_moveit/install/moveit_configs_utils:/home/ubuntu/ws_moveit/install/launch_param_builder:/home/ubuntu/ws00_helloworld/install/pkg02_helloworld_py:/home/ubuntu/dev_ws/install/learning_urdf:/home/ubuntu/dev_ws/install/learning_topic:/home/ubuntu/dev_ws/install/learning_tf:/home/ubuntu/dev_ws/install/learning_service:/home/ubuntu/dev_ws/install/learning_qos:/home/ubuntu/dev_ws/install/learning_pkg_python:/home/ubuntu/dev_ws/install/learning_parameter:/home/ubuntu/dev_ws/install/learning_node:/home/ubuntu/dev_ws/install/learning_launch:/home/ubuntu/dev_ws/install/learning_action:/home/ubuntu/dev_ws/install/learning_gazebo_harmonic:/home/ubuntu/dev_ws/install/learning_gazebo:/home/ubuntu/dev_ws/install/learning_cv:/opt/ros/humble /usr/bin/cmake --build /home/ubuntu/ws_engineer/build/moveit_demo -- -j16 -l16
[4.224s] DEBUG:colcon.colcon_core.event_handler.log_command:Invoked command in '/home/ubuntu/ws_engineer/build/engineer_urdf' returned '0': CMAKE_PREFIX_PATH=${CMAKE_PREFIX_PATH}:/home/ubuntu/ws_moveit/install/moveit_configs_utils:/home/ubuntu/ws_moveit/install/launch_param_builder:/home/ubuntu/ws00_helloworld/install/pkg02_helloworld_py:/home/ubuntu/dev_ws/install/learning_urdf:/home/ubuntu/dev_ws/install/learning_topic:/home/ubuntu/dev_ws/install/learning_tf:/home/ubuntu/dev_ws/install/learning_service:/home/ubuntu/dev_ws/install/learning_qos:/home/ubuntu/dev_ws/install/learning_pkg_python:/home/ubuntu/dev_ws/install/learning_parameter:/home/ubuntu/dev_ws/install/learning_node:/home/ubuntu/dev_ws/install/learning_launch:/home/ubuntu/dev_ws/install/learning_action:/home/ubuntu/dev_ws/install/learning_gazebo_harmonic:/home/ubuntu/dev_ws/install/learning_gazebo:/home/ubuntu/dev_ws/install/learning_cv:/opt/ros/humble /usr/bin/cmake /home/ubuntu/ws_engineer/src/engineer_urdf -DCMAKE_INSTALL_PREFIX=/home/ubuntu/ws_engineer/install/engineer_urdf
[4.225s] DEBUG:colcon.colcon_core.event_handler.log_command:Invoking command in '/home/ubuntu/ws_engineer/build/engineer_urdf': CMAKE_PREFIX_PATH=${CMAKE_PREFIX_PATH}:/home/ubuntu/ws_moveit/install/moveit_configs_utils:/home/ubuntu/ws_moveit/install/launch_param_builder:/home/ubuntu/ws00_helloworld/install/pkg02_helloworld_py:/home/ubuntu/dev_ws/install/learning_urdf:/home/ubuntu/dev_ws/install/learning_topic:/home/ubuntu/dev_ws/install/learning_tf:/home/ubuntu/dev_ws/install/learning_service:/home/ubuntu/dev_ws/install/learning_qos:/home/ubuntu/dev_ws/install/learning_pkg_python:/home/ubuntu/dev_ws/install/learning_parameter:/home/ubuntu/dev_ws/install/learning_node:/home/ubuntu/dev_ws/install/learning_launch:/home/ubuntu/dev_ws/install/learning_action:/home/ubuntu/dev_ws/install/learning_gazebo_harmonic:/home/ubuntu/dev_ws/install/learning_gazebo:/home/ubuntu/dev_ws/install/learning_cv:/opt/ros/humble /usr/bin/cmake --build /home/ubuntu/ws_engineer/build/engineer_urdf -- -j16 -l16
[4.897s] DEBUG:colcon.colcon_core.event_handler.log_command:Invoked command in '/home/ubuntu/ws_engineer/build/base_interfaces' returned '0': CMAKE_PREFIX_PATH=${CMAKE_PREFIX_PATH}:/home/ubuntu/ws_moveit/install/moveit_configs_utils:/home/ubuntu/ws_moveit/install/launch_param_builder:/home/ubuntu/ws00_helloworld/install/pkg02_helloworld_py:/home/ubuntu/dev_ws/install/learning_urdf:/home/ubuntu/dev_ws/install/learning_topic:/home/ubuntu/dev_ws/install/learning_tf:/home/ubuntu/dev_ws/install/learning_service:/home/ubuntu/dev_ws/install/learning_qos:/home/ubuntu/dev_ws/install/learning_pkg_python:/home/ubuntu/dev_ws/install/learning_parameter:/home/ubuntu/dev_ws/install/learning_node:/home/ubuntu/dev_ws/install/learning_launch:/home/ubuntu/dev_ws/install/learning_action:/home/ubuntu/dev_ws/install/learning_gazebo_harmonic:/home/ubuntu/dev_ws/install/learning_gazebo:/home/ubuntu/dev_ws/install/learning_cv:/opt/ros/humble /usr/bin/cmake --build /home/ubuntu/ws_engineer/build/base_interfaces -- -j16 -l16
[4.915s] DEBUG:colcon.colcon_core.event_handler.log_command:Invoking command in '/home/ubuntu/ws_engineer/build/base_interfaces': CMAKE_PREFIX_PATH=${CMAKE_PREFIX_PATH}:/home/ubuntu/ws_moveit/install/moveit_configs_utils:/home/ubuntu/ws_moveit/install/launch_param_builder:/home/ubuntu/ws00_helloworld/install/pkg02_helloworld_py:/home/ubuntu/dev_ws/install/learning_urdf:/home/ubuntu/dev_ws/install/learning_topic:/home/ubuntu/dev_ws/install/learning_tf:/home/ubuntu/dev_ws/install/learning_service:/home/ubuntu/dev_ws/install/learning_qos:/home/ubuntu/dev_ws/install/learning_pkg_python:/home/ubuntu/dev_ws/install/learning_parameter:/home/ubuntu/dev_ws/install/learning_node:/home/ubuntu/dev_ws/install/learning_launch:/home/ubuntu/dev_ws/install/learning_action:/home/ubuntu/dev_ws/install/learning_gazebo_harmonic:/home/ubuntu/dev_ws/install/learning_gazebo:/home/ubuntu/dev_ws/install/learning_cv:/opt/ros/humble /usr/bin/cmake --install /home/ubuntu/ws_engineer/build/base_interfaces
[5.008s] Level 1:colcon.colcon_core.environment:create_environment_scripts_only(base_interfaces)
[5.008s] DEBUG:colcon.colcon_core.event_handler.log_command:Invoked command in '/home/ubuntu/ws_engineer/build/base_interfaces' returned '0': CMAKE_PREFIX_PATH=${CMAKE_PREFIX_PATH}:/home/ubuntu/ws_moveit/install/moveit_configs_utils:/home/ubuntu/ws_moveit/install/launch_param_builder:/home/ubuntu/ws00_helloworld/install/pkg02_helloworld_py:/home/ubuntu/dev_ws/install/learning_urdf:/home/ubuntu/dev_ws/install/learning_topic:/home/ubuntu/dev_ws/install/learning_tf:/home/ubuntu/dev_ws/install/learning_service:/home/ubuntu/dev_ws/install/learning_qos:/home/ubuntu/dev_ws/install/learning_pkg_python:/home/ubuntu/dev_ws/install/learning_parameter:/home/ubuntu/dev_ws/install/learning_node:/home/ubuntu/dev_ws/install/learning_launch:/home/ubuntu/dev_ws/install/learning_action:/home/ubuntu/dev_ws/install/learning_gazebo_harmonic:/home/ubuntu/dev_ws/install/learning_gazebo:/home/ubuntu/dev_ws/install/learning_cv:/opt/ros/humble /usr/bin/cmake --install /home/ubuntu/ws_engineer/build/base_interfaces
[5.011s] Level 1:colcon.colcon_core.environment:checking '/home/ubuntu/ws_engineer/install/base_interfaces' for CMake module files
[5.011s] Level 1:colcon.colcon_core.environment:checking '/home/ubuntu/ws_engineer/install/base_interfaces' for CMake config files
[5.012s] Level 1:colcon.colcon_core.shell:create_environment_hook('base_interfaces', 'cmake_prefix_path')
[5.012s] INFO:colcon.colcon_core.shell:Creating environment hook '/home/ubuntu/ws_engineer/install/base_interfaces/share/base_interfaces/hook/cmake_prefix_path.ps1'
[5.012s] INFO:colcon.colcon_core.shell:Creating environment descriptor '/home/ubuntu/ws_engineer/install/base_interfaces/share/base_interfaces/hook/cmake_prefix_path.dsv'
[5.013s] INFO:colcon.colcon_core.shell:Creating environment hook '/home/ubuntu/ws_engineer/install/base_interfaces/share/base_interfaces/hook/cmake_prefix_path.sh'
[5.014s] Level 1:colcon.colcon_core.environment:checking '/home/ubuntu/ws_engineer/install/base_interfaces/lib'
[5.014s] Level 1:colcon.colcon_core.shell:create_environment_hook('base_interfaces', 'ld_library_path_lib')
[5.014s] INFO:colcon.colcon_core.shell:Creating environment hook '/home/ubuntu/ws_engineer/install/base_interfaces/share/base_interfaces/hook/ld_library_path_lib.ps1'
[5.014s] INFO:colcon.colcon_core.shell:Creating environment descriptor '/home/ubuntu/ws_engineer/install/base_interfaces/share/base_interfaces/hook/ld_library_path_lib.dsv'
[5.014s] INFO:colcon.colcon_core.shell:Creating environment hook '/home/ubuntu/ws_engineer/install/base_interfaces/share/base_interfaces/hook/ld_library_path_lib.sh'
[5.015s] Level 1:colcon.colcon_core.environment:checking '/home/ubuntu/ws_engineer/install/base_interfaces/bin'
[5.015s] Level 1:colcon.colcon_core.environment:checking '/home/ubuntu/ws_engineer/install/base_interfaces/lib/pkgconfig/base_interfaces.pc'
[5.015s] Level 1:colcon.colcon_core.environment:checking '/home/ubuntu/ws_engineer/install/base_interfaces/lib/python3.10/site-packages'
[5.015s] Level 1:colcon.colcon_core.environment:checking '/home/ubuntu/ws_engineer/install/base_interfaces/bin'
[5.015s] INFO:colcon.colcon_core.shell:Creating package script '/home/ubuntu/ws_engineer/install/base_interfaces/share/base_interfaces/package.ps1'
[5.016s] INFO:colcon.colcon_core.shell:Creating package descriptor '/home/ubuntu/ws_engineer/install/base_interfaces/share/base_interfaces/package.dsv'
[5.016s] INFO:colcon.colcon_core.shell:Creating package script '/home/ubuntu/ws_engineer/install/base_interfaces/share/base_interfaces/package.sh'
[5.017s] INFO:colcon.colcon_core.shell:Creating package script '/home/ubuntu/ws_engineer/install/base_interfaces/share/base_interfaces/package.bash'
[5.018s] INFO:colcon.colcon_core.shell:Creating package script '/home/ubuntu/ws_engineer/install/base_interfaces/share/base_interfaces/package.zsh'
[5.018s] Level 1:colcon.colcon_core.environment:create_file_with_runtime_dependencies(/home/ubuntu/ws_engineer/install/base_interfaces/share/colcon-core/packages/base_interfaces)
[5.019s] Level 1:colcon.colcon_core.environment:create_environment_scripts_only(base_interfaces)
[5.019s] Level 1:colcon.colcon_core.environment:checking '/home/ubuntu/ws_engineer/install/base_interfaces' for CMake module files
[5.019s] Level 1:colcon.colcon_core.environment:checking '/home/ubuntu/ws_engineer/install/base_interfaces' for CMake config files
[5.020s] Level 1:colcon.colcon_core.shell:create_environment_hook('base_interfaces', 'cmake_prefix_path')
[5.020s] INFO:colcon.colcon_core.shell:Creating environment hook '/home/ubuntu/ws_engineer/install/base_interfaces/share/base_interfaces/hook/cmake_prefix_path.ps1'
[5.020s] INFO:colcon.colcon_core.shell:Creating environment descriptor '/home/ubuntu/ws_engineer/install/base_interfaces/share/base_interfaces/hook/cmake_prefix_path.dsv'
[5.020s] INFO:colcon.colcon_core.shell:Creating environment hook '/home/ubuntu/ws_engineer/install/base_interfaces/share/base_interfaces/hook/cmake_prefix_path.sh'
[5.021s] Level 1:colcon.colcon_core.environment:checking '/home/ubuntu/ws_engineer/install/base_interfaces/lib'
[5.021s] Level 1:colcon.colcon_core.shell:create_environment_hook('base_interfaces', 'ld_library_path_lib')
[5.021s] INFO:colcon.colcon_core.shell:Creating environment hook '/home/ubuntu/ws_engineer/install/base_interfaces/share/base_interfaces/hook/ld_library_path_lib.ps1'
[5.021s] INFO:colcon.colcon_core.shell:Creating environment descriptor '/home/ubuntu/ws_engineer/install/base_interfaces/share/base_interfaces/hook/ld_library_path_lib.dsv'
[5.022s] INFO:colcon.colcon_core.shell:Creating environment hook '/home/ubuntu/ws_engineer/install/base_interfaces/share/base_interfaces/hook/ld_library_path_lib.sh'
[5.022s] Level 1:colcon.colcon_core.environment:checking '/home/ubuntu/ws_engineer/install/base_interfaces/bin'
[5.022s] Level 1:colcon.colcon_core.environment:checking '/home/ubuntu/ws_engineer/install/base_interfaces/lib/pkgconfig/base_interfaces.pc'
[5.022s] Level 1:colcon.colcon_core.environment:checking '/home/ubuntu/ws_engineer/install/base_interfaces/lib/python3.10/site-packages'
[5.022s] Level 1:colcon.colcon_core.environment:checking '/home/ubuntu/ws_engineer/install/base_interfaces/bin'
[5.023s] INFO:colcon.colcon_core.shell:Creating package script '/home/ubuntu/ws_engineer/install/base_interfaces/share/base_interfaces/package.ps1'
[5.023s] INFO:colcon.colcon_core.shell:Creating package descriptor '/home/ubuntu/ws_engineer/install/base_interfaces/share/base_interfaces/package.dsv'
[5.023s] INFO:colcon.colcon_core.shell:Creating package script '/home/ubuntu/ws_engineer/install/base_interfaces/share/base_interfaces/package.sh'
[5.024s] INFO:colcon.colcon_core.shell:Creating package script '/home/ubuntu/ws_engineer/install/base_interfaces/share/base_interfaces/package.bash'
[5.024s] INFO:colcon.colcon_core.shell:Creating package script '/home/ubuntu/ws_engineer/install/base_interfaces/share/base_interfaces/package.zsh'
[5.024s] Level 1:colcon.colcon_core.environment:create_file_with_runtime_dependencies(/home/ubuntu/ws_engineer/install/base_interfaces/share/colcon-core/packages/base_interfaces)
[5.025s] INFO:colcon.colcon_ros.task.ament_cmake.build:Building ROS package in '/home/ubuntu/ws_engineer/src/engineer_protocol' with build type 'ament_cmake'
[5.025s] INFO:colcon.colcon_cmake.task.cmake.build:Building CMake package in '/home/ubuntu/ws_engineer/src/engineer_protocol'
[5.025s] INFO:colcon.colcon_core.shell:Skip shell extension 'powershell' for command environment: Not usable outside of PowerShell
[5.025s] DEBUG:colcon.colcon_core.shell:Skip shell extension 'dsv' for command environment
[5.045s] DEBUG:colcon.colcon_core.event_handler.log_command:Invoking command in '/home/ubuntu/ws_engineer/build/engineer_protocol': CMAKE_PREFIX_PATH=/home/ubuntu/ws_engineer/install/base_interfaces:/home/ubuntu/ws_engineer/install/moveit_demo:/home/ubuntu/ws_engineer/install/engineer_config:/home/ubuntu/ws_engineer/install/engineer_urdf:/home/ubuntu/ws_engineer/install/engineer_protocol:/home/ubuntu/ws_moveit/install/pilz_industrial_motion_planner_testutils:/home/ubuntu/ws_moveit/install/moveit_runtime:/home/ubuntu/ws_moveit/install/moveit2_tutorials:/home/ubuntu/ws_moveit/install/moveit:/home/ubuntu/ws_moveit/install/moveit_planners:/home/ubuntu/ws_moveit/install/pilz_industrial_motion_planner:/home/ubuntu/ws_moveit/install/moveit_visual_tools:/home/ubuntu/ws_moveit/install/moveit_task_constructor_visualization:/home/ubuntu/ws_moveit/install/moveit_task_constructor_demo:/home/ubuntu/ws_moveit/install/moveit_task_constructor_capabilities:/home/ubuntu/ws_moveit/install/moveit_task_constructor_core:/home/ubuntu/ws_moveit/install/moveit_ros_control_interface:/home/ubuntu/ws_moveit/install/moveit_plugins:/home/ubuntu/ws_moveit/install/moveit_simple_controller_manager:/home/ubuntu/ws_moveit/install/moveit_setup_assistant:/home/ubuntu/ws_moveit/install/moveit_setup_srdf_plugins:/home/ubuntu/ws_moveit/install/moveit_setup_core_plugins:/home/ubuntu/ws_moveit/install/moveit_setup_controllers:/home/ubuntu/ws_moveit/install/moveit_setup_app_plugins:/home/ubuntu/ws_moveit/install/moveit_setup_framework:/home/ubuntu/ws_moveit/install/moveit_servo:/home/ubuntu/ws_moveit/install/moveit_ros:/home/ubuntu/ws_moveit/install/moveit_ros_visualization:/home/ubuntu/ws_moveit/install/moveit_hybrid_planning:/home/ubuntu/ws_moveit/install/moveit_ros_planning_interface:/home/ubuntu/ws_moveit/install/moveit_ros_benchmarks:/home/ubuntu/ws_moveit/install/moveit_ros_warehouse:/home/ubuntu/ws_moveit/install/moveit_ros_robot_interaction:/home/ubuntu/ws_moveit/install/moveit_ros_perception:/home/ubuntu/ws_moveit/install/moveit_resources_prbt_pg70_support:/home/ubuntu/ws_moveit/install/moveit_resources_prbt_moveit_config:/home/ubuntu/ws_moveit/install/moveit_ros_move_group:/home/ubuntu/ws_moveit/install/moveit_planners_ompl:/home/ubuntu/ws_moveit/install/moveit_ros_planning:/home/ubuntu/ws_moveit/install/moveit_ros_occupancy_map_monitor:/home/ubuntu/ws_moveit/install/moveit_resources_prbt_ikfast_manipulator_plugin:/home/ubuntu/ws_moveit/install/moveit_planners_chomp:/home/ubuntu/ws_moveit/install/moveit_kinematics:/home/ubuntu/ws_moveit/install/moveit_chomp_optimizer_adapter:/home/ubuntu/ws_moveit/install/chomp_motion_planner:/home/ubuntu/ws_moveit/install/moveit_core:/home/ubuntu/ws_moveit/install/srdfdom:/home/ubuntu/ws_moveit/install/rviz_marker_tools:/home/ubuntu/ws_moveit/install/rosparam_shortcuts:/home/ubuntu/ws_moveit/install/moveit_task_constructor_msgs:/home/ubuntu/ws_moveit/install/moveit_resources_prbt_support:/home/ubuntu/ws_moveit/install/moveit_resources:/home/ubuntu/ws_moveit/install/moveit_resources_pr2_description:/home/ubuntu/ws_moveit/install/moveit_resources_panda_moveit_config:/home/ubuntu/ws_moveit/install/moveit_resources_panda_description:/home/ubuntu/ws_moveit/install/moveit_resources_fanuc_moveit_config:/home/ubuntu/ws_moveit/install/moveit_resources_fanuc_description:/home/ubuntu/ws_moveit/install/moveit_common:/home/ubuntu/ws00_helloworld/install/pkg03_hellovscode_cpp:/home/ubuntu/ws00_helloworld/install/pkg01_helloworld_cpp:/home/ubuntu/dev_ws/install/learning_topic_cpp:/home/ubuntu/dev_ws/install/learning_tf_cpp:/home/ubuntu/dev_ws/install/learning_service_cpp:/home/ubuntu/dev_ws/install/learning_pkg_c:/home/ubuntu/dev_ws/install/learning_parameter_cpp:/home/ubuntu/dev_ws/install/learning_node_cpp:/home/ubuntu/dev_ws/install/learning_action_cpp:/home/ubuntu/dev_ws/install/learning_interface:/home/ubuntu/ws_moveit/install/moveit_configs_utils:/home/ubuntu/ws_moveit/install/launch_param_builder:/home/ubuntu/ws00_helloworld/install/pkg02_helloworld_py:/home/ubuntu/dev_ws/install/learning_urdf:/home/ubuntu/dev_ws/install/learning_topic:/home/ubuntu/dev_ws/install/learning_tf:/home/ubuntu/dev_ws/install/learning_service:/home/ubuntu/dev_ws/install/learning_qos:/home/ubuntu/dev_ws/install/learning_pkg_python:/home/ubuntu/dev_ws/install/learning_parameter:/home/ubuntu/dev_ws/install/learning_node:/home/ubuntu/dev_ws/install/learning_launch:/home/ubuntu/dev_ws/install/learning_action:/home/ubuntu/dev_ws/install/learning_gazebo_harmonic:/home/ubuntu/dev_ws/install/learning_gazebo:/home/ubuntu/dev_ws/install/learning_cv:/opt/ros/humble /usr/bin/cmake /home/ubuntu/ws_engineer/src/engineer_protocol -DCMAKE_INSTALL_PREFIX=/home/ubuntu/ws_engineer/install/engineer_protocol
[7.467s] DEBUG:colcon.colcon_core.event_handler.log_command:Invoked command in '/home/ubuntu/ws_engineer/build/engineer_protocol' returned '0': CMAKE_PREFIX_PATH=/home/ubuntu/ws_engineer/install/base_interfaces:/home/ubuntu/ws_engineer/install/moveit_demo:/home/ubuntu/ws_engineer/install/engineer_config:/home/ubuntu/ws_engineer/install/engineer_urdf:/home/ubuntu/ws_engineer/install/engineer_protocol:/home/ubuntu/ws_moveit/install/pilz_industrial_motion_planner_testutils:/home/ubuntu/ws_moveit/install/moveit_runtime:/home/ubuntu/ws_moveit/install/moveit2_tutorials:/home/ubuntu/ws_moveit/install/moveit:/home/ubuntu/ws_moveit/install/moveit_planners:/home/ubuntu/ws_moveit/install/pilz_industrial_motion_planner:/home/ubuntu/ws_moveit/install/moveit_visual_tools:/home/ubuntu/ws_moveit/install/moveit_task_constructor_visualization:/home/ubuntu/ws_moveit/install/moveit_task_constructor_demo:/home/ubuntu/ws_moveit/install/moveit_task_constructor_capabilities:/home/ubuntu/ws_moveit/install/moveit_task_constructor_core:/home/ubuntu/ws_moveit/install/moveit_ros_control_interface:/home/ubuntu/ws_moveit/install/moveit_plugins:/home/ubuntu/ws_moveit/install/moveit_simple_controller_manager:/home/ubuntu/ws_moveit/install/moveit_setup_assistant:/home/ubuntu/ws_moveit/install/moveit_setup_srdf_plugins:/home/ubuntu/ws_moveit/install/moveit_setup_core_plugins:/home/ubuntu/ws_moveit/install/moveit_setup_controllers:/home/ubuntu/ws_moveit/install/moveit_setup_app_plugins:/home/ubuntu/ws_moveit/install/moveit_setup_framework:/home/ubuntu/ws_moveit/install/moveit_servo:/home/ubuntu/ws_moveit/install/moveit_ros:/home/ubuntu/ws_moveit/install/moveit_ros_visualization:/home/ubuntu/ws_moveit/install/moveit_hybrid_planning:/home/ubuntu/ws_moveit/install/moveit_ros_planning_interface:/home/ubuntu/ws_moveit/install/moveit_ros_benchmarks:/home/ubuntu/ws_moveit/install/moveit_ros_warehouse:/home/ubuntu/ws_moveit/install/moveit_ros_robot_interaction:/home/ubuntu/ws_moveit/install/moveit_ros_perception:/home/ubuntu/ws_moveit/install/moveit_resources_prbt_pg70_support:/home/ubuntu/ws_moveit/install/moveit_resources_prbt_moveit_config:/home/ubuntu/ws_moveit/install/moveit_ros_move_group:/home/ubuntu/ws_moveit/install/moveit_planners_ompl:/home/ubuntu/ws_moveit/install/moveit_ros_planning:/home/ubuntu/ws_moveit/install/moveit_ros_occupancy_map_monitor:/home/ubuntu/ws_moveit/install/moveit_resources_prbt_ikfast_manipulator_plugin:/home/ubuntu/ws_moveit/install/moveit_planners_chomp:/home/ubuntu/ws_moveit/install/moveit_kinematics:/home/ubuntu/ws_moveit/install/moveit_chomp_optimizer_adapter:/home/ubuntu/ws_moveit/install/chomp_motion_planner:/home/ubuntu/ws_moveit/install/moveit_core:/home/ubuntu/ws_moveit/install/srdfdom:/home/ubuntu/ws_moveit/install/rviz_marker_tools:/home/ubuntu/ws_moveit/install/rosparam_shortcuts:/home/ubuntu/ws_moveit/install/moveit_task_constructor_msgs:/home/ubuntu/ws_moveit/install/moveit_resources_prbt_support:/home/ubuntu/ws_moveit/install/moveit_resources:/home/ubuntu/ws_moveit/install/moveit_resources_pr2_description:/home/ubuntu/ws_moveit/install/moveit_resources_panda_moveit_config:/home/ubuntu/ws_moveit/install/moveit_resources_panda_description:/home/ubuntu/ws_moveit/install/moveit_resources_fanuc_moveit_config:/home/ubuntu/ws_moveit/install/moveit_resources_fanuc_description:/home/ubuntu/ws_moveit/install/moveit_common:/home/ubuntu/ws00_helloworld/install/pkg03_hellovscode_cpp:/home/ubuntu/ws00_helloworld/install/pkg01_helloworld_cpp:/home/ubuntu/dev_ws/install/learning_topic_cpp:/home/ubuntu/dev_ws/install/learning_tf_cpp:/home/ubuntu/dev_ws/install/learning_service_cpp:/home/ubuntu/dev_ws/install/learning_pkg_c:/home/ubuntu/dev_ws/install/learning_parameter_cpp:/home/ubuntu/dev_ws/install/learning_node_cpp:/home/ubuntu/dev_ws/install/learning_action_cpp:/home/ubuntu/dev_ws/install/learning_interface:/home/ubuntu/ws_moveit/install/moveit_configs_utils:/home/ubuntu/ws_moveit/install/launch_param_builder:/home/ubuntu/ws00_helloworld/install/pkg02_helloworld_py:/home/ubuntu/dev_ws/install/learning_urdf:/home/ubuntu/dev_ws/install/learning_topic:/home/ubuntu/dev_ws/install/learning_tf:/home/ubuntu/dev_ws/install/learning_service:/home/ubuntu/dev_ws/install/learning_qos:/home/ubuntu/dev_ws/install/learning_pkg_python:/home/ubuntu/dev_ws/install/learning_parameter:/home/ubuntu/dev_ws/install/learning_node:/home/ubuntu/dev_ws/install/learning_launch:/home/ubuntu/dev_ws/install/learning_action:/home/ubuntu/dev_ws/install/learning_gazebo_harmonic:/home/ubuntu/dev_ws/install/learning_gazebo:/home/ubuntu/dev_ws/install/learning_cv:/opt/ros/humble /usr/bin/cmake /home/ubuntu/ws_engineer/src/engineer_protocol -DCMAKE_INSTALL_PREFIX=/home/ubuntu/ws_engineer/install/engineer_protocol
[7.470s] DEBUG:colcon.colcon_core.event_handler.log_command:Invoking command in '/home/ubuntu/ws_engineer/build/engineer_protocol': CMAKE_PREFIX_PATH=/home/ubuntu/ws_engineer/install/base_interfaces:/home/ubuntu/ws_engineer/install/moveit_demo:/home/ubuntu/ws_engineer/install/engineer_config:/home/ubuntu/ws_engineer/install/engineer_urdf:/home/ubuntu/ws_engineer/install/engineer_protocol:/home/ubuntu/ws_moveit/install/pilz_industrial_motion_planner_testutils:/home/ubuntu/ws_moveit/install/moveit_runtime:/home/ubuntu/ws_moveit/install/moveit2_tutorials:/home/ubuntu/ws_moveit/install/moveit:/home/ubuntu/ws_moveit/install/moveit_planners:/home/ubuntu/ws_moveit/install/pilz_industrial_motion_planner:/home/ubuntu/ws_moveit/install/moveit_visual_tools:/home/ubuntu/ws_moveit/install/moveit_task_constructor_visualization:/home/ubuntu/ws_moveit/install/moveit_task_constructor_demo:/home/ubuntu/ws_moveit/install/moveit_task_constructor_capabilities:/home/ubuntu/ws_moveit/install/moveit_task_constructor_core:/home/ubuntu/ws_moveit/install/moveit_ros_control_interface:/home/ubuntu/ws_moveit/install/moveit_plugins:/home/ubuntu/ws_moveit/install/moveit_simple_controller_manager:/home/ubuntu/ws_moveit/install/moveit_setup_assistant:/home/ubuntu/ws_moveit/install/moveit_setup_srdf_plugins:/home/ubuntu/ws_moveit/install/moveit_setup_core_plugins:/home/ubuntu/ws_moveit/install/moveit_setup_controllers:/home/ubuntu/ws_moveit/install/moveit_setup_app_plugins:/home/ubuntu/ws_moveit/install/moveit_setup_framework:/home/ubuntu/ws_moveit/install/moveit_servo:/home/ubuntu/ws_moveit/install/moveit_ros:/home/ubuntu/ws_moveit/install/moveit_ros_visualization:/home/ubuntu/ws_moveit/install/moveit_hybrid_planning:/home/ubuntu/ws_moveit/install/moveit_ros_planning_interface:/home/ubuntu/ws_moveit/install/moveit_ros_benchmarks:/home/ubuntu/ws_moveit/install/moveit_ros_warehouse:/home/ubuntu/ws_moveit/install/moveit_ros_robot_interaction:/home/ubuntu/ws_moveit/install/moveit_ros_perception:/home/ubuntu/ws_moveit/install/moveit_resources_prbt_pg70_support:/home/ubuntu/ws_moveit/install/moveit_resources_prbt_moveit_config:/home/ubuntu/ws_moveit/install/moveit_ros_move_group:/home/ubuntu/ws_moveit/install/moveit_planners_ompl:/home/ubuntu/ws_moveit/install/moveit_ros_planning:/home/ubuntu/ws_moveit/install/moveit_ros_occupancy_map_monitor:/home/ubuntu/ws_moveit/install/moveit_resources_prbt_ikfast_manipulator_plugin:/home/ubuntu/ws_moveit/install/moveit_planners_chomp:/home/ubuntu/ws_moveit/install/moveit_kinematics:/home/ubuntu/ws_moveit/install/moveit_chomp_optimizer_adapter:/home/ubuntu/ws_moveit/install/chomp_motion_planner:/home/ubuntu/ws_moveit/install/moveit_core:/home/ubuntu/ws_moveit/install/srdfdom:/home/ubuntu/ws_moveit/install/rviz_marker_tools:/home/ubuntu/ws_moveit/install/rosparam_shortcuts:/home/ubuntu/ws_moveit/install/moveit_task_constructor_msgs:/home/ubuntu/ws_moveit/install/moveit_resources_prbt_support:/home/ubuntu/ws_moveit/install/moveit_resources:/home/ubuntu/ws_moveit/install/moveit_resources_pr2_description:/home/ubuntu/ws_moveit/install/moveit_resources_panda_moveit_config:/home/ubuntu/ws_moveit/install/moveit_resources_panda_description:/home/ubuntu/ws_moveit/install/moveit_resources_fanuc_moveit_config:/home/ubuntu/ws_moveit/install/moveit_resources_fanuc_description:/home/ubuntu/ws_moveit/install/moveit_common:/home/ubuntu/ws00_helloworld/install/pkg03_hellovscode_cpp:/home/ubuntu/ws00_helloworld/install/pkg01_helloworld_cpp:/home/ubuntu/dev_ws/install/learning_topic_cpp:/home/ubuntu/dev_ws/install/learning_tf_cpp:/home/ubuntu/dev_ws/install/learning_service_cpp:/home/ubuntu/dev_ws/install/learning_pkg_c:/home/ubuntu/dev_ws/install/learning_parameter_cpp:/home/ubuntu/dev_ws/install/learning_node_cpp:/home/ubuntu/dev_ws/install/learning_action_cpp:/home/ubuntu/dev_ws/install/learning_interface:/home/ubuntu/ws_moveit/install/moveit_configs_utils:/home/ubuntu/ws_moveit/install/launch_param_builder:/home/ubuntu/ws00_helloworld/install/pkg02_helloworld_py:/home/ubuntu/dev_ws/install/learning_urdf:/home/ubuntu/dev_ws/install/learning_topic:/home/ubuntu/dev_ws/install/learning_tf:/home/ubuntu/dev_ws/install/learning_service:/home/ubuntu/dev_ws/install/learning_qos:/home/ubuntu/dev_ws/install/learning_pkg_python:/home/ubuntu/dev_ws/install/learning_parameter:/home/ubuntu/dev_ws/install/learning_node:/home/ubuntu/dev_ws/install/learning_launch:/home/ubuntu/dev_ws/install/learning_action:/home/ubuntu/dev_ws/install/learning_gazebo_harmonic:/home/ubuntu/dev_ws/install/learning_gazebo:/home/ubuntu/dev_ws/install/learning_cv:/opt/ros/humble /usr/bin/cmake --build /home/ubuntu/ws_engineer/build/engineer_protocol -- -j16 -l16
[12.586s] DEBUG:colcon.colcon_core.event_handler.log_command:Invoked command in '/home/ubuntu/ws_engineer/build/moveit_demo' returned '0': CMAKE_PREFIX_PATH=${CMAKE_PREFIX_PATH}:/home/ubuntu/ws_moveit/install/moveit_configs_utils:/home/ubuntu/ws_moveit/install/launch_param_builder:/home/ubuntu/ws00_helloworld/install/pkg02_helloworld_py:/home/ubuntu/dev_ws/install/learning_urdf:/home/ubuntu/dev_ws/install/learning_topic:/home/ubuntu/dev_ws/install/learning_tf:/home/ubuntu/dev_ws/install/learning_service:/home/ubuntu/dev_ws/install/learning_qos:/home/ubuntu/dev_ws/install/learning_pkg_python:/home/ubuntu/dev_ws/install/learning_parameter:/home/ubuntu/dev_ws/install/learning_node:/home/ubuntu/dev_ws/install/learning_launch:/home/ubuntu/dev_ws/install/learning_action:/home/ubuntu/dev_ws/install/learning_gazebo_harmonic:/home/ubuntu/dev_ws/install/learning_gazebo:/home/ubuntu/dev_ws/install/learning_cv:/opt/ros/humble /usr/bin/cmake --build /home/ubuntu/ws_engineer/build/moveit_demo -- -j16 -l16
[12.587s] DEBUG:colcon.colcon_core.event_handler.log_command:Invoking command in '/home/ubuntu/ws_engineer/build/moveit_demo': CMAKE_PREFIX_PATH=${CMAKE_PREFIX_PATH}:/home/ubuntu/ws_moveit/install/moveit_configs_utils:/home/ubuntu/ws_moveit/install/launch_param_builder:/home/ubuntu/ws00_helloworld/install/pkg02_helloworld_py:/home/ubuntu/dev_ws/install/learning_urdf:/home/ubuntu/dev_ws/install/learning_topic:/home/ubuntu/dev_ws/install/learning_tf:/home/ubuntu/dev_ws/install/learning_service:/home/ubuntu/dev_ws/install/learning_qos:/home/ubuntu/dev_ws/install/learning_pkg_python:/home/ubuntu/dev_ws/install/learning_parameter:/home/ubuntu/dev_ws/install/learning_node:/home/ubuntu/dev_ws/install/learning_launch:/home/ubuntu/dev_ws/install/learning_action:/home/ubuntu/dev_ws/install/learning_gazebo_harmonic:/home/ubuntu/dev_ws/install/learning_gazebo:/home/ubuntu/dev_ws/install/learning_cv:/opt/ros/humble /usr/bin/cmake --install /home/ubuntu/ws_engineer/build/moveit_demo
[12.604s] Level 1:colcon.colcon_core.environment:create_environment_scripts_only(moveit_demo)
[12.605s] Level 1:colcon.colcon_core.environment:checking '/home/ubuntu/ws_engineer/install/moveit_demo' for CMake module files
[12.605s] DEBUG:colcon.colcon_core.event_handler.log_command:Invoked command in '/home/ubuntu/ws_engineer/build/moveit_demo' returned '0': CMAKE_PREFIX_PATH=${CMAKE_PREFIX_PATH}:/home/ubuntu/ws_moveit/install/moveit_configs_utils:/home/ubuntu/ws_moveit/install/launch_param_builder:/home/ubuntu/ws00_helloworld/install/pkg02_helloworld_py:/home/ubuntu/dev_ws/install/learning_urdf:/home/ubuntu/dev_ws/install/learning_topic:/home/ubuntu/dev_ws/install/learning_tf:/home/ubuntu/dev_ws/install/learning_service:/home/ubuntu/dev_ws/install/learning_qos:/home/ubuntu/dev_ws/install/learning_pkg_python:/home/ubuntu/dev_ws/install/learning_parameter:/home/ubuntu/dev_ws/install/learning_node:/home/ubuntu/dev_ws/install/learning_launch:/home/ubuntu/dev_ws/install/learning_action:/home/ubuntu/dev_ws/install/learning_gazebo_harmonic:/home/ubuntu/dev_ws/install/learning_gazebo:/home/ubuntu/dev_ws/install/learning_cv:/opt/ros/humble /usr/bin/cmake --install /home/ubuntu/ws_engineer/build/moveit_demo
[12.606s] Level 1:colcon.colcon_core.environment:checking '/home/ubuntu/ws_engineer/install/moveit_demo' for CMake config files
[12.606s] Level 1:colcon.colcon_core.shell:create_environment_hook('moveit_demo', 'cmake_prefix_path')
[12.606s] INFO:colcon.colcon_core.shell:Creating environment hook '/home/ubuntu/ws_engineer/install/moveit_demo/share/moveit_demo/hook/cmake_prefix_path.ps1'
[12.607s] INFO:colcon.colcon_core.shell:Creating environment descriptor '/home/ubuntu/ws_engineer/install/moveit_demo/share/moveit_demo/hook/cmake_prefix_path.dsv'
[12.607s] INFO:colcon.colcon_core.shell:Creating environment hook '/home/ubuntu/ws_engineer/install/moveit_demo/share/moveit_demo/hook/cmake_prefix_path.sh'
[12.608s] Level 1:colcon.colcon_core.environment:checking '/home/ubuntu/ws_engineer/install/moveit_demo/lib'
[12.608s] Level 1:colcon.colcon_core.environment:checking '/home/ubuntu/ws_engineer/install/moveit_demo/bin'
[12.608s] Level 1:colcon.colcon_core.environment:checking '/home/ubuntu/ws_engineer/install/moveit_demo/lib/pkgconfig/moveit_demo.pc'
[12.608s] Level 1:colcon.colcon_core.environment:checking '/home/ubuntu/ws_engineer/install/moveit_demo/lib/python3.10/site-packages'
[12.608s] Level 1:colcon.colcon_core.environment:checking '/home/ubuntu/ws_engineer/install/moveit_demo/bin'
[12.608s] INFO:colcon.colcon_core.shell:Creating package script '/home/ubuntu/ws_engineer/install/moveit_demo/share/moveit_demo/package.ps1'
[12.609s] INFO:colcon.colcon_core.shell:Creating package descriptor '/home/ubuntu/ws_engineer/install/moveit_demo/share/moveit_demo/package.dsv'
[12.609s] INFO:colcon.colcon_core.shell:Creating package script '/home/ubuntu/ws_engineer/install/moveit_demo/share/moveit_demo/package.sh'
[12.609s] INFO:colcon.colcon_core.shell:Creating package script '/home/ubuntu/ws_engineer/install/moveit_demo/share/moveit_demo/package.bash'
[12.610s] INFO:colcon.colcon_core.shell:Creating package script '/home/ubuntu/ws_engineer/install/moveit_demo/share/moveit_demo/package.zsh'
[12.610s] Level 1:colcon.colcon_core.environment:create_file_with_runtime_dependencies(/home/ubuntu/ws_engineer/install/moveit_demo/share/colcon-core/packages/moveit_demo)
[12.610s] Level 1:colcon.colcon_core.environment:create_environment_scripts_only(moveit_demo)
[12.611s] Level 1:colcon.colcon_core.environment:checking '/home/ubuntu/ws_engineer/install/moveit_demo' for CMake module files
[12.611s] Level 1:colcon.colcon_core.environment:checking '/home/ubuntu/ws_engineer/install/moveit_demo' for CMake config files
[12.611s] Level 1:colcon.colcon_core.shell:create_environment_hook('moveit_demo', 'cmake_prefix_path')
[12.611s] INFO:colcon.colcon_core.shell:Creating environment hook '/home/ubuntu/ws_engineer/install/moveit_demo/share/moveit_demo/hook/cmake_prefix_path.ps1'
[12.612s] INFO:colcon.colcon_core.shell:Creating environment descriptor '/home/ubuntu/ws_engineer/install/moveit_demo/share/moveit_demo/hook/cmake_prefix_path.dsv'
[12.612s] INFO:colcon.colcon_core.shell:Creating environment hook '/home/ubuntu/ws_engineer/install/moveit_demo/share/moveit_demo/hook/cmake_prefix_path.sh'
[12.612s] Level 1:colcon.colcon_core.environment:checking '/home/ubuntu/ws_engineer/install/moveit_demo/lib'
[12.612s] Level 1:colcon.colcon_core.environment:checking '/home/ubuntu/ws_engineer/install/moveit_demo/bin'
[12.612s] Level 1:colcon.colcon_core.environment:checking '/home/ubuntu/ws_engineer/install/moveit_demo/lib/pkgconfig/moveit_demo.pc'
[12.613s] Level 1:colcon.colcon_core.environment:checking '/home/ubuntu/ws_engineer/install/moveit_demo/lib/python3.10/site-packages'
[12.613s] Level 1:colcon.colcon_core.environment:checking '/home/ubuntu/ws_engineer/install/moveit_demo/bin'
[12.613s] INFO:colcon.colcon_core.shell:Creating package script '/home/ubuntu/ws_engineer/install/moveit_demo/share/moveit_demo/package.ps1'
[12.613s] INFO:colcon.colcon_core.shell:Creating package descriptor '/home/ubuntu/ws_engineer/install/moveit_demo/share/moveit_demo/package.dsv'
[12.614s] INFO:colcon.colcon_core.shell:Creating package script '/home/ubuntu/ws_engineer/install/moveit_demo/share/moveit_demo/package.sh'
[12.614s] INFO:colcon.colcon_core.shell:Creating package script '/home/ubuntu/ws_engineer/install/moveit_demo/share/moveit_demo/package.bash'
[12.615s] INFO:colcon.colcon_core.shell:Creating package script '/home/ubuntu/ws_engineer/install/moveit_demo/share/moveit_demo/package.zsh'
[12.615s] Level 1:colcon.colcon_core.environment:create_file_with_runtime_dependencies(/home/ubuntu/ws_engineer/install/moveit_demo/share/colcon-core/packages/moveit_demo)
[13.318s] DEBUG:colcon.colcon_core.event_handler.log_command:Invoked command in '/home/ubuntu/ws_engineer/build/engineer_urdf' returned '0': CMAKE_PREFIX_PATH=${CMAKE_PREFIX_PATH}:/home/ubuntu/ws_moveit/install/moveit_configs_utils:/home/ubuntu/ws_moveit/install/launch_param_builder:/home/ubuntu/ws00_helloworld/install/pkg02_helloworld_py:/home/ubuntu/dev_ws/install/learning_urdf:/home/ubuntu/dev_ws/install/learning_topic:/home/ubuntu/dev_ws/install/learning_tf:/home/ubuntu/dev_ws/install/learning_service:/home/ubuntu/dev_ws/install/learning_qos:/home/ubuntu/dev_ws/install/learning_pkg_python:/home/ubuntu/dev_ws/install/learning_parameter:/home/ubuntu/dev_ws/install/learning_node:/home/ubuntu/dev_ws/install/learning_launch:/home/ubuntu/dev_ws/install/learning_action:/home/ubuntu/dev_ws/install/learning_gazebo_harmonic:/home/ubuntu/dev_ws/install/learning_gazebo:/home/ubuntu/dev_ws/install/learning_cv:/opt/ros/humble /usr/bin/cmake --build /home/ubuntu/ws_engineer/build/engineer_urdf -- -j16 -l16
[13.319s] DEBUG:colcon.colcon_core.event_handler.log_command:Invoking command in '/home/ubuntu/ws_engineer/build/engineer_urdf': CMAKE_PREFIX_PATH=${CMAKE_PREFIX_PATH}:/home/ubuntu/ws_moveit/install/moveit_configs_utils:/home/ubuntu/ws_moveit/install/launch_param_builder:/home/ubuntu/ws00_helloworld/install/pkg02_helloworld_py:/home/ubuntu/dev_ws/install/learning_urdf:/home/ubuntu/dev_ws/install/learning_topic:/home/ubuntu/dev_ws/install/learning_tf:/home/ubuntu/dev_ws/install/learning_service:/home/ubuntu/dev_ws/install/learning_qos:/home/ubuntu/dev_ws/install/learning_pkg_python:/home/ubuntu/dev_ws/install/learning_parameter:/home/ubuntu/dev_ws/install/learning_node:/home/ubuntu/dev_ws/install/learning_launch:/home/ubuntu/dev_ws/install/learning_action:/home/ubuntu/dev_ws/install/learning_gazebo_harmonic:/home/ubuntu/dev_ws/install/learning_gazebo:/home/ubuntu/dev_ws/install/learning_cv:/opt/ros/humble /usr/bin/cmake --install /home/ubuntu/ws_engineer/build/engineer_urdf
[13.360s] Level 1:colcon.colcon_core.environment:create_environment_scripts_only(engineer_urdf)
[13.360s] DEBUG:colcon.colcon_core.event_handler.log_command:Invoked command in '/home/ubuntu/ws_engineer/build/engineer_urdf' returned '0': CMAKE_PREFIX_PATH=${CMAKE_PREFIX_PATH}:/home/ubuntu/ws_moveit/install/moveit_configs_utils:/home/ubuntu/ws_moveit/install/launch_param_builder:/home/ubuntu/ws00_helloworld/install/pkg02_helloworld_py:/home/ubuntu/dev_ws/install/learning_urdf:/home/ubuntu/dev_ws/install/learning_topic:/home/ubuntu/dev_ws/install/learning_tf:/home/ubuntu/dev_ws/install/learning_service:/home/ubuntu/dev_ws/install/learning_qos:/home/ubuntu/dev_ws/install/learning_pkg_python:/home/ubuntu/dev_ws/install/learning_parameter:/home/ubuntu/dev_ws/install/learning_node:/home/ubuntu/dev_ws/install/learning_launch:/home/ubuntu/dev_ws/install/learning_action:/home/ubuntu/dev_ws/install/learning_gazebo_harmonic:/home/ubuntu/dev_ws/install/learning_gazebo:/home/ubuntu/dev_ws/install/learning_cv:/opt/ros/humble /usr/bin/cmake --install /home/ubuntu/ws_engineer/build/engineer_urdf
[13.361s] Level 1:colcon.colcon_core.environment:checking '/home/ubuntu/ws_engineer/install/engineer_urdf' for CMake module files
[13.361s] Level 1:colcon.colcon_core.environment:checking '/home/ubuntu/ws_engineer/install/engineer_urdf' for CMake config files
[13.361s] Level 1:colcon.colcon_core.shell:create_environment_hook('engineer_urdf', 'cmake_prefix_path')
[13.361s] INFO:colcon.colcon_core.shell:Creating environment hook '/home/ubuntu/ws_engineer/install/engineer_urdf/share/engineer_urdf/hook/cmake_prefix_path.ps1'
[13.362s] INFO:colcon.colcon_core.shell:Creating environment descriptor '/home/ubuntu/ws_engineer/install/engineer_urdf/share/engineer_urdf/hook/cmake_prefix_path.dsv'
[13.362s] INFO:colcon.colcon_core.shell:Creating environment hook '/home/ubuntu/ws_engineer/install/engineer_urdf/share/engineer_urdf/hook/cmake_prefix_path.sh'
[13.363s] Level 1:colcon.colcon_core.environment:checking '/home/ubuntu/ws_engineer/install/engineer_urdf/lib'
[13.363s] Level 1:colcon.colcon_core.environment:checking '/home/ubuntu/ws_engineer/install/engineer_urdf/bin'
[13.363s] Level 1:colcon.colcon_core.environment:checking '/home/ubuntu/ws_engineer/install/engineer_urdf/lib/pkgconfig/engineer_urdf.pc'
[13.363s] Level 1:colcon.colcon_core.environment:checking '/home/ubuntu/ws_engineer/install/engineer_urdf/lib/python3.10/site-packages'
[13.363s] Level 1:colcon.colcon_core.environment:checking '/home/ubuntu/ws_engineer/install/engineer_urdf/bin'
[13.363s] INFO:colcon.colcon_core.shell:Creating package script '/home/ubuntu/ws_engineer/install/engineer_urdf/share/engineer_urdf/package.ps1'
[13.364s] INFO:colcon.colcon_core.shell:Creating package descriptor '/home/ubuntu/ws_engineer/install/engineer_urdf/share/engineer_urdf/package.dsv'
[13.364s] INFO:colcon.colcon_core.shell:Creating package script '/home/ubuntu/ws_engineer/install/engineer_urdf/share/engineer_urdf/package.sh'
[13.364s] INFO:colcon.colcon_core.shell:Creating package script '/home/ubuntu/ws_engineer/install/engineer_urdf/share/engineer_urdf/package.bash'
[13.364s] INFO:colcon.colcon_core.shell:Creating package script '/home/ubuntu/ws_engineer/install/engineer_urdf/share/engineer_urdf/package.zsh'
[13.365s] Level 1:colcon.colcon_core.environment:create_file_with_runtime_dependencies(/home/ubuntu/ws_engineer/install/engineer_urdf/share/colcon-core/packages/engineer_urdf)
[13.365s] Level 1:colcon.colcon_core.environment:create_environment_scripts_only(engineer_urdf)
[13.365s] Level 1:colcon.colcon_core.environment:checking '/home/ubuntu/ws_engineer/install/engineer_urdf' for CMake module files
[13.366s] Level 1:colcon.colcon_core.environment:checking '/home/ubuntu/ws_engineer/install/engineer_urdf' for CMake config files
[13.366s] Level 1:colcon.colcon_core.shell:create_environment_hook('engineer_urdf', 'cmake_prefix_path')
[13.366s] INFO:colcon.colcon_core.shell:Creating environment hook '/home/ubuntu/ws_engineer/install/engineer_urdf/share/engineer_urdf/hook/cmake_prefix_path.ps1'
[13.366s] INFO:colcon.colcon_core.shell:Creating environment descriptor '/home/ubuntu/ws_engineer/install/engineer_urdf/share/engineer_urdf/hook/cmake_prefix_path.dsv'
[13.367s] INFO:colcon.colcon_core.shell:Creating environment hook '/home/ubuntu/ws_engineer/install/engineer_urdf/share/engineer_urdf/hook/cmake_prefix_path.sh'
[13.367s] Level 1:colcon.colcon_core.environment:checking '/home/ubuntu/ws_engineer/install/engineer_urdf/lib'
[13.367s] Level 1:colcon.colcon_core.environment:checking '/home/ubuntu/ws_engineer/install/engineer_urdf/bin'
[13.367s] Level 1:colcon.colcon_core.environment:checking '/home/ubuntu/ws_engineer/install/engineer_urdf/lib/pkgconfig/engineer_urdf.pc'
[13.367s] Level 1:colcon.colcon_core.environment:checking '/home/ubuntu/ws_engineer/install/engineer_urdf/lib/python3.10/site-packages'
[13.367s] Level 1:colcon.colcon_core.environment:checking '/home/ubuntu/ws_engineer/install/engineer_urdf/bin'
[13.368s] INFO:colcon.colcon_core.shell:Creating package script '/home/ubuntu/ws_engineer/install/engineer_urdf/share/engineer_urdf/package.ps1'
[13.368s] INFO:colcon.colcon_core.shell:Creating package descriptor '/home/ubuntu/ws_engineer/install/engineer_urdf/share/engineer_urdf/package.dsv'
[13.368s] INFO:colcon.colcon_core.shell:Creating package script '/home/ubuntu/ws_engineer/install/engineer_urdf/share/engineer_urdf/package.sh'
[13.369s] INFO:colcon.colcon_core.shell:Creating package script '/home/ubuntu/ws_engineer/install/engineer_urdf/share/engineer_urdf/package.bash'
[13.369s] INFO:colcon.colcon_core.shell:Creating package script '/home/ubuntu/ws_engineer/install/engineer_urdf/share/engineer_urdf/package.zsh'
[13.369s] Level 1:colcon.colcon_core.environment:create_file_with_runtime_dependencies(/home/ubuntu/ws_engineer/install/engineer_urdf/share/colcon-core/packages/engineer_urdf)
[13.370s] INFO:colcon.colcon_ros.task.ament_cmake.build:Building ROS package in '/home/ubuntu/ws_engineer/src/engineer_config' with build type 'ament_cmake'
[13.370s] INFO:colcon.colcon_cmake.task.cmake.build:Building CMake package in '/home/ubuntu/ws_engineer/src/engineer_config'
[13.370s] INFO:colcon.colcon_core.shell:Skip shell extension 'powershell' for command environment: Not usable outside of PowerShell
[13.370s] DEBUG:colcon.colcon_core.shell:Skip shell extension 'dsv' for command environment
[13.387s] DEBUG:colcon.colcon_core.event_handler.log_command:Invoking command in '/home/ubuntu/ws_engineer/build/engineer_config': CMAKE_PREFIX_PATH=/home/ubuntu/ws_engineer/install/engineer_urdf:/home/ubuntu/ws_engineer/install/moveit_demo:/home/ubuntu/ws_engineer/install/engineer_config:/home/ubuntu/ws_engineer/install/engineer_protocol:/home/ubuntu/ws_engineer/install/base_interfaces:/home/ubuntu/ws_moveit/install/pilz_industrial_motion_planner_testutils:/home/ubuntu/ws_moveit/install/moveit_runtime:/home/ubuntu/ws_moveit/install/moveit2_tutorials:/home/ubuntu/ws_moveit/install/moveit:/home/ubuntu/ws_moveit/install/moveit_planners:/home/ubuntu/ws_moveit/install/pilz_industrial_motion_planner:/home/ubuntu/ws_moveit/install/moveit_visual_tools:/home/ubuntu/ws_moveit/install/moveit_task_constructor_visualization:/home/ubuntu/ws_moveit/install/moveit_task_constructor_demo:/home/ubuntu/ws_moveit/install/moveit_task_constructor_capabilities:/home/ubuntu/ws_moveit/install/moveit_task_constructor_core:/home/ubuntu/ws_moveit/install/moveit_ros_control_interface:/home/ubuntu/ws_moveit/install/moveit_plugins:/home/ubuntu/ws_moveit/install/moveit_simple_controller_manager:/home/ubuntu/ws_moveit/install/moveit_setup_assistant:/home/ubuntu/ws_moveit/install/moveit_setup_srdf_plugins:/home/ubuntu/ws_moveit/install/moveit_setup_core_plugins:/home/ubuntu/ws_moveit/install/moveit_setup_controllers:/home/ubuntu/ws_moveit/install/moveit_setup_app_plugins:/home/ubuntu/ws_moveit/install/moveit_setup_framework:/home/ubuntu/ws_moveit/install/moveit_servo:/home/ubuntu/ws_moveit/install/moveit_ros:/home/ubuntu/ws_moveit/install/moveit_ros_visualization:/home/ubuntu/ws_moveit/install/moveit_hybrid_planning:/home/ubuntu/ws_moveit/install/moveit_ros_planning_interface:/home/ubuntu/ws_moveit/install/moveit_ros_benchmarks:/home/ubuntu/ws_moveit/install/moveit_ros_warehouse:/home/ubuntu/ws_moveit/install/moveit_ros_robot_interaction:/home/ubuntu/ws_moveit/install/moveit_ros_perception:/home/ubuntu/ws_moveit/install/moveit_resources_prbt_pg70_support:/home/ubuntu/ws_moveit/install/moveit_resources_prbt_moveit_config:/home/ubuntu/ws_moveit/install/moveit_ros_move_group:/home/ubuntu/ws_moveit/install/moveit_planners_ompl:/home/ubuntu/ws_moveit/install/moveit_ros_planning:/home/ubuntu/ws_moveit/install/moveit_ros_occupancy_map_monitor:/home/ubuntu/ws_moveit/install/moveit_resources_prbt_ikfast_manipulator_plugin:/home/ubuntu/ws_moveit/install/moveit_planners_chomp:/home/ubuntu/ws_moveit/install/moveit_kinematics:/home/ubuntu/ws_moveit/install/moveit_chomp_optimizer_adapter:/home/ubuntu/ws_moveit/install/chomp_motion_planner:/home/ubuntu/ws_moveit/install/moveit_core:/home/ubuntu/ws_moveit/install/srdfdom:/home/ubuntu/ws_moveit/install/rviz_marker_tools:/home/ubuntu/ws_moveit/install/rosparam_shortcuts:/home/ubuntu/ws_moveit/install/moveit_task_constructor_msgs:/home/ubuntu/ws_moveit/install/moveit_resources_prbt_support:/home/ubuntu/ws_moveit/install/moveit_resources:/home/ubuntu/ws_moveit/install/moveit_resources_pr2_description:/home/ubuntu/ws_moveit/install/moveit_resources_panda_moveit_config:/home/ubuntu/ws_moveit/install/moveit_resources_panda_description:/home/ubuntu/ws_moveit/install/moveit_resources_fanuc_moveit_config:/home/ubuntu/ws_moveit/install/moveit_resources_fanuc_description:/home/ubuntu/ws_moveit/install/moveit_common:/home/ubuntu/ws00_helloworld/install/pkg03_hellovscode_cpp:/home/ubuntu/ws00_helloworld/install/pkg01_helloworld_cpp:/home/ubuntu/dev_ws/install/learning_topic_cpp:/home/ubuntu/dev_ws/install/learning_tf_cpp:/home/ubuntu/dev_ws/install/learning_service_cpp:/home/ubuntu/dev_ws/install/learning_pkg_c:/home/ubuntu/dev_ws/install/learning_parameter_cpp:/home/ubuntu/dev_ws/install/learning_node_cpp:/home/ubuntu/dev_ws/install/learning_action_cpp:/home/ubuntu/dev_ws/install/learning_interface:/home/ubuntu/ws_moveit/install/moveit_configs_utils:/home/ubuntu/ws_moveit/install/launch_param_builder:/home/ubuntu/ws00_helloworld/install/pkg02_helloworld_py:/home/ubuntu/dev_ws/install/learning_urdf:/home/ubuntu/dev_ws/install/learning_topic:/home/ubuntu/dev_ws/install/learning_tf:/home/ubuntu/dev_ws/install/learning_service:/home/ubuntu/dev_ws/install/learning_qos:/home/ubuntu/dev_ws/install/learning_pkg_python:/home/ubuntu/dev_ws/install/learning_parameter:/home/ubuntu/dev_ws/install/learning_node:/home/ubuntu/dev_ws/install/learning_launch:/home/ubuntu/dev_ws/install/learning_action:/home/ubuntu/dev_ws/install/learning_gazebo_harmonic:/home/ubuntu/dev_ws/install/learning_gazebo:/home/ubuntu/dev_ws/install/learning_cv:/opt/ros/humble /usr/bin/cmake /home/ubuntu/ws_engineer/src/engineer_config -DCMAKE_INSTALL_PREFIX=/home/ubuntu/ws_engineer/install/engineer_config
[14.537s] DEBUG:colcon.colcon_core.event_handler.log_command:Invoked command in '/home/ubuntu/ws_engineer/build/engineer_config' returned '0': CMAKE_PREFIX_PATH=/home/ubuntu/ws_engineer/install/engineer_urdf:/home/ubuntu/ws_engineer/install/moveit_demo:/home/ubuntu/ws_engineer/install/engineer_config:/home/ubuntu/ws_engineer/install/engineer_protocol:/home/ubuntu/ws_engineer/install/base_interfaces:/home/ubuntu/ws_moveit/install/pilz_industrial_motion_planner_testutils:/home/ubuntu/ws_moveit/install/moveit_runtime:/home/ubuntu/ws_moveit/install/moveit2_tutorials:/home/ubuntu/ws_moveit/install/moveit:/home/ubuntu/ws_moveit/install/moveit_planners:/home/ubuntu/ws_moveit/install/pilz_industrial_motion_planner:/home/ubuntu/ws_moveit/install/moveit_visual_tools:/home/ubuntu/ws_moveit/install/moveit_task_constructor_visualization:/home/ubuntu/ws_moveit/install/moveit_task_constructor_demo:/home/ubuntu/ws_moveit/install/moveit_task_constructor_capabilities:/home/ubuntu/ws_moveit/install/moveit_task_constructor_core:/home/ubuntu/ws_moveit/install/moveit_ros_control_interface:/home/ubuntu/ws_moveit/install/moveit_plugins:/home/ubuntu/ws_moveit/install/moveit_simple_controller_manager:/home/ubuntu/ws_moveit/install/moveit_setup_assistant:/home/ubuntu/ws_moveit/install/moveit_setup_srdf_plugins:/home/ubuntu/ws_moveit/install/moveit_setup_core_plugins:/home/ubuntu/ws_moveit/install/moveit_setup_controllers:/home/ubuntu/ws_moveit/install/moveit_setup_app_plugins:/home/ubuntu/ws_moveit/install/moveit_setup_framework:/home/ubuntu/ws_moveit/install/moveit_servo:/home/ubuntu/ws_moveit/install/moveit_ros:/home/ubuntu/ws_moveit/install/moveit_ros_visualization:/home/ubuntu/ws_moveit/install/moveit_hybrid_planning:/home/ubuntu/ws_moveit/install/moveit_ros_planning_interface:/home/ubuntu/ws_moveit/install/moveit_ros_benchmarks:/home/ubuntu/ws_moveit/install/moveit_ros_warehouse:/home/ubuntu/ws_moveit/install/moveit_ros_robot_interaction:/home/ubuntu/ws_moveit/install/moveit_ros_perception:/home/ubuntu/ws_moveit/install/moveit_resources_prbt_pg70_support:/home/ubuntu/ws_moveit/install/moveit_resources_prbt_moveit_config:/home/ubuntu/ws_moveit/install/moveit_ros_move_group:/home/ubuntu/ws_moveit/install/moveit_planners_ompl:/home/ubuntu/ws_moveit/install/moveit_ros_planning:/home/ubuntu/ws_moveit/install/moveit_ros_occupancy_map_monitor:/home/ubuntu/ws_moveit/install/moveit_resources_prbt_ikfast_manipulator_plugin:/home/ubuntu/ws_moveit/install/moveit_planners_chomp:/home/ubuntu/ws_moveit/install/moveit_kinematics:/home/ubuntu/ws_moveit/install/moveit_chomp_optimizer_adapter:/home/ubuntu/ws_moveit/install/chomp_motion_planner:/home/ubuntu/ws_moveit/install/moveit_core:/home/ubuntu/ws_moveit/install/srdfdom:/home/ubuntu/ws_moveit/install/rviz_marker_tools:/home/ubuntu/ws_moveit/install/rosparam_shortcuts:/home/ubuntu/ws_moveit/install/moveit_task_constructor_msgs:/home/ubuntu/ws_moveit/install/moveit_resources_prbt_support:/home/ubuntu/ws_moveit/install/moveit_resources:/home/ubuntu/ws_moveit/install/moveit_resources_pr2_description:/home/ubuntu/ws_moveit/install/moveit_resources_panda_moveit_config:/home/ubuntu/ws_moveit/install/moveit_resources_panda_description:/home/ubuntu/ws_moveit/install/moveit_resources_fanuc_moveit_config:/home/ubuntu/ws_moveit/install/moveit_resources_fanuc_description:/home/ubuntu/ws_moveit/install/moveit_common:/home/ubuntu/ws00_helloworld/install/pkg03_hellovscode_cpp:/home/ubuntu/ws00_helloworld/install/pkg01_helloworld_cpp:/home/ubuntu/dev_ws/install/learning_topic_cpp:/home/ubuntu/dev_ws/install/learning_tf_cpp:/home/ubuntu/dev_ws/install/learning_service_cpp:/home/ubuntu/dev_ws/install/learning_pkg_c:/home/ubuntu/dev_ws/install/learning_parameter_cpp:/home/ubuntu/dev_ws/install/learning_node_cpp:/home/ubuntu/dev_ws/install/learning_action_cpp:/home/ubuntu/dev_ws/install/learning_interface:/home/ubuntu/ws_moveit/install/moveit_configs_utils:/home/ubuntu/ws_moveit/install/launch_param_builder:/home/ubuntu/ws00_helloworld/install/pkg02_helloworld_py:/home/ubuntu/dev_ws/install/learning_urdf:/home/ubuntu/dev_ws/install/learning_topic:/home/ubuntu/dev_ws/install/learning_tf:/home/ubuntu/dev_ws/install/learning_service:/home/ubuntu/dev_ws/install/learning_qos:/home/ubuntu/dev_ws/install/learning_pkg_python:/home/ubuntu/dev_ws/install/learning_parameter:/home/ubuntu/dev_ws/install/learning_node:/home/ubuntu/dev_ws/install/learning_launch:/home/ubuntu/dev_ws/install/learning_action:/home/ubuntu/dev_ws/install/learning_gazebo_harmonic:/home/ubuntu/dev_ws/install/learning_gazebo:/home/ubuntu/dev_ws/install/learning_cv:/opt/ros/humble /usr/bin/cmake /home/ubuntu/ws_engineer/src/engineer_config -DCMAKE_INSTALL_PREFIX=/home/ubuntu/ws_engineer/install/engineer_config
[14.539s] DEBUG:colcon.colcon_core.event_handler.log_command:Invoking command in '/home/ubuntu/ws_engineer/build/engineer_config': CMAKE_PREFIX_PATH=/home/ubuntu/ws_engineer/install/engineer_urdf:/home/ubuntu/ws_engineer/install/moveit_demo:/home/ubuntu/ws_engineer/install/engineer_config:/home/ubuntu/ws_engineer/install/engineer_protocol:/home/ubuntu/ws_engineer/install/base_interfaces:/home/ubuntu/ws_moveit/install/pilz_industrial_motion_planner_testutils:/home/ubuntu/ws_moveit/install/moveit_runtime:/home/ubuntu/ws_moveit/install/moveit2_tutorials:/home/ubuntu/ws_moveit/install/moveit:/home/ubuntu/ws_moveit/install/moveit_planners:/home/ubuntu/ws_moveit/install/pilz_industrial_motion_planner:/home/ubuntu/ws_moveit/install/moveit_visual_tools:/home/ubuntu/ws_moveit/install/moveit_task_constructor_visualization:/home/ubuntu/ws_moveit/install/moveit_task_constructor_demo:/home/ubuntu/ws_moveit/install/moveit_task_constructor_capabilities:/home/ubuntu/ws_moveit/install/moveit_task_constructor_core:/home/ubuntu/ws_moveit/install/moveit_ros_control_interface:/home/ubuntu/ws_moveit/install/moveit_plugins:/home/ubuntu/ws_moveit/install/moveit_simple_controller_manager:/home/ubuntu/ws_moveit/install/moveit_setup_assistant:/home/ubuntu/ws_moveit/install/moveit_setup_srdf_plugins:/home/ubuntu/ws_moveit/install/moveit_setup_core_plugins:/home/ubuntu/ws_moveit/install/moveit_setup_controllers:/home/ubuntu/ws_moveit/install/moveit_setup_app_plugins:/home/ubuntu/ws_moveit/install/moveit_setup_framework:/home/ubuntu/ws_moveit/install/moveit_servo:/home/ubuntu/ws_moveit/install/moveit_ros:/home/ubuntu/ws_moveit/install/moveit_ros_visualization:/home/ubuntu/ws_moveit/install/moveit_hybrid_planning:/home/ubuntu/ws_moveit/install/moveit_ros_planning_interface:/home/ubuntu/ws_moveit/install/moveit_ros_benchmarks:/home/ubuntu/ws_moveit/install/moveit_ros_warehouse:/home/ubuntu/ws_moveit/install/moveit_ros_robot_interaction:/home/ubuntu/ws_moveit/install/moveit_ros_perception:/home/ubuntu/ws_moveit/install/moveit_resources_prbt_pg70_support:/home/ubuntu/ws_moveit/install/moveit_resources_prbt_moveit_config:/home/ubuntu/ws_moveit/install/moveit_ros_move_group:/home/ubuntu/ws_moveit/install/moveit_planners_ompl:/home/ubuntu/ws_moveit/install/moveit_ros_planning:/home/ubuntu/ws_moveit/install/moveit_ros_occupancy_map_monitor:/home/ubuntu/ws_moveit/install/moveit_resources_prbt_ikfast_manipulator_plugin:/home/ubuntu/ws_moveit/install/moveit_planners_chomp:/home/ubuntu/ws_moveit/install/moveit_kinematics:/home/ubuntu/ws_moveit/install/moveit_chomp_optimizer_adapter:/home/ubuntu/ws_moveit/install/chomp_motion_planner:/home/ubuntu/ws_moveit/install/moveit_core:/home/ubuntu/ws_moveit/install/srdfdom:/home/ubuntu/ws_moveit/install/rviz_marker_tools:/home/ubuntu/ws_moveit/install/rosparam_shortcuts:/home/ubuntu/ws_moveit/install/moveit_task_constructor_msgs:/home/ubuntu/ws_moveit/install/moveit_resources_prbt_support:/home/ubuntu/ws_moveit/install/moveit_resources:/home/ubuntu/ws_moveit/install/moveit_resources_pr2_description:/home/ubuntu/ws_moveit/install/moveit_resources_panda_moveit_config:/home/ubuntu/ws_moveit/install/moveit_resources_panda_description:/home/ubuntu/ws_moveit/install/moveit_resources_fanuc_moveit_config:/home/ubuntu/ws_moveit/install/moveit_resources_fanuc_description:/home/ubuntu/ws_moveit/install/moveit_common:/home/ubuntu/ws00_helloworld/install/pkg03_hellovscode_cpp:/home/ubuntu/ws00_helloworld/install/pkg01_helloworld_cpp:/home/ubuntu/dev_ws/install/learning_topic_cpp:/home/ubuntu/dev_ws/install/learning_tf_cpp:/home/ubuntu/dev_ws/install/learning_service_cpp:/home/ubuntu/dev_ws/install/learning_pkg_c:/home/ubuntu/dev_ws/install/learning_parameter_cpp:/home/ubuntu/dev_ws/install/learning_node_cpp:/home/ubuntu/dev_ws/install/learning_action_cpp:/home/ubuntu/dev_ws/install/learning_interface:/home/ubuntu/ws_moveit/install/moveit_configs_utils:/home/ubuntu/ws_moveit/install/launch_param_builder:/home/ubuntu/ws00_helloworld/install/pkg02_helloworld_py:/home/ubuntu/dev_ws/install/learning_urdf:/home/ubuntu/dev_ws/install/learning_topic:/home/ubuntu/dev_ws/install/learning_tf:/home/ubuntu/dev_ws/install/learning_service:/home/ubuntu/dev_ws/install/learning_qos:/home/ubuntu/dev_ws/install/learning_pkg_python:/home/ubuntu/dev_ws/install/learning_parameter:/home/ubuntu/dev_ws/install/learning_node:/home/ubuntu/dev_ws/install/learning_launch:/home/ubuntu/dev_ws/install/learning_action:/home/ubuntu/dev_ws/install/learning_gazebo_harmonic:/home/ubuntu/dev_ws/install/learning_gazebo:/home/ubuntu/dev_ws/install/learning_cv:/opt/ros/humble /usr/bin/cmake --build /home/ubuntu/ws_engineer/build/engineer_config -- -j16 -l16
[14.604s] DEBUG:colcon.colcon_core.event_handler.log_command:Invoked command in '/home/ubuntu/ws_engineer/build/engineer_config' returned '0': CMAKE_PREFIX_PATH=/home/ubuntu/ws_engineer/install/engineer_urdf:/home/ubuntu/ws_engineer/install/moveit_demo:/home/ubuntu/ws_engineer/install/engineer_config:/home/ubuntu/ws_engineer/install/engineer_protocol:/home/ubuntu/ws_engineer/install/base_interfaces:/home/ubuntu/ws_moveit/install/pilz_industrial_motion_planner_testutils:/home/ubuntu/ws_moveit/install/moveit_runtime:/home/ubuntu/ws_moveit/install/moveit2_tutorials:/home/ubuntu/ws_moveit/install/moveit:/home/ubuntu/ws_moveit/install/moveit_planners:/home/ubuntu/ws_moveit/install/pilz_industrial_motion_planner:/home/ubuntu/ws_moveit/install/moveit_visual_tools:/home/ubuntu/ws_moveit/install/moveit_task_constructor_visualization:/home/ubuntu/ws_moveit/install/moveit_task_constructor_demo:/home/ubuntu/ws_moveit/install/moveit_task_constructor_capabilities:/home/ubuntu/ws_moveit/install/moveit_task_constructor_core:/home/ubuntu/ws_moveit/install/moveit_ros_control_interface:/home/ubuntu/ws_moveit/install/moveit_plugins:/home/ubuntu/ws_moveit/install/moveit_simple_controller_manager:/home/ubuntu/ws_moveit/install/moveit_setup_assistant:/home/ubuntu/ws_moveit/install/moveit_setup_srdf_plugins:/home/ubuntu/ws_moveit/install/moveit_setup_core_plugins:/home/ubuntu/ws_moveit/install/moveit_setup_controllers:/home/ubuntu/ws_moveit/install/moveit_setup_app_plugins:/home/ubuntu/ws_moveit/install/moveit_setup_framework:/home/ubuntu/ws_moveit/install/moveit_servo:/home/ubuntu/ws_moveit/install/moveit_ros:/home/ubuntu/ws_moveit/install/moveit_ros_visualization:/home/ubuntu/ws_moveit/install/moveit_hybrid_planning:/home/ubuntu/ws_moveit/install/moveit_ros_planning_interface:/home/ubuntu/ws_moveit/install/moveit_ros_benchmarks:/home/ubuntu/ws_moveit/install/moveit_ros_warehouse:/home/ubuntu/ws_moveit/install/moveit_ros_robot_interaction:/home/ubuntu/ws_moveit/install/moveit_ros_perception:/home/ubuntu/ws_moveit/install/moveit_resources_prbt_pg70_support:/home/ubuntu/ws_moveit/install/moveit_resources_prbt_moveit_config:/home/ubuntu/ws_moveit/install/moveit_ros_move_group:/home/ubuntu/ws_moveit/install/moveit_planners_ompl:/home/ubuntu/ws_moveit/install/moveit_ros_planning:/home/ubuntu/ws_moveit/install/moveit_ros_occupancy_map_monitor:/home/ubuntu/ws_moveit/install/moveit_resources_prbt_ikfast_manipulator_plugin:/home/ubuntu/ws_moveit/install/moveit_planners_chomp:/home/ubuntu/ws_moveit/install/moveit_kinematics:/home/ubuntu/ws_moveit/install/moveit_chomp_optimizer_adapter:/home/ubuntu/ws_moveit/install/chomp_motion_planner:/home/ubuntu/ws_moveit/install/moveit_core:/home/ubuntu/ws_moveit/install/srdfdom:/home/ubuntu/ws_moveit/install/rviz_marker_tools:/home/ubuntu/ws_moveit/install/rosparam_shortcuts:/home/ubuntu/ws_moveit/install/moveit_task_constructor_msgs:/home/ubuntu/ws_moveit/install/moveit_resources_prbt_support:/home/ubuntu/ws_moveit/install/moveit_resources:/home/ubuntu/ws_moveit/install/moveit_resources_pr2_description:/home/ubuntu/ws_moveit/install/moveit_resources_panda_moveit_config:/home/ubuntu/ws_moveit/install/moveit_resources_panda_description:/home/ubuntu/ws_moveit/install/moveit_resources_fanuc_moveit_config:/home/ubuntu/ws_moveit/install/moveit_resources_fanuc_description:/home/ubuntu/ws_moveit/install/moveit_common:/home/ubuntu/ws00_helloworld/install/pkg03_hellovscode_cpp:/home/ubuntu/ws00_helloworld/install/pkg01_helloworld_cpp:/home/ubuntu/dev_ws/install/learning_topic_cpp:/home/ubuntu/dev_ws/install/learning_tf_cpp:/home/ubuntu/dev_ws/install/learning_service_cpp:/home/ubuntu/dev_ws/install/learning_pkg_c:/home/ubuntu/dev_ws/install/learning_parameter_cpp:/home/ubuntu/dev_ws/install/learning_node_cpp:/home/ubuntu/dev_ws/install/learning_action_cpp:/home/ubuntu/dev_ws/install/learning_interface:/home/ubuntu/ws_moveit/install/moveit_configs_utils:/home/ubuntu/ws_moveit/install/launch_param_builder:/home/ubuntu/ws00_helloworld/install/pkg02_helloworld_py:/home/ubuntu/dev_ws/install/learning_urdf:/home/ubuntu/dev_ws/install/learning_topic:/home/ubuntu/dev_ws/install/learning_tf:/home/ubuntu/dev_ws/install/learning_service:/home/ubuntu/dev_ws/install/learning_qos:/home/ubuntu/dev_ws/install/learning_pkg_python:/home/ubuntu/dev_ws/install/learning_parameter:/home/ubuntu/dev_ws/install/learning_node:/home/ubuntu/dev_ws/install/learning_launch:/home/ubuntu/dev_ws/install/learning_action:/home/ubuntu/dev_ws/install/learning_gazebo_harmonic:/home/ubuntu/dev_ws/install/learning_gazebo:/home/ubuntu/dev_ws/install/learning_cv:/opt/ros/humble /usr/bin/cmake --build /home/ubuntu/ws_engineer/build/engineer_config -- -j16 -l16
[14.606s] DEBUG:colcon.colcon_core.event_handler.log_command:Invoking command in '/home/ubuntu/ws_engineer/build/engineer_config': CMAKE_PREFIX_PATH=/home/ubuntu/ws_engineer/install/engineer_urdf:/home/ubuntu/ws_engineer/install/moveit_demo:/home/ubuntu/ws_engineer/install/engineer_config:/home/ubuntu/ws_engineer/install/engineer_protocol:/home/ubuntu/ws_engineer/install/base_interfaces:/home/ubuntu/ws_moveit/install/pilz_industrial_motion_planner_testutils:/home/ubuntu/ws_moveit/install/moveit_runtime:/home/ubuntu/ws_moveit/install/moveit2_tutorials:/home/ubuntu/ws_moveit/install/moveit:/home/ubuntu/ws_moveit/install/moveit_planners:/home/ubuntu/ws_moveit/install/pilz_industrial_motion_planner:/home/ubuntu/ws_moveit/install/moveit_visual_tools:/home/ubuntu/ws_moveit/install/moveit_task_constructor_visualization:/home/ubuntu/ws_moveit/install/moveit_task_constructor_demo:/home/ubuntu/ws_moveit/install/moveit_task_constructor_capabilities:/home/ubuntu/ws_moveit/install/moveit_task_constructor_core:/home/ubuntu/ws_moveit/install/moveit_ros_control_interface:/home/ubuntu/ws_moveit/install/moveit_plugins:/home/ubuntu/ws_moveit/install/moveit_simple_controller_manager:/home/ubuntu/ws_moveit/install/moveit_setup_assistant:/home/ubuntu/ws_moveit/install/moveit_setup_srdf_plugins:/home/ubuntu/ws_moveit/install/moveit_setup_core_plugins:/home/ubuntu/ws_moveit/install/moveit_setup_controllers:/home/ubuntu/ws_moveit/install/moveit_setup_app_plugins:/home/ubuntu/ws_moveit/install/moveit_setup_framework:/home/ubuntu/ws_moveit/install/moveit_servo:/home/ubuntu/ws_moveit/install/moveit_ros:/home/ubuntu/ws_moveit/install/moveit_ros_visualization:/home/ubuntu/ws_moveit/install/moveit_hybrid_planning:/home/ubuntu/ws_moveit/install/moveit_ros_planning_interface:/home/ubuntu/ws_moveit/install/moveit_ros_benchmarks:/home/ubuntu/ws_moveit/install/moveit_ros_warehouse:/home/ubuntu/ws_moveit/install/moveit_ros_robot_interaction:/home/ubuntu/ws_moveit/install/moveit_ros_perception:/home/ubuntu/ws_moveit/install/moveit_resources_prbt_pg70_support:/home/ubuntu/ws_moveit/install/moveit_resources_prbt_moveit_config:/home/ubuntu/ws_moveit/install/moveit_ros_move_group:/home/ubuntu/ws_moveit/install/moveit_planners_ompl:/home/ubuntu/ws_moveit/install/moveit_ros_planning:/home/ubuntu/ws_moveit/install/moveit_ros_occupancy_map_monitor:/home/ubuntu/ws_moveit/install/moveit_resources_prbt_ikfast_manipulator_plugin:/home/ubuntu/ws_moveit/install/moveit_planners_chomp:/home/ubuntu/ws_moveit/install/moveit_kinematics:/home/ubuntu/ws_moveit/install/moveit_chomp_optimizer_adapter:/home/ubuntu/ws_moveit/install/chomp_motion_planner:/home/ubuntu/ws_moveit/install/moveit_core:/home/ubuntu/ws_moveit/install/srdfdom:/home/ubuntu/ws_moveit/install/rviz_marker_tools:/home/ubuntu/ws_moveit/install/rosparam_shortcuts:/home/ubuntu/ws_moveit/install/moveit_task_constructor_msgs:/home/ubuntu/ws_moveit/install/moveit_resources_prbt_support:/home/ubuntu/ws_moveit/install/moveit_resources:/home/ubuntu/ws_moveit/install/moveit_resources_pr2_description:/home/ubuntu/ws_moveit/install/moveit_resources_panda_moveit_config:/home/ubuntu/ws_moveit/install/moveit_resources_panda_description:/home/ubuntu/ws_moveit/install/moveit_resources_fanuc_moveit_config:/home/ubuntu/ws_moveit/install/moveit_resources_fanuc_description:/home/ubuntu/ws_moveit/install/moveit_common:/home/ubuntu/ws00_helloworld/install/pkg03_hellovscode_cpp:/home/ubuntu/ws00_helloworld/install/pkg01_helloworld_cpp:/home/ubuntu/dev_ws/install/learning_topic_cpp:/home/ubuntu/dev_ws/install/learning_tf_cpp:/home/ubuntu/dev_ws/install/learning_service_cpp:/home/ubuntu/dev_ws/install/learning_pkg_c:/home/ubuntu/dev_ws/install/learning_parameter_cpp:/home/ubuntu/dev_ws/install/learning_node_cpp:/home/ubuntu/dev_ws/install/learning_action_cpp:/home/ubuntu/dev_ws/install/learning_interface:/home/ubuntu/ws_moveit/install/moveit_configs_utils:/home/ubuntu/ws_moveit/install/launch_param_builder:/home/ubuntu/ws00_helloworld/install/pkg02_helloworld_py:/home/ubuntu/dev_ws/install/learning_urdf:/home/ubuntu/dev_ws/install/learning_topic:/home/ubuntu/dev_ws/install/learning_tf:/home/ubuntu/dev_ws/install/learning_service:/home/ubuntu/dev_ws/install/learning_qos:/home/ubuntu/dev_ws/install/learning_pkg_python:/home/ubuntu/dev_ws/install/learning_parameter:/home/ubuntu/dev_ws/install/learning_node:/home/ubuntu/dev_ws/install/learning_launch:/home/ubuntu/dev_ws/install/learning_action:/home/ubuntu/dev_ws/install/learning_gazebo_harmonic:/home/ubuntu/dev_ws/install/learning_gazebo:/home/ubuntu/dev_ws/install/learning_cv:/opt/ros/humble /usr/bin/cmake --install /home/ubuntu/ws_engineer/build/engineer_config
[14.625s] Level 1:colcon.colcon_core.environment:create_environment_scripts_only(engineer_config)
[14.626s] Level 1:colcon.colcon_core.environment:checking '/home/ubuntu/ws_engineer/install/engineer_config' for CMake module files
[14.627s] DEBUG:colcon.colcon_core.event_handler.log_command:Invoked command in '/home/ubuntu/ws_engineer/build/engineer_config' returned '0': CMAKE_PREFIX_PATH=/home/ubuntu/ws_engineer/install/engineer_urdf:/home/ubuntu/ws_engineer/install/moveit_demo:/home/ubuntu/ws_engineer/install/engineer_config:/home/ubuntu/ws_engineer/install/engineer_protocol:/home/ubuntu/ws_engineer/install/base_interfaces:/home/ubuntu/ws_moveit/install/pilz_industrial_motion_planner_testutils:/home/ubuntu/ws_moveit/install/moveit_runtime:/home/ubuntu/ws_moveit/install/moveit2_tutorials:/home/ubuntu/ws_moveit/install/moveit:/home/ubuntu/ws_moveit/install/moveit_planners:/home/ubuntu/ws_moveit/install/pilz_industrial_motion_planner:/home/ubuntu/ws_moveit/install/moveit_visual_tools:/home/ubuntu/ws_moveit/install/moveit_task_constructor_visualization:/home/ubuntu/ws_moveit/install/moveit_task_constructor_demo:/home/ubuntu/ws_moveit/install/moveit_task_constructor_capabilities:/home/ubuntu/ws_moveit/install/moveit_task_constructor_core:/home/ubuntu/ws_moveit/install/moveit_ros_control_interface:/home/ubuntu/ws_moveit/install/moveit_plugins:/home/ubuntu/ws_moveit/install/moveit_simple_controller_manager:/home/ubuntu/ws_moveit/install/moveit_setup_assistant:/home/ubuntu/ws_moveit/install/moveit_setup_srdf_plugins:/home/ubuntu/ws_moveit/install/moveit_setup_core_plugins:/home/ubuntu/ws_moveit/install/moveit_setup_controllers:/home/ubuntu/ws_moveit/install/moveit_setup_app_plugins:/home/ubuntu/ws_moveit/install/moveit_setup_framework:/home/ubuntu/ws_moveit/install/moveit_servo:/home/ubuntu/ws_moveit/install/moveit_ros:/home/ubuntu/ws_moveit/install/moveit_ros_visualization:/home/ubuntu/ws_moveit/install/moveit_hybrid_planning:/home/ubuntu/ws_moveit/install/moveit_ros_planning_interface:/home/ubuntu/ws_moveit/install/moveit_ros_benchmarks:/home/ubuntu/ws_moveit/install/moveit_ros_warehouse:/home/ubuntu/ws_moveit/install/moveit_ros_robot_interaction:/home/ubuntu/ws_moveit/install/moveit_ros_perception:/home/ubuntu/ws_moveit/install/moveit_resources_prbt_pg70_support:/home/ubuntu/ws_moveit/install/moveit_resources_prbt_moveit_config:/home/ubuntu/ws_moveit/install/moveit_ros_move_group:/home/ubuntu/ws_moveit/install/moveit_planners_ompl:/home/ubuntu/ws_moveit/install/moveit_ros_planning:/home/ubuntu/ws_moveit/install/moveit_ros_occupancy_map_monitor:/home/ubuntu/ws_moveit/install/moveit_resources_prbt_ikfast_manipulator_plugin:/home/ubuntu/ws_moveit/install/moveit_planners_chomp:/home/ubuntu/ws_moveit/install/moveit_kinematics:/home/ubuntu/ws_moveit/install/moveit_chomp_optimizer_adapter:/home/ubuntu/ws_moveit/install/chomp_motion_planner:/home/ubuntu/ws_moveit/install/moveit_core:/home/ubuntu/ws_moveit/install/srdfdom:/home/ubuntu/ws_moveit/install/rviz_marker_tools:/home/ubuntu/ws_moveit/install/rosparam_shortcuts:/home/ubuntu/ws_moveit/install/moveit_task_constructor_msgs:/home/ubuntu/ws_moveit/install/moveit_resources_prbt_support:/home/ubuntu/ws_moveit/install/moveit_resources:/home/ubuntu/ws_moveit/install/moveit_resources_pr2_description:/home/ubuntu/ws_moveit/install/moveit_resources_panda_moveit_config:/home/ubuntu/ws_moveit/install/moveit_resources_panda_description:/home/ubuntu/ws_moveit/install/moveit_resources_fanuc_moveit_config:/home/ubuntu/ws_moveit/install/moveit_resources_fanuc_description:/home/ubuntu/ws_moveit/install/moveit_common:/home/ubuntu/ws00_helloworld/install/pkg03_hellovscode_cpp:/home/ubuntu/ws00_helloworld/install/pkg01_helloworld_cpp:/home/ubuntu/dev_ws/install/learning_topic_cpp:/home/ubuntu/dev_ws/install/learning_tf_cpp:/home/ubuntu/dev_ws/install/learning_service_cpp:/home/ubuntu/dev_ws/install/learning_pkg_c:/home/ubuntu/dev_ws/install/learning_parameter_cpp:/home/ubuntu/dev_ws/install/learning_node_cpp:/home/ubuntu/dev_ws/install/learning_action_cpp:/home/ubuntu/dev_ws/install/learning_interface:/home/ubuntu/ws_moveit/install/moveit_configs_utils:/home/ubuntu/ws_moveit/install/launch_param_builder:/home/ubuntu/ws00_helloworld/install/pkg02_helloworld_py:/home/ubuntu/dev_ws/install/learning_urdf:/home/ubuntu/dev_ws/install/learning_topic:/home/ubuntu/dev_ws/install/learning_tf:/home/ubuntu/dev_ws/install/learning_service:/home/ubuntu/dev_ws/install/learning_qos:/home/ubuntu/dev_ws/install/learning_pkg_python:/home/ubuntu/dev_ws/install/learning_parameter:/home/ubuntu/dev_ws/install/learning_node:/home/ubuntu/dev_ws/install/learning_launch:/home/ubuntu/dev_ws/install/learning_action:/home/ubuntu/dev_ws/install/learning_gazebo_harmonic:/home/ubuntu/dev_ws/install/learning_gazebo:/home/ubuntu/dev_ws/install/learning_cv:/opt/ros/humble /usr/bin/cmake --install /home/ubuntu/ws_engineer/build/engineer_config
[14.627s] Level 1:colcon.colcon_core.environment:checking '/home/ubuntu/ws_engineer/install/engineer_config' for CMake config files
[14.627s] Level 1:colcon.colcon_core.shell:create_environment_hook('engineer_config', 'cmake_prefix_path')
[14.627s] INFO:colcon.colcon_core.shell:Creating environment hook '/home/ubuntu/ws_engineer/install/engineer_config/share/engineer_config/hook/cmake_prefix_path.ps1'
[14.628s] INFO:colcon.colcon_core.shell:Creating environment descriptor '/home/ubuntu/ws_engineer/install/engineer_config/share/engineer_config/hook/cmake_prefix_path.dsv'
[14.628s] INFO:colcon.colcon_core.shell:Creating environment hook '/home/ubuntu/ws_engineer/install/engineer_config/share/engineer_config/hook/cmake_prefix_path.sh'
[14.628s] Level 1:colcon.colcon_core.environment:checking '/home/ubuntu/ws_engineer/install/engineer_config/bin'
[14.628s] Level 1:colcon.colcon_core.environment:checking '/home/ubuntu/ws_engineer/install/engineer_config/lib/pkgconfig/engineer_config.pc'
[14.629s] Level 1:colcon.colcon_core.environment:checking '/home/ubuntu/ws_engineer/install/engineer_config/lib/python3.10/site-packages'
[14.629s] Level 1:colcon.colcon_core.environment:checking '/home/ubuntu/ws_engineer/install/engineer_config/bin'
[14.629s] INFO:colcon.colcon_core.shell:Creating package script '/home/ubuntu/ws_engineer/install/engineer_config/share/engineer_config/package.ps1'
[14.629s] INFO:colcon.colcon_core.shell:Creating package descriptor '/home/ubuntu/ws_engineer/install/engineer_config/share/engineer_config/package.dsv'
[14.630s] INFO:colcon.colcon_core.shell:Creating package script '/home/ubuntu/ws_engineer/install/engineer_config/share/engineer_config/package.sh'
[14.630s] INFO:colcon.colcon_core.shell:Creating package script '/home/ubuntu/ws_engineer/install/engineer_config/share/engineer_config/package.bash'
[14.630s] INFO:colcon.colcon_core.shell:Creating package script '/home/ubuntu/ws_engineer/install/engineer_config/share/engineer_config/package.zsh'
[14.631s] Level 1:colcon.colcon_core.environment:create_file_with_runtime_dependencies(/home/ubuntu/ws_engineer/install/engineer_config/share/colcon-core/packages/engineer_config)
[14.632s] Level 1:colcon.colcon_core.environment:create_environment_scripts_only(engineer_config)
[14.632s] Level 1:colcon.colcon_core.environment:checking '/home/ubuntu/ws_engineer/install/engineer_config' for CMake module files
[14.632s] Level 1:colcon.colcon_core.environment:checking '/home/ubuntu/ws_engineer/install/engineer_config' for CMake config files
[14.632s] Level 1:colcon.colcon_core.shell:create_environment_hook('engineer_config', 'cmake_prefix_path')
[14.633s] INFO:colcon.colcon_core.shell:Creating environment hook '/home/ubuntu/ws_engineer/install/engineer_config/share/engineer_config/hook/cmake_prefix_path.ps1'
[14.633s] INFO:colcon.colcon_core.shell:Creating environment descriptor '/home/ubuntu/ws_engineer/install/engineer_config/share/engineer_config/hook/cmake_prefix_path.dsv'
[14.633s] INFO:colcon.colcon_core.shell:Creating environment hook '/home/ubuntu/ws_engineer/install/engineer_config/share/engineer_config/hook/cmake_prefix_path.sh'
[14.634s] Level 1:colcon.colcon_core.environment:checking '/home/ubuntu/ws_engineer/install/engineer_config/bin'
[14.634s] Level 1:colcon.colcon_core.environment:checking '/home/ubuntu/ws_engineer/install/engineer_config/lib/pkgconfig/engineer_config.pc'
[14.634s] Level 1:colcon.colcon_core.environment:checking '/home/ubuntu/ws_engineer/install/engineer_config/lib/python3.10/site-packages'
[14.634s] Level 1:colcon.colcon_core.environment:checking '/home/ubuntu/ws_engineer/install/engineer_config/bin'
[14.634s] INFO:colcon.colcon_core.shell:Creating package script '/home/ubuntu/ws_engineer/install/engineer_config/share/engineer_config/package.ps1'
[14.635s] INFO:colcon.colcon_core.shell:Creating package descriptor '/home/ubuntu/ws_engineer/install/engineer_config/share/engineer_config/package.dsv'
[14.660s] INFO:colcon.colcon_core.shell:Creating package script '/home/ubuntu/ws_engineer/install/engineer_config/share/engineer_config/package.sh'
[14.661s] INFO:colcon.colcon_core.shell:Creating package script '/home/ubuntu/ws_engineer/install/engineer_config/share/engineer_config/package.bash'
[14.662s] INFO:colcon.colcon_core.shell:Creating package script '/home/ubuntu/ws_engineer/install/engineer_config/share/engineer_config/package.zsh'
[14.662s] Level 1:colcon.colcon_core.environment:create_file_with_runtime_dependencies(/home/ubuntu/ws_engineer/install/engineer_config/share/colcon-core/packages/engineer_config)
[18.040s] DEBUG:colcon.colcon_core.event_handler.log_command:Invoked command in '/home/ubuntu/ws_engineer/build/engineer_protocol' returned '0': CMAKE_PREFIX_PATH=/home/ubuntu/ws_engineer/install/base_interfaces:/home/ubuntu/ws_engineer/install/moveit_demo:/home/ubuntu/ws_engineer/install/engineer_config:/home/ubuntu/ws_engineer/install/engineer_urdf:/home/ubuntu/ws_engineer/install/engineer_protocol:/home/ubuntu/ws_moveit/install/pilz_industrial_motion_planner_testutils:/home/ubuntu/ws_moveit/install/moveit_runtime:/home/ubuntu/ws_moveit/install/moveit2_tutorials:/home/ubuntu/ws_moveit/install/moveit:/home/ubuntu/ws_moveit/install/moveit_planners:/home/ubuntu/ws_moveit/install/pilz_industrial_motion_planner:/home/ubuntu/ws_moveit/install/moveit_visual_tools:/home/ubuntu/ws_moveit/install/moveit_task_constructor_visualization:/home/ubuntu/ws_moveit/install/moveit_task_constructor_demo:/home/ubuntu/ws_moveit/install/moveit_task_constructor_capabilities:/home/ubuntu/ws_moveit/install/moveit_task_constructor_core:/home/ubuntu/ws_moveit/install/moveit_ros_control_interface:/home/ubuntu/ws_moveit/install/moveit_plugins:/home/ubuntu/ws_moveit/install/moveit_simple_controller_manager:/home/ubuntu/ws_moveit/install/moveit_setup_assistant:/home/ubuntu/ws_moveit/install/moveit_setup_srdf_plugins:/home/ubuntu/ws_moveit/install/moveit_setup_core_plugins:/home/ubuntu/ws_moveit/install/moveit_setup_controllers:/home/ubuntu/ws_moveit/install/moveit_setup_app_plugins:/home/ubuntu/ws_moveit/install/moveit_setup_framework:/home/ubuntu/ws_moveit/install/moveit_servo:/home/ubuntu/ws_moveit/install/moveit_ros:/home/ubuntu/ws_moveit/install/moveit_ros_visualization:/home/ubuntu/ws_moveit/install/moveit_hybrid_planning:/home/ubuntu/ws_moveit/install/moveit_ros_planning_interface:/home/ubuntu/ws_moveit/install/moveit_ros_benchmarks:/home/ubuntu/ws_moveit/install/moveit_ros_warehouse:/home/ubuntu/ws_moveit/install/moveit_ros_robot_interaction:/home/ubuntu/ws_moveit/install/moveit_ros_perception:/home/ubuntu/ws_moveit/install/moveit_resources_prbt_pg70_support:/home/ubuntu/ws_moveit/install/moveit_resources_prbt_moveit_config:/home/ubuntu/ws_moveit/install/moveit_ros_move_group:/home/ubuntu/ws_moveit/install/moveit_planners_ompl:/home/ubuntu/ws_moveit/install/moveit_ros_planning:/home/ubuntu/ws_moveit/install/moveit_ros_occupancy_map_monitor:/home/ubuntu/ws_moveit/install/moveit_resources_prbt_ikfast_manipulator_plugin:/home/ubuntu/ws_moveit/install/moveit_planners_chomp:/home/ubuntu/ws_moveit/install/moveit_kinematics:/home/ubuntu/ws_moveit/install/moveit_chomp_optimizer_adapter:/home/ubuntu/ws_moveit/install/chomp_motion_planner:/home/ubuntu/ws_moveit/install/moveit_core:/home/ubuntu/ws_moveit/install/srdfdom:/home/ubuntu/ws_moveit/install/rviz_marker_tools:/home/ubuntu/ws_moveit/install/rosparam_shortcuts:/home/ubuntu/ws_moveit/install/moveit_task_constructor_msgs:/home/ubuntu/ws_moveit/install/moveit_resources_prbt_support:/home/ubuntu/ws_moveit/install/moveit_resources:/home/ubuntu/ws_moveit/install/moveit_resources_pr2_description:/home/ubuntu/ws_moveit/install/moveit_resources_panda_moveit_config:/home/ubuntu/ws_moveit/install/moveit_resources_panda_description:/home/ubuntu/ws_moveit/install/moveit_resources_fanuc_moveit_config:/home/ubuntu/ws_moveit/install/moveit_resources_fanuc_description:/home/ubuntu/ws_moveit/install/moveit_common:/home/ubuntu/ws00_helloworld/install/pkg03_hellovscode_cpp:/home/ubuntu/ws00_helloworld/install/pkg01_helloworld_cpp:/home/ubuntu/dev_ws/install/learning_topic_cpp:/home/ubuntu/dev_ws/install/learning_tf_cpp:/home/ubuntu/dev_ws/install/learning_service_cpp:/home/ubuntu/dev_ws/install/learning_pkg_c:/home/ubuntu/dev_ws/install/learning_parameter_cpp:/home/ubuntu/dev_ws/install/learning_node_cpp:/home/ubuntu/dev_ws/install/learning_action_cpp:/home/ubuntu/dev_ws/install/learning_interface:/home/ubuntu/ws_moveit/install/moveit_configs_utils:/home/ubuntu/ws_moveit/install/launch_param_builder:/home/ubuntu/ws00_helloworld/install/pkg02_helloworld_py:/home/ubuntu/dev_ws/install/learning_urdf:/home/ubuntu/dev_ws/install/learning_topic:/home/ubuntu/dev_ws/install/learning_tf:/home/ubuntu/dev_ws/install/learning_service:/home/ubuntu/dev_ws/install/learning_qos:/home/ubuntu/dev_ws/install/learning_pkg_python:/home/ubuntu/dev_ws/install/learning_parameter:/home/ubuntu/dev_ws/install/learning_node:/home/ubuntu/dev_ws/install/learning_launch:/home/ubuntu/dev_ws/install/learning_action:/home/ubuntu/dev_ws/install/learning_gazebo_harmonic:/home/ubuntu/dev_ws/install/learning_gazebo:/home/ubuntu/dev_ws/install/learning_cv:/opt/ros/humble /usr/bin/cmake --build /home/ubuntu/ws_engineer/build/engineer_protocol -- -j16 -l16
[18.042s] DEBUG:colcon.colcon_core.event_handler.log_command:Invoking command in '/home/ubuntu/ws_engineer/build/engineer_protocol': CMAKE_PREFIX_PATH=/home/ubuntu/ws_engineer/install/base_interfaces:/home/ubuntu/ws_engineer/install/moveit_demo:/home/ubuntu/ws_engineer/install/engineer_config:/home/ubuntu/ws_engineer/install/engineer_urdf:/home/ubuntu/ws_engineer/install/engineer_protocol:/home/ubuntu/ws_moveit/install/pilz_industrial_motion_planner_testutils:/home/ubuntu/ws_moveit/install/moveit_runtime:/home/ubuntu/ws_moveit/install/moveit2_tutorials:/home/ubuntu/ws_moveit/install/moveit:/home/ubuntu/ws_moveit/install/moveit_planners:/home/ubuntu/ws_moveit/install/pilz_industrial_motion_planner:/home/ubuntu/ws_moveit/install/moveit_visual_tools:/home/ubuntu/ws_moveit/install/moveit_task_constructor_visualization:/home/ubuntu/ws_moveit/install/moveit_task_constructor_demo:/home/ubuntu/ws_moveit/install/moveit_task_constructor_capabilities:/home/ubuntu/ws_moveit/install/moveit_task_constructor_core:/home/ubuntu/ws_moveit/install/moveit_ros_control_interface:/home/ubuntu/ws_moveit/install/moveit_plugins:/home/ubuntu/ws_moveit/install/moveit_simple_controller_manager:/home/ubuntu/ws_moveit/install/moveit_setup_assistant:/home/ubuntu/ws_moveit/install/moveit_setup_srdf_plugins:/home/ubuntu/ws_moveit/install/moveit_setup_core_plugins:/home/ubuntu/ws_moveit/install/moveit_setup_controllers:/home/ubuntu/ws_moveit/install/moveit_setup_app_plugins:/home/ubuntu/ws_moveit/install/moveit_setup_framework:/home/ubuntu/ws_moveit/install/moveit_servo:/home/ubuntu/ws_moveit/install/moveit_ros:/home/ubuntu/ws_moveit/install/moveit_ros_visualization:/home/ubuntu/ws_moveit/install/moveit_hybrid_planning:/home/ubuntu/ws_moveit/install/moveit_ros_planning_interface:/home/ubuntu/ws_moveit/install/moveit_ros_benchmarks:/home/ubuntu/ws_moveit/install/moveit_ros_warehouse:/home/ubuntu/ws_moveit/install/moveit_ros_robot_interaction:/home/ubuntu/ws_moveit/install/moveit_ros_perception:/home/ubuntu/ws_moveit/install/moveit_resources_prbt_pg70_support:/home/ubuntu/ws_moveit/install/moveit_resources_prbt_moveit_config:/home/ubuntu/ws_moveit/install/moveit_ros_move_group:/home/ubuntu/ws_moveit/install/moveit_planners_ompl:/home/ubuntu/ws_moveit/install/moveit_ros_planning:/home/ubuntu/ws_moveit/install/moveit_ros_occupancy_map_monitor:/home/ubuntu/ws_moveit/install/moveit_resources_prbt_ikfast_manipulator_plugin:/home/ubuntu/ws_moveit/install/moveit_planners_chomp:/home/ubuntu/ws_moveit/install/moveit_kinematics:/home/ubuntu/ws_moveit/install/moveit_chomp_optimizer_adapter:/home/ubuntu/ws_moveit/install/chomp_motion_planner:/home/ubuntu/ws_moveit/install/moveit_core:/home/ubuntu/ws_moveit/install/srdfdom:/home/ubuntu/ws_moveit/install/rviz_marker_tools:/home/ubuntu/ws_moveit/install/rosparam_shortcuts:/home/ubuntu/ws_moveit/install/moveit_task_constructor_msgs:/home/ubuntu/ws_moveit/install/moveit_resources_prbt_support:/home/ubuntu/ws_moveit/install/moveit_resources:/home/ubuntu/ws_moveit/install/moveit_resources_pr2_description:/home/ubuntu/ws_moveit/install/moveit_resources_panda_moveit_config:/home/ubuntu/ws_moveit/install/moveit_resources_panda_description:/home/ubuntu/ws_moveit/install/moveit_resources_fanuc_moveit_config:/home/ubuntu/ws_moveit/install/moveit_resources_fanuc_description:/home/ubuntu/ws_moveit/install/moveit_common:/home/ubuntu/ws00_helloworld/install/pkg03_hellovscode_cpp:/home/ubuntu/ws00_helloworld/install/pkg01_helloworld_cpp:/home/ubuntu/dev_ws/install/learning_topic_cpp:/home/ubuntu/dev_ws/install/learning_tf_cpp:/home/ubuntu/dev_ws/install/learning_service_cpp:/home/ubuntu/dev_ws/install/learning_pkg_c:/home/ubuntu/dev_ws/install/learning_parameter_cpp:/home/ubuntu/dev_ws/install/learning_node_cpp:/home/ubuntu/dev_ws/install/learning_action_cpp:/home/ubuntu/dev_ws/install/learning_interface:/home/ubuntu/ws_moveit/install/moveit_configs_utils:/home/ubuntu/ws_moveit/install/launch_param_builder:/home/ubuntu/ws00_helloworld/install/pkg02_helloworld_py:/home/ubuntu/dev_ws/install/learning_urdf:/home/ubuntu/dev_ws/install/learning_topic:/home/ubuntu/dev_ws/install/learning_tf:/home/ubuntu/dev_ws/install/learning_service:/home/ubuntu/dev_ws/install/learning_qos:/home/ubuntu/dev_ws/install/learning_pkg_python:/home/ubuntu/dev_ws/install/learning_parameter:/home/ubuntu/dev_ws/install/learning_node:/home/ubuntu/dev_ws/install/learning_launch:/home/ubuntu/dev_ws/install/learning_action:/home/ubuntu/dev_ws/install/learning_gazebo_harmonic:/home/ubuntu/dev_ws/install/learning_gazebo:/home/ubuntu/dev_ws/install/learning_cv:/opt/ros/humble /usr/bin/cmake --install /home/ubuntu/ws_engineer/build/engineer_protocol
[18.059s] Level 1:colcon.colcon_core.environment:create_environment_scripts_only(engineer_protocol)
[18.059s] Level 1:colcon.colcon_core.environment:checking '/home/ubuntu/ws_engineer/install/engineer_protocol' for CMake module files
[18.059s] Level 1:colcon.colcon_core.environment:checking '/home/ubuntu/ws_engineer/install/engineer_protocol' for CMake config files
[18.060s] Level 1:colcon.colcon_core.shell:create_environment_hook('engineer_protocol', 'cmake_prefix_path')
[18.060s] INFO:colcon.colcon_core.shell:Creating environment hook '/home/ubuntu/ws_engineer/install/engineer_protocol/share/engineer_protocol/hook/cmake_prefix_path.ps1'
[18.060s] DEBUG:colcon.colcon_core.event_handler.log_command:Invoked command in '/home/ubuntu/ws_engineer/build/engineer_protocol' returned '0': CMAKE_PREFIX_PATH=/home/ubuntu/ws_engineer/install/base_interfaces:/home/ubuntu/ws_engineer/install/moveit_demo:/home/ubuntu/ws_engineer/install/engineer_config:/home/ubuntu/ws_engineer/install/engineer_urdf:/home/ubuntu/ws_engineer/install/engineer_protocol:/home/ubuntu/ws_moveit/install/pilz_industrial_motion_planner_testutils:/home/ubuntu/ws_moveit/install/moveit_runtime:/home/ubuntu/ws_moveit/install/moveit2_tutorials:/home/ubuntu/ws_moveit/install/moveit:/home/ubuntu/ws_moveit/install/moveit_planners:/home/ubuntu/ws_moveit/install/pilz_industrial_motion_planner:/home/ubuntu/ws_moveit/install/moveit_visual_tools:/home/ubuntu/ws_moveit/install/moveit_task_constructor_visualization:/home/ubuntu/ws_moveit/install/moveit_task_constructor_demo:/home/ubuntu/ws_moveit/install/moveit_task_constructor_capabilities:/home/ubuntu/ws_moveit/install/moveit_task_constructor_core:/home/ubuntu/ws_moveit/install/moveit_ros_control_interface:/home/ubuntu/ws_moveit/install/moveit_plugins:/home/ubuntu/ws_moveit/install/moveit_simple_controller_manager:/home/ubuntu/ws_moveit/install/moveit_setup_assistant:/home/ubuntu/ws_moveit/install/moveit_setup_srdf_plugins:/home/ubuntu/ws_moveit/install/moveit_setup_core_plugins:/home/ubuntu/ws_moveit/install/moveit_setup_controllers:/home/ubuntu/ws_moveit/install/moveit_setup_app_plugins:/home/ubuntu/ws_moveit/install/moveit_setup_framework:/home/ubuntu/ws_moveit/install/moveit_servo:/home/ubuntu/ws_moveit/install/moveit_ros:/home/ubuntu/ws_moveit/install/moveit_ros_visualization:/home/ubuntu/ws_moveit/install/moveit_hybrid_planning:/home/ubuntu/ws_moveit/install/moveit_ros_planning_interface:/home/ubuntu/ws_moveit/install/moveit_ros_benchmarks:/home/ubuntu/ws_moveit/install/moveit_ros_warehouse:/home/ubuntu/ws_moveit/install/moveit_ros_robot_interaction:/home/ubuntu/ws_moveit/install/moveit_ros_perception:/home/ubuntu/ws_moveit/install/moveit_resources_prbt_pg70_support:/home/ubuntu/ws_moveit/install/moveit_resources_prbt_moveit_config:/home/ubuntu/ws_moveit/install/moveit_ros_move_group:/home/ubuntu/ws_moveit/install/moveit_planners_ompl:/home/ubuntu/ws_moveit/install/moveit_ros_planning:/home/ubuntu/ws_moveit/install/moveit_ros_occupancy_map_monitor:/home/ubuntu/ws_moveit/install/moveit_resources_prbt_ikfast_manipulator_plugin:/home/ubuntu/ws_moveit/install/moveit_planners_chomp:/home/ubuntu/ws_moveit/install/moveit_kinematics:/home/ubuntu/ws_moveit/install/moveit_chomp_optimizer_adapter:/home/ubuntu/ws_moveit/install/chomp_motion_planner:/home/ubuntu/ws_moveit/install/moveit_core:/home/ubuntu/ws_moveit/install/srdfdom:/home/ubuntu/ws_moveit/install/rviz_marker_tools:/home/ubuntu/ws_moveit/install/rosparam_shortcuts:/home/ubuntu/ws_moveit/install/moveit_task_constructor_msgs:/home/ubuntu/ws_moveit/install/moveit_resources_prbt_support:/home/ubuntu/ws_moveit/install/moveit_resources:/home/ubuntu/ws_moveit/install/moveit_resources_pr2_description:/home/ubuntu/ws_moveit/install/moveit_resources_panda_moveit_config:/home/ubuntu/ws_moveit/install/moveit_resources_panda_description:/home/ubuntu/ws_moveit/install/moveit_resources_fanuc_moveit_config:/home/ubuntu/ws_moveit/install/moveit_resources_fanuc_description:/home/ubuntu/ws_moveit/install/moveit_common:/home/ubuntu/ws00_helloworld/install/pkg03_hellovscode_cpp:/home/ubuntu/ws00_helloworld/install/pkg01_helloworld_cpp:/home/ubuntu/dev_ws/install/learning_topic_cpp:/home/ubuntu/dev_ws/install/learning_tf_cpp:/home/ubuntu/dev_ws/install/learning_service_cpp:/home/ubuntu/dev_ws/install/learning_pkg_c:/home/ubuntu/dev_ws/install/learning_parameter_cpp:/home/ubuntu/dev_ws/install/learning_node_cpp:/home/ubuntu/dev_ws/install/learning_action_cpp:/home/ubuntu/dev_ws/install/learning_interface:/home/ubuntu/ws_moveit/install/moveit_configs_utils:/home/ubuntu/ws_moveit/install/launch_param_builder:/home/ubuntu/ws00_helloworld/install/pkg02_helloworld_py:/home/ubuntu/dev_ws/install/learning_urdf:/home/ubuntu/dev_ws/install/learning_topic:/home/ubuntu/dev_ws/install/learning_tf:/home/ubuntu/dev_ws/install/learning_service:/home/ubuntu/dev_ws/install/learning_qos:/home/ubuntu/dev_ws/install/learning_pkg_python:/home/ubuntu/dev_ws/install/learning_parameter:/home/ubuntu/dev_ws/install/learning_node:/home/ubuntu/dev_ws/install/learning_launch:/home/ubuntu/dev_ws/install/learning_action:/home/ubuntu/dev_ws/install/learning_gazebo_harmonic:/home/ubuntu/dev_ws/install/learning_gazebo:/home/ubuntu/dev_ws/install/learning_cv:/opt/ros/humble /usr/bin/cmake --install /home/ubuntu/ws_engineer/build/engineer_protocol
[18.060s] INFO:colcon.colcon_core.shell:Creating environment descriptor '/home/ubuntu/ws_engineer/install/engineer_protocol/share/engineer_protocol/hook/cmake_prefix_path.dsv'
[18.061s] INFO:colcon.colcon_core.shell:Creating environment hook '/home/ubuntu/ws_engineer/install/engineer_protocol/share/engineer_protocol/hook/cmake_prefix_path.sh'
[18.061s] Level 1:colcon.colcon_core.environment:checking '/home/ubuntu/ws_engineer/install/engineer_protocol/lib'
[18.061s] Level 1:colcon.colcon_core.environment:checking '/home/ubuntu/ws_engineer/install/engineer_protocol/bin'
[18.061s] Level 1:colcon.colcon_core.environment:checking '/home/ubuntu/ws_engineer/install/engineer_protocol/lib/pkgconfig/engineer_protocol.pc'
[18.061s] Level 1:colcon.colcon_core.environment:checking '/home/ubuntu/ws_engineer/install/engineer_protocol/lib/python3.10/site-packages'
[18.061s] Level 1:colcon.colcon_core.environment:checking '/home/ubuntu/ws_engineer/install/engineer_protocol/bin'
[18.062s] INFO:colcon.colcon_core.shell:Creating package script '/home/ubuntu/ws_engineer/install/engineer_protocol/share/engineer_protocol/package.ps1'
[18.062s] INFO:colcon.colcon_core.shell:Creating package descriptor '/home/ubuntu/ws_engineer/install/engineer_protocol/share/engineer_protocol/package.dsv'
[18.062s] INFO:colcon.colcon_core.shell:Creating package script '/home/ubuntu/ws_engineer/install/engineer_protocol/share/engineer_protocol/package.sh'
[18.063s] INFO:colcon.colcon_core.shell:Creating package script '/home/ubuntu/ws_engineer/install/engineer_protocol/share/engineer_protocol/package.bash'
[18.063s] INFO:colcon.colcon_core.shell:Creating package script '/home/ubuntu/ws_engineer/install/engineer_protocol/share/engineer_protocol/package.zsh'
[18.063s] Level 1:colcon.colcon_core.environment:create_file_with_runtime_dependencies(/home/ubuntu/ws_engineer/install/engineer_protocol/share/colcon-core/packages/engineer_protocol)
[18.064s] Level 1:colcon.colcon_core.environment:create_environment_scripts_only(engineer_protocol)
[18.064s] Level 1:colcon.colcon_core.environment:checking '/home/ubuntu/ws_engineer/install/engineer_protocol' for CMake module files
[18.064s] Level 1:colcon.colcon_core.environment:checking '/home/ubuntu/ws_engineer/install/engineer_protocol' for CMake config files
[18.064s] Level 1:colcon.colcon_core.shell:create_environment_hook('engineer_protocol', 'cmake_prefix_path')
[18.064s] INFO:colcon.colcon_core.shell:Creating environment hook '/home/ubuntu/ws_engineer/install/engineer_protocol/share/engineer_protocol/hook/cmake_prefix_path.ps1'
[18.065s] INFO:colcon.colcon_core.shell:Creating environment descriptor '/home/ubuntu/ws_engineer/install/engineer_protocol/share/engineer_protocol/hook/cmake_prefix_path.dsv'
[18.065s] INFO:colcon.colcon_core.shell:Creating environment hook '/home/ubuntu/ws_engineer/install/engineer_protocol/share/engineer_protocol/hook/cmake_prefix_path.sh'
[18.065s] Level 1:colcon.colcon_core.environment:checking '/home/ubuntu/ws_engineer/install/engineer_protocol/lib'
[18.065s] Level 1:colcon.colcon_core.environment:checking '/home/ubuntu/ws_engineer/install/engineer_protocol/bin'
[18.065s] Level 1:colcon.colcon_core.environment:checking '/home/ubuntu/ws_engineer/install/engineer_protocol/lib/pkgconfig/engineer_protocol.pc'
[18.065s] Level 1:colcon.colcon_core.environment:checking '/home/ubuntu/ws_engineer/install/engineer_protocol/lib/python3.10/site-packages'
[18.066s] Level 1:colcon.colcon_core.environment:checking '/home/ubuntu/ws_engineer/install/engineer_protocol/bin'
[18.066s] INFO:colcon.colcon_core.shell:Creating package script '/home/ubuntu/ws_engineer/install/engineer_protocol/share/engineer_protocol/package.ps1'
[18.066s] INFO:colcon.colcon_core.shell:Creating package descriptor '/home/ubuntu/ws_engineer/install/engineer_protocol/share/engineer_protocol/package.dsv'
[18.067s] INFO:colcon.colcon_core.shell:Creating package script '/home/ubuntu/ws_engineer/install/engineer_protocol/share/engineer_protocol/package.sh'
[18.067s] INFO:colcon.colcon_core.shell:Creating package script '/home/ubuntu/ws_engineer/install/engineer_protocol/share/engineer_protocol/package.bash'
[18.067s] INFO:colcon.colcon_core.shell:Creating package script '/home/ubuntu/ws_engineer/install/engineer_protocol/share/engineer_protocol/package.zsh'
[18.068s] Level 1:colcon.colcon_core.environment:create_file_with_runtime_dependencies(/home/ubuntu/ws_engineer/install/engineer_protocol/share/colcon-core/packages/engineer_protocol)
[18.068s] DEBUG:colcon.colcon_parallel_executor.executor.parallel:closing loop
[18.068s] DEBUG:colcon.colcon_parallel_executor.executor.parallel:loop closed
[18.068s] DEBUG:colcon.colcon_parallel_executor.executor.parallel:run_until_complete finished with '0'
[18.068s] DEBUG:colcon.colcon_core.event_reactor:joining thread
[18.074s] INFO:colcon.colcon_core.plugin_system:Skipping extension 'colcon_notification.desktop_notification.terminal_notifier': Not used on non-Darwin systems
[18.074s] INFO:colcon.colcon_core.plugin_system:Skipping extension 'colcon_notification.desktop_notification.win32': Not used on non-Windows systems
[18.074s] INFO:colcon.colcon_notification.desktop_notification:Sending desktop notification using 'notify2'
[18.084s] DEBUG:colcon.colcon_core.event_reactor:joined thread
[18.084s] INFO:colcon.colcon_core.shell:Creating prefix script '/home/ubuntu/ws_engineer/install/local_setup.ps1'
[18.085s] INFO:colcon.colcon_core.shell:Creating prefix util module '/home/ubuntu/ws_engineer/install/_local_setup_util_ps1.py'
[18.086s] INFO:colcon.colcon_core.shell:Creating prefix chain script '/home/ubuntu/ws_engineer/install/setup.ps1'
[18.089s] INFO:colcon.colcon_core.shell:Creating prefix script '/home/ubuntu/ws_engineer/install/local_setup.sh'
[18.090s] INFO:colcon.colcon_core.shell:Creating prefix util module '/home/ubuntu/ws_engineer/install/_local_setup_util_sh.py'
[18.090s] INFO:colcon.colcon_core.shell:Creating prefix chain script '/home/ubuntu/ws_engineer/install/setup.sh'
[18.094s] INFO:colcon.colcon_core.shell:Creating prefix script '/home/ubuntu/ws_engineer/install/local_setup.bash'
[18.094s] INFO:colcon.colcon_core.shell:Creating prefix chain script '/home/ubuntu/ws_engineer/install/setup.bash'
[18.097s] INFO:colcon.colcon_core.shell:Creating prefix script '/home/ubuntu/ws_engineer/install/local_setup.zsh'
[18.098s] INFO:colcon.colcon_core.shell:Creating prefix chain script '/home/ubuntu/ws_engineer/install/setup.zsh'
