[0.000000] (-) TimerEvent: {}
[0.000125] (aivt_interfaces) JobQueued: {'identifier': 'aivt_interfaces', 'dependencies': OrderedDict()}
[0.000193] (duco_msg) JobQueued: {'identifier': 'duco_msg', 'dependencies': OrderedDict()}
[0.000257] (duco_support) JobQueued: {'identifier': 'duco_support', 'dependencies': OrderedDict()}
[0.000276] (duco_arms) JobQueued: {'identifier': 'duco_arms', 'dependencies': OrderedDict([('duco_support', '/home/user/ws_siasun/install/duco_support')])}
[0.000296] (duco_gcr3_618_moveit_config) JobQueued: {'identifier': 'duco_gcr3_618_moveit_config', 'dependencies': OrderedDict([('duco_support', '/home/user/ws_siasun/install/duco_support')])}
[0.000315] (robot_control) JobQueued: {'identifier': 'robot_control', 'dependencies': OrderedDict([('duco_msg', '/home/user/ws_siasun/install/duco_msg')])}
[0.000332] (duco_ros_driver) JobQueued: {'identifier': 'duco_ros_driver', 'dependencies': OrderedDict([('duco_msg', '/home/user/ws_siasun/install/duco_msg'), ('duco_support', '/home/user/ws_siasun/install/duco_support'), ('duco_arms', '/home/user/ws_siasun/install/duco_arms')])}
[0.000352] (aivt) JobQueued: {'identifier': 'aivt', 'dependencies': OrderedDict([('aivt_interfaces', '/home/user/ws_siasun/install/aivt_interfaces'), ('duco_msg', '/home/user/ws_siasun/install/duco_msg'), ('duco_support', '/home/user/ws_siasun/install/duco_support'), ('duco_arms', '/home/user/ws_siasun/install/duco_arms'), ('duco_ros_driver', '/home/user/ws_siasun/install/duco_ros_driver')])}
[0.000373] (duco_support) JobStarted: {'identifier': 'duco_support'}
[0.003219] (duco_msg) JobStarted: {'identifier': 'duco_msg'}
[0.005306] (aivt_interfaces) JobStarted: {'identifier': 'aivt_interfaces'}
[0.008142] (duco_support) JobProgress: {'identifier': 'duco_support', 'progress': 'cmake'}
[0.008377] (duco_support) Command: {'cmd': ['/usr/bin/cmake', '/home/user/ws_siasun/src/duco_support', '-DCMAKE_INSTALL_PREFIX=/home/user/ws_siasun/install/duco_support'], 'cwd': '/home/user/ws_siasun/build/duco_support', 'env': OrderedDict([('PYTHON_BASIC_REPL', '1'), ('LESSOPEN', '| /usr/bin/lesspipe %s'), ('no_proxy', 'localhost,127.0.0.0/8,::1'), ('LANGUAGE', 'zh_CN:zh'), ('USER', 'user'), ('XDG_SESSION_TYPE', 'wayland'), ('SHLVL', '2'), ('LD_LIBRARY_PATH', '/opt/ros/humble/opt/rviz_ogre_vendor/lib:/opt/ros/humble/lib/x86_64-linux-gnu:/opt/ros/humble/lib'), ('HOME', '/home/user'), ('CHROME_DESKTOP', 'code.desktop'), ('TERM_PROGRAM_VERSION', '1.98.2'), ('DESKTOP_SESSION', 'ubuntu'), ('NO_PROXY', 'localhost,127.0.0.0/8,::1'), ('ROS_PYTHON_VERSION', '3'), ('GNOME_SHELL_SESSION_MODE', 'ubuntu'), ('GTK_MODULES', 'gail:atk-bridge'), ('DBUS_STARTER_BUS_TYPE', 'session'), ('SYSTEMD_EXEC_PID', '1152'), ('DBUS_SESSION_BUS_ADDRESS', 'unix:path=/run/user/1000/bus,guid=29aa453e04d6fd81a7f888c968edb0a6'), ('COLORTERM', 'truecolor'), ('IM_CONFIG_PHASE', '1'), ('WAYLAND_DISPLAY', 'wayland-0'), ('ROS_DISTRO', 'humble'), ('LOGNAME', 'user'), ('http_proxy', 'http://127.0.0.1:7890/'), ('_', '/usr/bin/colcon'), ('ROS_VERSION', '2'), ('XDG_SESSION_CLASS', 'user'), ('USERNAME', 'user'), ('TERM', 'xterm-256color'), ('GNOME_DESKTOP_SESSION_ID', 'this-is-deprecated'), ('ROS_LOCALHOST_ONLY', '0'), ('PATH', '/opt/ros/humble/bin:/usr/local/sbin:/usr/local/bin:/usr/sbin:/usr/bin:/sbin:/bin:/usr/games:/usr/local/games:/snap/bin:/snap/bin'), ('SESSION_MANAGER', 'local/user-Default-string:@/tmp/.ICE-unix/1152,unix/user-Default-string:/tmp/.ICE-unix/1152'), ('XDG_MENU_PREFIX', 'gnome-'), ('GNOME_TERMINAL_SCREEN', '/org/gnome/Terminal/screen/605294d2_5418_4e5f_b2e7_5a2a21147e6f'), ('GNOME_SETUP_DISPLAY', ':1'), ('XDG_RUNTIME_DIR', '/run/user/1000'), ('GDK_BACKEND', 'x11'), ('DISPLAY', ':0'), ('LANG', 'zh_CN.UTF-8'), ('XDG_CURRENT_DESKTOP', 'Unity'), ('PYTHONSTARTUP', '/home/user/.config/Code/User/workspaceStorage/0e147a0a2fd8792e328fcddb38a40cd9/ms-python.python/pythonrc.py'), ('XMODIFIERS', '@im=ibus'), ('XDG_SESSION_DESKTOP', 'ubuntu'), ('XAUTHORITY', '/run/user/1000/.mutter-Xwaylandauth.ATR2D3'), ('LS_COLORS', 'rs=0:di=01;34:ln=01;36:mh=00:pi=40;33:so=01;35:do=01;35:bd=40;33;01:cd=40;33;01:or=40;31;01:mi=00:su=37;41:sg=30;43:ca=30;41:tw=30;42:ow=34;42:st=37;44:ex=01;32:*.tar=01;31:*.tgz=01;31:*.arc=01;31:*.arj=01;31:*.taz=01;31:*.lha=01;31:*.lz4=01;31:*.lzh=01;31:*.lzma=01;31:*.tlz=01;31:*.txz=01;31:*.tzo=01;31:*.t7z=01;31:*.zip=01;31:*.z=01;31:*.dz=01;31:*.gz=01;31:*.lrz=01;31:*.lz=01;31:*.lzo=01;31:*.xz=01;31:*.zst=01;31:*.tzst=01;31:*.bz2=01;31:*.bz=01;31:*.tbz=01;31:*.tbz2=01;31:*.tz=01;31:*.deb=01;31:*.rpm=01;31:*.jar=01;31:*.war=01;31:*.ear=01;31:*.sar=01;31:*.rar=01;31:*.alz=01;31:*.ace=01;31:*.zoo=01;31:*.cpio=01;31:*.7z=01;31:*.rz=01;31:*.cab=01;31:*.wim=01;31:*.swm=01;31:*.dwm=01;31:*.esd=01;31:*.jpg=01;35:*.jpeg=01;35:*.mjpg=01;35:*.mjpeg=01;35:*.gif=01;35:*.bmp=01;35:*.pbm=01;35:*.pgm=01;35:*.ppm=01;35:*.tga=01;35:*.xbm=01;35:*.xpm=01;35:*.tif=01;35:*.tiff=01;35:*.png=01;35:*.svg=01;35:*.svgz=01;35:*.mng=01;35:*.pcx=01;35:*.mov=01;35:*.mpg=01;35:*.mpeg=01;35:*.m2v=01;35:*.mkv=01;35:*.webm=01;35:*.webp=01;35:*.ogm=01;35:*.mp4=01;35:*.m4v=01;35:*.mp4v=01;35:*.vob=01;35:*.qt=01;35:*.nuv=01;35:*.wmv=01;35:*.asf=01;35:*.rm=01;35:*.rmvb=01;35:*.flc=01;35:*.avi=01;35:*.fli=01;35:*.flv=01;35:*.gl=01;35:*.dl=01;35:*.xcf=01;35:*.xwd=01;35:*.yuv=01;35:*.cgm=01;35:*.emf=01;35:*.ogv=01;35:*.ogx=01;35:*.aac=00;36:*.au=00;36:*.flac=00;36:*.m4a=00;36:*.mid=00;36:*.midi=00;36:*.mka=00;36:*.mp3=00;36:*.mpc=00;36:*.ogg=00;36:*.ra=00;36:*.wav=00;36:*.oga=00;36:*.opus=00;36:*.spx=00;36:*.xspf=00;36:'), ('GNOME_TERMINAL_SERVICE', ':1.131'), ('TERM_PROGRAM', 'vscode'), ('SSH_AGENT_LAUNCHER', 'gnome-keyring'), ('SSH_AUTH_SOCK', '/run/user/1000/keyring/ssh'), ('AMENT_PREFIX_PATH', '/opt/ros/humble'), ('ORIGINAL_XDG_CURRENT_DESKTOP', 'ubuntu:GNOME'), ('SHELL', '/bin/bash'), ('QT_ACCESSIBILITY', '1'), ('GDMSESSION', 'ubuntu'), ('LESSCLOSE', '/usr/bin/lesspipe %s %s'), ('QT_IM_MODULE', 'ibus'), ('PWD', '/home/user/ws_siasun/build/duco_support'), ('XDG_CONFIG_DIRS', '/etc/xdg/xdg-ubuntu:/etc/xdg'), ('DBUS_STARTER_ADDRESS', 'unix:path=/run/user/1000/bus,guid=29aa453e04d6fd81a7f888c968edb0a6'), ('XDG_DATA_DIRS', '/usr/share/ubuntu:/usr/local/share/:/usr/share/:/var/lib/snapd/desktop'), ('PYTHONPATH', '/opt/ros/humble/lib/python3.10/site-packages:/opt/ros/humble/local/lib/python3.10/dist-packages'), ('HTTP_PROXY', 'http://127.0.0.1:7890/'), ('COLCON', '1'), ('VTE_VERSION', '6800'), ('CMAKE_PREFIX_PATH', '/opt/ros/humble')]), 'shell': False}
[0.010297] (duco_msg) JobProgress: {'identifier': 'duco_msg', 'progress': 'cmake'}
[0.010524] (duco_msg) Command: {'cmd': ['/usr/bin/cmake', '/home/user/ws_siasun/src/duco_msg', '-DCMAKE_INSTALL_PREFIX=/home/user/ws_siasun/install/duco_msg'], 'cwd': '/home/user/ws_siasun/build/duco_msg', 'env': OrderedDict([('PYTHON_BASIC_REPL', '1'), ('LESSOPEN', '| /usr/bin/lesspipe %s'), ('no_proxy', 'localhost,127.0.0.0/8,::1'), ('LANGUAGE', 'zh_CN:zh'), ('USER', 'user'), ('XDG_SESSION_TYPE', 'wayland'), ('SHLVL', '2'), ('LD_LIBRARY_PATH', '/opt/ros/humble/opt/rviz_ogre_vendor/lib:/opt/ros/humble/lib/x86_64-linux-gnu:/opt/ros/humble/lib'), ('HOME', '/home/user'), ('CHROME_DESKTOP', 'code.desktop'), ('TERM_PROGRAM_VERSION', '1.98.2'), ('DESKTOP_SESSION', 'ubuntu'), ('NO_PROXY', 'localhost,127.0.0.0/8,::1'), ('ROS_PYTHON_VERSION', '3'), ('GNOME_SHELL_SESSION_MODE', 'ubuntu'), ('GTK_MODULES', 'gail:atk-bridge'), ('DBUS_STARTER_BUS_TYPE', 'session'), ('SYSTEMD_EXEC_PID', '1152'), ('DBUS_SESSION_BUS_ADDRESS', 'unix:path=/run/user/1000/bus,guid=29aa453e04d6fd81a7f888c968edb0a6'), ('COLORTERM', 'truecolor'), ('IM_CONFIG_PHASE', '1'), ('WAYLAND_DISPLAY', 'wayland-0'), ('ROS_DISTRO', 'humble'), ('LOGNAME', 'user'), ('http_proxy', 'http://127.0.0.1:7890/'), ('_', '/usr/bin/colcon'), ('ROS_VERSION', '2'), ('XDG_SESSION_CLASS', 'user'), ('USERNAME', 'user'), ('TERM', 'xterm-256color'), ('GNOME_DESKTOP_SESSION_ID', 'this-is-deprecated'), ('ROS_LOCALHOST_ONLY', '0'), ('PATH', '/opt/ros/humble/bin:/usr/local/sbin:/usr/local/bin:/usr/sbin:/usr/bin:/sbin:/bin:/usr/games:/usr/local/games:/snap/bin:/snap/bin'), ('SESSION_MANAGER', 'local/user-Default-string:@/tmp/.ICE-unix/1152,unix/user-Default-string:/tmp/.ICE-unix/1152'), ('XDG_MENU_PREFIX', 'gnome-'), ('GNOME_TERMINAL_SCREEN', '/org/gnome/Terminal/screen/605294d2_5418_4e5f_b2e7_5a2a21147e6f'), ('GNOME_SETUP_DISPLAY', ':1'), ('XDG_RUNTIME_DIR', '/run/user/1000'), ('GDK_BACKEND', 'x11'), ('DISPLAY', ':0'), ('LANG', 'zh_CN.UTF-8'), ('XDG_CURRENT_DESKTOP', 'Unity'), ('PYTHONSTARTUP', '/home/user/.config/Code/User/workspaceStorage/0e147a0a2fd8792e328fcddb38a40cd9/ms-python.python/pythonrc.py'), ('XMODIFIERS', '@im=ibus'), ('XDG_SESSION_DESKTOP', 'ubuntu'), ('XAUTHORITY', '/run/user/1000/.mutter-Xwaylandauth.ATR2D3'), ('LS_COLORS', 'rs=0:di=01;34:ln=01;36:mh=00:pi=40;33:so=01;35:do=01;35:bd=40;33;01:cd=40;33;01:or=40;31;01:mi=00:su=37;41:sg=30;43:ca=30;41:tw=30;42:ow=34;42:st=37;44:ex=01;32:*.tar=01;31:*.tgz=01;31:*.arc=01;31:*.arj=01;31:*.taz=01;31:*.lha=01;31:*.lz4=01;31:*.lzh=01;31:*.lzma=01;31:*.tlz=01;31:*.txz=01;31:*.tzo=01;31:*.t7z=01;31:*.zip=01;31:*.z=01;31:*.dz=01;31:*.gz=01;31:*.lrz=01;31:*.lz=01;31:*.lzo=01;31:*.xz=01;31:*.zst=01;31:*.tzst=01;31:*.bz2=01;31:*.bz=01;31:*.tbz=01;31:*.tbz2=01;31:*.tz=01;31:*.deb=01;31:*.rpm=01;31:*.jar=01;31:*.war=01;31:*.ear=01;31:*.sar=01;31:*.rar=01;31:*.alz=01;31:*.ace=01;31:*.zoo=01;31:*.cpio=01;31:*.7z=01;31:*.rz=01;31:*.cab=01;31:*.wim=01;31:*.swm=01;31:*.dwm=01;31:*.esd=01;31:*.jpg=01;35:*.jpeg=01;35:*.mjpg=01;35:*.mjpeg=01;35:*.gif=01;35:*.bmp=01;35:*.pbm=01;35:*.pgm=01;35:*.ppm=01;35:*.tga=01;35:*.xbm=01;35:*.xpm=01;35:*.tif=01;35:*.tiff=01;35:*.png=01;35:*.svg=01;35:*.svgz=01;35:*.mng=01;35:*.pcx=01;35:*.mov=01;35:*.mpg=01;35:*.mpeg=01;35:*.m2v=01;35:*.mkv=01;35:*.webm=01;35:*.webp=01;35:*.ogm=01;35:*.mp4=01;35:*.m4v=01;35:*.mp4v=01;35:*.vob=01;35:*.qt=01;35:*.nuv=01;35:*.wmv=01;35:*.asf=01;35:*.rm=01;35:*.rmvb=01;35:*.flc=01;35:*.avi=01;35:*.fli=01;35:*.flv=01;35:*.gl=01;35:*.dl=01;35:*.xcf=01;35:*.xwd=01;35:*.yuv=01;35:*.cgm=01;35:*.emf=01;35:*.ogv=01;35:*.ogx=01;35:*.aac=00;36:*.au=00;36:*.flac=00;36:*.m4a=00;36:*.mid=00;36:*.midi=00;36:*.mka=00;36:*.mp3=00;36:*.mpc=00;36:*.ogg=00;36:*.ra=00;36:*.wav=00;36:*.oga=00;36:*.opus=00;36:*.spx=00;36:*.xspf=00;36:'), ('GNOME_TERMINAL_SERVICE', ':1.131'), ('TERM_PROGRAM', 'vscode'), ('SSH_AGENT_LAUNCHER', 'gnome-keyring'), ('SSH_AUTH_SOCK', '/run/user/1000/keyring/ssh'), ('AMENT_PREFIX_PATH', '/opt/ros/humble'), ('ORIGINAL_XDG_CURRENT_DESKTOP', 'ubuntu:GNOME'), ('SHELL', '/bin/bash'), ('QT_ACCESSIBILITY', '1'), ('GDMSESSION', 'ubuntu'), ('LESSCLOSE', '/usr/bin/lesspipe %s %s'), ('QT_IM_MODULE', 'ibus'), ('PWD', '/home/user/ws_siasun/build/duco_msg'), ('XDG_CONFIG_DIRS', '/etc/xdg/xdg-ubuntu:/etc/xdg'), ('DBUS_STARTER_ADDRESS', 'unix:path=/run/user/1000/bus,guid=29aa453e04d6fd81a7f888c968edb0a6'), ('XDG_DATA_DIRS', '/usr/share/ubuntu:/usr/local/share/:/usr/share/:/var/lib/snapd/desktop'), ('PYTHONPATH', '/opt/ros/humble/lib/python3.10/site-packages:/opt/ros/humble/local/lib/python3.10/dist-packages'), ('HTTP_PROXY', 'http://127.0.0.1:7890/'), ('COLCON', '1'), ('VTE_VERSION', '6800'), ('CMAKE_PREFIX_PATH', '/opt/ros/humble')]), 'shell': False}
[0.013087] (aivt_interfaces) JobProgress: {'identifier': 'aivt_interfaces', 'progress': 'cmake'}
[0.013535] (aivt_interfaces) Command: {'cmd': ['/usr/bin/cmake', '/home/user/ws_siasun/src/aivt_interfaces', '-DCMAKE_INSTALL_PREFIX=/home/user/ws_siasun/install/aivt_interfaces'], 'cwd': '/home/user/ws_siasun/build/aivt_interfaces', 'env': OrderedDict([('PYTHON_BASIC_REPL', '1'), ('LESSOPEN', '| /usr/bin/lesspipe %s'), ('no_proxy', 'localhost,127.0.0.0/8,::1'), ('LANGUAGE', 'zh_CN:zh'), ('USER', 'user'), ('XDG_SESSION_TYPE', 'wayland'), ('SHLVL', '2'), ('LD_LIBRARY_PATH', '/opt/ros/humble/opt/rviz_ogre_vendor/lib:/opt/ros/humble/lib/x86_64-linux-gnu:/opt/ros/humble/lib'), ('HOME', '/home/user'), ('CHROME_DESKTOP', 'code.desktop'), ('TERM_PROGRAM_VERSION', '1.98.2'), ('DESKTOP_SESSION', 'ubuntu'), ('NO_PROXY', 'localhost,127.0.0.0/8,::1'), ('ROS_PYTHON_VERSION', '3'), ('GNOME_SHELL_SESSION_MODE', 'ubuntu'), ('GTK_MODULES', 'gail:atk-bridge'), ('DBUS_STARTER_BUS_TYPE', 'session'), ('SYSTEMD_EXEC_PID', '1152'), ('DBUS_SESSION_BUS_ADDRESS', 'unix:path=/run/user/1000/bus,guid=29aa453e04d6fd81a7f888c968edb0a6'), ('COLORTERM', 'truecolor'), ('IM_CONFIG_PHASE', '1'), ('WAYLAND_DISPLAY', 'wayland-0'), ('ROS_DISTRO', 'humble'), ('LOGNAME', 'user'), ('http_proxy', 'http://127.0.0.1:7890/'), ('_', '/usr/bin/colcon'), ('ROS_VERSION', '2'), ('XDG_SESSION_CLASS', 'user'), ('USERNAME', 'user'), ('TERM', 'xterm-256color'), ('GNOME_DESKTOP_SESSION_ID', 'this-is-deprecated'), ('ROS_LOCALHOST_ONLY', '0'), ('PATH', '/opt/ros/humble/bin:/usr/local/sbin:/usr/local/bin:/usr/sbin:/usr/bin:/sbin:/bin:/usr/games:/usr/local/games:/snap/bin:/snap/bin'), ('SESSION_MANAGER', 'local/user-Default-string:@/tmp/.ICE-unix/1152,unix/user-Default-string:/tmp/.ICE-unix/1152'), ('XDG_MENU_PREFIX', 'gnome-'), ('GNOME_TERMINAL_SCREEN', '/org/gnome/Terminal/screen/605294d2_5418_4e5f_b2e7_5a2a21147e6f'), ('GNOME_SETUP_DISPLAY', ':1'), ('XDG_RUNTIME_DIR', '/run/user/1000'), ('GDK_BACKEND', 'x11'), ('DISPLAY', ':0'), ('LANG', 'zh_CN.UTF-8'), ('XDG_CURRENT_DESKTOP', 'Unity'), ('PYTHONSTARTUP', '/home/user/.config/Code/User/workspaceStorage/0e147a0a2fd8792e328fcddb38a40cd9/ms-python.python/pythonrc.py'), ('XMODIFIERS', '@im=ibus'), ('XDG_SESSION_DESKTOP', 'ubuntu'), ('XAUTHORITY', '/run/user/1000/.mutter-Xwaylandauth.ATR2D3'), ('LS_COLORS', 'rs=0:di=01;34:ln=01;36:mh=00:pi=40;33:so=01;35:do=01;35:bd=40;33;01:cd=40;33;01:or=40;31;01:mi=00:su=37;41:sg=30;43:ca=30;41:tw=30;42:ow=34;42:st=37;44:ex=01;32:*.tar=01;31:*.tgz=01;31:*.arc=01;31:*.arj=01;31:*.taz=01;31:*.lha=01;31:*.lz4=01;31:*.lzh=01;31:*.lzma=01;31:*.tlz=01;31:*.txz=01;31:*.tzo=01;31:*.t7z=01;31:*.zip=01;31:*.z=01;31:*.dz=01;31:*.gz=01;31:*.lrz=01;31:*.lz=01;31:*.lzo=01;31:*.xz=01;31:*.zst=01;31:*.tzst=01;31:*.bz2=01;31:*.bz=01;31:*.tbz=01;31:*.tbz2=01;31:*.tz=01;31:*.deb=01;31:*.rpm=01;31:*.jar=01;31:*.war=01;31:*.ear=01;31:*.sar=01;31:*.rar=01;31:*.alz=01;31:*.ace=01;31:*.zoo=01;31:*.cpio=01;31:*.7z=01;31:*.rz=01;31:*.cab=01;31:*.wim=01;31:*.swm=01;31:*.dwm=01;31:*.esd=01;31:*.jpg=01;35:*.jpeg=01;35:*.mjpg=01;35:*.mjpeg=01;35:*.gif=01;35:*.bmp=01;35:*.pbm=01;35:*.pgm=01;35:*.ppm=01;35:*.tga=01;35:*.xbm=01;35:*.xpm=01;35:*.tif=01;35:*.tiff=01;35:*.png=01;35:*.svg=01;35:*.svgz=01;35:*.mng=01;35:*.pcx=01;35:*.mov=01;35:*.mpg=01;35:*.mpeg=01;35:*.m2v=01;35:*.mkv=01;35:*.webm=01;35:*.webp=01;35:*.ogm=01;35:*.mp4=01;35:*.m4v=01;35:*.mp4v=01;35:*.vob=01;35:*.qt=01;35:*.nuv=01;35:*.wmv=01;35:*.asf=01;35:*.rm=01;35:*.rmvb=01;35:*.flc=01;35:*.avi=01;35:*.fli=01;35:*.flv=01;35:*.gl=01;35:*.dl=01;35:*.xcf=01;35:*.xwd=01;35:*.yuv=01;35:*.cgm=01;35:*.emf=01;35:*.ogv=01;35:*.ogx=01;35:*.aac=00;36:*.au=00;36:*.flac=00;36:*.m4a=00;36:*.mid=00;36:*.midi=00;36:*.mka=00;36:*.mp3=00;36:*.mpc=00;36:*.ogg=00;36:*.ra=00;36:*.wav=00;36:*.oga=00;36:*.opus=00;36:*.spx=00;36:*.xspf=00;36:'), ('GNOME_TERMINAL_SERVICE', ':1.131'), ('TERM_PROGRAM', 'vscode'), ('SSH_AGENT_LAUNCHER', 'gnome-keyring'), ('SSH_AUTH_SOCK', '/run/user/1000/keyring/ssh'), ('AMENT_PREFIX_PATH', '/opt/ros/humble'), ('ORIGINAL_XDG_CURRENT_DESKTOP', 'ubuntu:GNOME'), ('SHELL', '/bin/bash'), ('QT_ACCESSIBILITY', '1'), ('GDMSESSION', 'ubuntu'), ('LESSCLOSE', '/usr/bin/lesspipe %s %s'), ('QT_IM_MODULE', 'ibus'), ('PWD', '/home/user/ws_siasun/build/aivt_interfaces'), ('XDG_CONFIG_DIRS', '/etc/xdg/xdg-ubuntu:/etc/xdg'), ('DBUS_STARTER_ADDRESS', 'unix:path=/run/user/1000/bus,guid=29aa453e04d6fd81a7f888c968edb0a6'), ('XDG_DATA_DIRS', '/usr/share/ubuntu:/usr/local/share/:/usr/share/:/var/lib/snapd/desktop'), ('PYTHONPATH', '/opt/ros/humble/lib/python3.10/site-packages:/opt/ros/humble/local/lib/python3.10/dist-packages'), ('HTTP_PROXY', 'http://127.0.0.1:7890/'), ('COLCON', '1'), ('VTE_VERSION', '6800'), ('CMAKE_PREFIX_PATH', '/opt/ros/humble')]), 'shell': False}
[0.089119] (aivt_interfaces) StdoutLine: {'line': b'-- The C compiler identification is GNU 11.4.0\n'}
[0.091405] (duco_support) StdoutLine: {'line': b'-- The C compiler identification is GNU 11.4.0\n'}
[0.091580] (duco_msg) StdoutLine: {'line': b'-- The C compiler identification is GNU 11.4.0\n'}
[0.099517] (-) TimerEvent: {}
[0.157113] (aivt_interfaces) StdoutLine: {'line': b'-- The CXX compiler identification is GNU 11.4.0\n'}
[0.157567] (duco_msg) StdoutLine: {'line': b'-- The CXX compiler identification is GNU 11.4.0\n'}
[0.161299] (duco_support) StdoutLine: {'line': b'-- The CXX compiler identification is GNU 11.4.0\n'}
[0.164802] (duco_msg) StdoutLine: {'line': b'-- Detecting C compiler ABI info\n'}
[0.164999] (aivt_interfaces) StdoutLine: {'line': b'-- Detecting C compiler ABI info\n'}
[0.165853] (duco_support) StdoutLine: {'line': b'-- Detecting C compiler ABI info\n'}
[0.199629] (-) TimerEvent: {}
[0.216482] (duco_msg) StdoutLine: {'line': b'-- Detecting C compiler ABI info - done\n'}
[0.218084] (aivt_interfaces) StdoutLine: {'line': b'-- Detecting C compiler ABI info - done\n'}
[0.221363] (duco_support) StdoutLine: {'line': b'-- Detecting C compiler ABI info - done\n'}
[0.221751] (duco_msg) StdoutLine: {'line': b'-- Check for working C compiler: /usr/bin/cc - skipped\n'}
[0.222142] (duco_msg) StdoutLine: {'line': b'-- Detecting C compile features\n'}
[0.222641] (duco_msg) StdoutLine: {'line': b'-- Detecting C compile features - done\n'}
[0.223145] (aivt_interfaces) StdoutLine: {'line': b'-- Check for working C compiler: /usr/bin/cc - skipped\n'}
[0.223272] (aivt_interfaces) StdoutLine: {'line': b'-- Detecting C compile features\n'}
[0.223535] (aivt_interfaces) StdoutLine: {'line': b'-- Detecting C compile features - done\n'}
[0.225093] (duco_msg) StdoutLine: {'line': b'-- Detecting CXX compiler ABI info\n'}
[0.225565] (aivt_interfaces) StdoutLine: {'line': b'-- Detecting CXX compiler ABI info\n'}
[0.228998] (duco_support) StdoutLine: {'line': b'-- Check for working C compiler: /usr/bin/cc - skipped\n'}
[0.229211] (duco_support) StdoutLine: {'line': b'-- Detecting C compile features\n'}
[0.229569] (duco_support) StdoutLine: {'line': b'-- Detecting C compile features - done\n'}
[0.232709] (duco_support) StdoutLine: {'line': b'-- Detecting CXX compiler ABI info\n'}
[0.286375] (duco_msg) StdoutLine: {'line': b'-- Detecting CXX compiler ABI info - done\n'}
[0.288321] (aivt_interfaces) StdoutLine: {'line': b'-- Detecting CXX compiler ABI info - done\n'}
[0.291402] (duco_msg) StdoutLine: {'line': b'-- Check for working CXX compiler: /usr/bin/c++ - skipped\n'}
[0.291717] (duco_msg) StdoutLine: {'line': b'-- Detecting CXX compile features\n'}
[0.291979] (duco_msg) StdoutLine: {'line': b'-- Detecting CXX compile features - done\n'}
[0.293241] (duco_support) StdoutLine: {'line': b'-- Detecting CXX compiler ABI info - done\n'}
[0.295157] (aivt_interfaces) StdoutLine: {'line': b'-- Check for working CXX compiler: /usr/bin/c++ - skipped\n'}
[0.295291] (aivt_interfaces) StdoutLine: {'line': b'-- Detecting CXX compile features\n'}
[0.295469] (duco_msg) StdoutLine: {'line': b'-- Found ament_cmake: 1.3.11 (/opt/ros/humble/share/ament_cmake/cmake)\n'}
[0.295553] (aivt_interfaces) StdoutLine: {'line': b'-- Detecting CXX compile features - done\n'}
[0.296795] (aivt_interfaces) StdoutLine: {'line': b'-- Found ament_cmake: 1.3.11 (/opt/ros/humble/share/ament_cmake/cmake)\n'}
[0.298084] (duco_support) StdoutLine: {'line': b'-- Check for working CXX compiler: /usr/bin/c++ - skipped\n'}
[0.298210] (duco_support) StdoutLine: {'line': b'-- Detecting CXX compile features\n'}
[0.298507] (duco_support) StdoutLine: {'line': b'-- Detecting CXX compile features - done\n'}
[0.299678] (duco_support) StdoutLine: {'line': b'-- Found ament_cmake: 1.3.11 (/opt/ros/humble/share/ament_cmake/cmake)\n'}
[0.299754] (-) TimerEvent: {}
[0.399953] (-) TimerEvent: {}
[0.408667] (duco_msg) StdoutLine: {'line': b'-- Found Python3: /usr/bin/python3 (found version "3.10.12") found components: Interpreter \n'}
[0.408841] (duco_support) StdoutLine: {'line': b'-- Found Python3: /usr/bin/python3 (found version "3.10.12") found components: Interpreter \n'}
[0.411375] (aivt_interfaces) StdoutLine: {'line': b'-- Found Python3: /usr/bin/python3 (found version "3.10.12") found components: Interpreter \n'}
[0.479538] (duco_msg) StdoutLine: {'line': b'-- Found ament_lint_auto: 0.12.11 (/opt/ros/humble/share/ament_lint_auto/cmake)\n'}
[0.480170] (aivt_interfaces) StdoutLine: {'line': b'-- Found rosidl_default_generators: 1.2.0 (/opt/ros/humble/share/rosidl_default_generators/cmake)\n'}
[0.483913] (aivt_interfaces) StdoutLine: {'line': b'-- Using all available rosidl_typesupport_c: rosidl_typesupport_fastrtps_c;rosidl_typesupport_introspection_c\n'}
[0.491054] (aivt_interfaces) StdoutLine: {'line': b'-- Found rosidl_adapter: 3.1.6 (/opt/ros/humble/share/rosidl_adapter/cmake)\n'}
[0.500038] (-) TimerEvent: {}
[0.521043] (duco_support) StdoutLine: {'line': b'-- Configuring done\n'}
[0.523379] (duco_support) StdoutLine: {'line': b'-- Generating done\n'}
[0.525043] (duco_support) StdoutLine: {'line': b'-- Build files have been written to: /home/user/ws_siasun/build/duco_support\n'}
[0.529120] (duco_support) CommandEnded: {'returncode': 0}
[0.529609] (duco_support) JobProgress: {'identifier': 'duco_support', 'progress': 'build'}
[0.530294] (duco_support) Command: {'cmd': ['/usr/bin/cmake', '--build', '/home/user/ws_siasun/build/duco_support', '--', '-j16', '-l16'], 'cwd': '/home/user/ws_siasun/build/duco_support', 'env': OrderedDict([('PYTHON_BASIC_REPL', '1'), ('LESSOPEN', '| /usr/bin/lesspipe %s'), ('no_proxy', 'localhost,127.0.0.0/8,::1'), ('LANGUAGE', 'zh_CN:zh'), ('USER', 'user'), ('XDG_SESSION_TYPE', 'wayland'), ('SHLVL', '2'), ('LD_LIBRARY_PATH', '/opt/ros/humble/opt/rviz_ogre_vendor/lib:/opt/ros/humble/lib/x86_64-linux-gnu:/opt/ros/humble/lib'), ('HOME', '/home/user'), ('CHROME_DESKTOP', 'code.desktop'), ('TERM_PROGRAM_VERSION', '1.98.2'), ('DESKTOP_SESSION', 'ubuntu'), ('NO_PROXY', 'localhost,127.0.0.0/8,::1'), ('ROS_PYTHON_VERSION', '3'), ('GNOME_SHELL_SESSION_MODE', 'ubuntu'), ('GTK_MODULES', 'gail:atk-bridge'), ('DBUS_STARTER_BUS_TYPE', 'session'), ('SYSTEMD_EXEC_PID', '1152'), ('DBUS_SESSION_BUS_ADDRESS', 'unix:path=/run/user/1000/bus,guid=29aa453e04d6fd81a7f888c968edb0a6'), ('COLORTERM', 'truecolor'), ('IM_CONFIG_PHASE', '1'), ('WAYLAND_DISPLAY', 'wayland-0'), ('ROS_DISTRO', 'humble'), ('LOGNAME', 'user'), ('http_proxy', 'http://127.0.0.1:7890/'), ('_', '/usr/bin/colcon'), ('ROS_VERSION', '2'), ('XDG_SESSION_CLASS', 'user'), ('USERNAME', 'user'), ('TERM', 'xterm-256color'), ('GNOME_DESKTOP_SESSION_ID', 'this-is-deprecated'), ('ROS_LOCALHOST_ONLY', '0'), ('PATH', '/opt/ros/humble/bin:/usr/local/sbin:/usr/local/bin:/usr/sbin:/usr/bin:/sbin:/bin:/usr/games:/usr/local/games:/snap/bin:/snap/bin'), ('SESSION_MANAGER', 'local/user-Default-string:@/tmp/.ICE-unix/1152,unix/user-Default-string:/tmp/.ICE-unix/1152'), ('XDG_MENU_PREFIX', 'gnome-'), ('GNOME_TERMINAL_SCREEN', '/org/gnome/Terminal/screen/605294d2_5418_4e5f_b2e7_5a2a21147e6f'), ('GNOME_SETUP_DISPLAY', ':1'), ('XDG_RUNTIME_DIR', '/run/user/1000'), ('GDK_BACKEND', 'x11'), ('DISPLAY', ':0'), ('LANG', 'zh_CN.UTF-8'), ('XDG_CURRENT_DESKTOP', 'Unity'), ('PYTHONSTARTUP', '/home/user/.config/Code/User/workspaceStorage/0e147a0a2fd8792e328fcddb38a40cd9/ms-python.python/pythonrc.py'), ('XMODIFIERS', '@im=ibus'), ('XDG_SESSION_DESKTOP', 'ubuntu'), ('XAUTHORITY', '/run/user/1000/.mutter-Xwaylandauth.ATR2D3'), ('LS_COLORS', 'rs=0:di=01;34:ln=01;36:mh=00:pi=40;33:so=01;35:do=01;35:bd=40;33;01:cd=40;33;01:or=40;31;01:mi=00:su=37;41:sg=30;43:ca=30;41:tw=30;42:ow=34;42:st=37;44:ex=01;32:*.tar=01;31:*.tgz=01;31:*.arc=01;31:*.arj=01;31:*.taz=01;31:*.lha=01;31:*.lz4=01;31:*.lzh=01;31:*.lzma=01;31:*.tlz=01;31:*.txz=01;31:*.tzo=01;31:*.t7z=01;31:*.zip=01;31:*.z=01;31:*.dz=01;31:*.gz=01;31:*.lrz=01;31:*.lz=01;31:*.lzo=01;31:*.xz=01;31:*.zst=01;31:*.tzst=01;31:*.bz2=01;31:*.bz=01;31:*.tbz=01;31:*.tbz2=01;31:*.tz=01;31:*.deb=01;31:*.rpm=01;31:*.jar=01;31:*.war=01;31:*.ear=01;31:*.sar=01;31:*.rar=01;31:*.alz=01;31:*.ace=01;31:*.zoo=01;31:*.cpio=01;31:*.7z=01;31:*.rz=01;31:*.cab=01;31:*.wim=01;31:*.swm=01;31:*.dwm=01;31:*.esd=01;31:*.jpg=01;35:*.jpeg=01;35:*.mjpg=01;35:*.mjpeg=01;35:*.gif=01;35:*.bmp=01;35:*.pbm=01;35:*.pgm=01;35:*.ppm=01;35:*.tga=01;35:*.xbm=01;35:*.xpm=01;35:*.tif=01;35:*.tiff=01;35:*.png=01;35:*.svg=01;35:*.svgz=01;35:*.mng=01;35:*.pcx=01;35:*.mov=01;35:*.mpg=01;35:*.mpeg=01;35:*.m2v=01;35:*.mkv=01;35:*.webm=01;35:*.webp=01;35:*.ogm=01;35:*.mp4=01;35:*.m4v=01;35:*.mp4v=01;35:*.vob=01;35:*.qt=01;35:*.nuv=01;35:*.wmv=01;35:*.asf=01;35:*.rm=01;35:*.rmvb=01;35:*.flc=01;35:*.avi=01;35:*.fli=01;35:*.flv=01;35:*.gl=01;35:*.dl=01;35:*.xcf=01;35:*.xwd=01;35:*.yuv=01;35:*.cgm=01;35:*.emf=01;35:*.ogv=01;35:*.ogx=01;35:*.aac=00;36:*.au=00;36:*.flac=00;36:*.m4a=00;36:*.mid=00;36:*.midi=00;36:*.mka=00;36:*.mp3=00;36:*.mpc=00;36:*.ogg=00;36:*.ra=00;36:*.wav=00;36:*.oga=00;36:*.opus=00;36:*.spx=00;36:*.xspf=00;36:'), ('GNOME_TERMINAL_SERVICE', ':1.131'), ('TERM_PROGRAM', 'vscode'), ('SSH_AGENT_LAUNCHER', 'gnome-keyring'), ('SSH_AUTH_SOCK', '/run/user/1000/keyring/ssh'), ('AMENT_PREFIX_PATH', '/opt/ros/humble'), ('ORIGINAL_XDG_CURRENT_DESKTOP', 'ubuntu:GNOME'), ('SHELL', '/bin/bash'), ('QT_ACCESSIBILITY', '1'), ('GDMSESSION', 'ubuntu'), ('LESSCLOSE', '/usr/bin/lesspipe %s %s'), ('QT_IM_MODULE', 'ibus'), ('PWD', '/home/user/ws_siasun/build/duco_support'), ('XDG_CONFIG_DIRS', '/etc/xdg/xdg-ubuntu:/etc/xdg'), ('DBUS_STARTER_ADDRESS', 'unix:path=/run/user/1000/bus,guid=29aa453e04d6fd81a7f888c968edb0a6'), ('XDG_DATA_DIRS', '/usr/share/ubuntu:/usr/local/share/:/usr/share/:/var/lib/snapd/desktop'), ('PYTHONPATH', '/opt/ros/humble/lib/python3.10/site-packages:/opt/ros/humble/local/lib/python3.10/dist-packages'), ('HTTP_PROXY', 'http://127.0.0.1:7890/'), ('COLCON', '1'), ('VTE_VERSION', '6800'), ('CMAKE_PREFIX_PATH', '/opt/ros/humble')]), 'shell': False}
[0.532760] (aivt_interfaces) StdoutLine: {'line': b'-- Using all available rosidl_typesupport_cpp: rosidl_typesupport_fastrtps_cpp;rosidl_typesupport_introspection_cpp\n'}
[0.538611] (duco_msg) StdoutLine: {'line': b'-- Found geometry_msgs: 4.2.4 (/opt/ros/humble/share/geometry_msgs/cmake)\n'}
[0.558083] (duco_support) CommandEnded: {'returncode': 0}
[0.558692] (duco_support) JobProgress: {'identifier': 'duco_support', 'progress': 'install'}
[0.562228] (duco_msg) StdoutLine: {'line': b'-- Found rosidl_generator_c: 3.1.6 (/opt/ros/humble/share/rosidl_generator_c/cmake)\n'}
[0.564576] (duco_support) Command: {'cmd': ['/usr/bin/cmake', '--install', '/home/user/ws_siasun/build/duco_support'], 'cwd': '/home/user/ws_siasun/build/duco_support', 'env': OrderedDict([('PYTHON_BASIC_REPL', '1'), ('LESSOPEN', '| /usr/bin/lesspipe %s'), ('no_proxy', 'localhost,127.0.0.0/8,::1'), ('LANGUAGE', 'zh_CN:zh'), ('USER', 'user'), ('XDG_SESSION_TYPE', 'wayland'), ('SHLVL', '2'), ('LD_LIBRARY_PATH', '/opt/ros/humble/opt/rviz_ogre_vendor/lib:/opt/ros/humble/lib/x86_64-linux-gnu:/opt/ros/humble/lib'), ('HOME', '/home/user'), ('CHROME_DESKTOP', 'code.desktop'), ('TERM_PROGRAM_VERSION', '1.98.2'), ('DESKTOP_SESSION', 'ubuntu'), ('NO_PROXY', 'localhost,127.0.0.0/8,::1'), ('ROS_PYTHON_VERSION', '3'), ('GNOME_SHELL_SESSION_MODE', 'ubuntu'), ('GTK_MODULES', 'gail:atk-bridge'), ('DBUS_STARTER_BUS_TYPE', 'session'), ('SYSTEMD_EXEC_PID', '1152'), ('DBUS_SESSION_BUS_ADDRESS', 'unix:path=/run/user/1000/bus,guid=29aa453e04d6fd81a7f888c968edb0a6'), ('COLORTERM', 'truecolor'), ('IM_CONFIG_PHASE', '1'), ('WAYLAND_DISPLAY', 'wayland-0'), ('ROS_DISTRO', 'humble'), ('LOGNAME', 'user'), ('http_proxy', 'http://127.0.0.1:7890/'), ('_', '/usr/bin/colcon'), ('ROS_VERSION', '2'), ('XDG_SESSION_CLASS', 'user'), ('USERNAME', 'user'), ('TERM', 'xterm-256color'), ('GNOME_DESKTOP_SESSION_ID', 'this-is-deprecated'), ('ROS_LOCALHOST_ONLY', '0'), ('PATH', '/opt/ros/humble/bin:/usr/local/sbin:/usr/local/bin:/usr/sbin:/usr/bin:/sbin:/bin:/usr/games:/usr/local/games:/snap/bin:/snap/bin'), ('SESSION_MANAGER', 'local/user-Default-string:@/tmp/.ICE-unix/1152,unix/user-Default-string:/tmp/.ICE-unix/1152'), ('XDG_MENU_PREFIX', 'gnome-'), ('GNOME_TERMINAL_SCREEN', '/org/gnome/Terminal/screen/605294d2_5418_4e5f_b2e7_5a2a21147e6f'), ('GNOME_SETUP_DISPLAY', ':1'), ('XDG_RUNTIME_DIR', '/run/user/1000'), ('GDK_BACKEND', 'x11'), ('DISPLAY', ':0'), ('LANG', 'zh_CN.UTF-8'), ('XDG_CURRENT_DESKTOP', 'Unity'), ('PYTHONSTARTUP', '/home/user/.config/Code/User/workspaceStorage/0e147a0a2fd8792e328fcddb38a40cd9/ms-python.python/pythonrc.py'), ('XMODIFIERS', '@im=ibus'), ('XDG_SESSION_DESKTOP', 'ubuntu'), ('XAUTHORITY', '/run/user/1000/.mutter-Xwaylandauth.ATR2D3'), ('LS_COLORS', 'rs=0:di=01;34:ln=01;36:mh=00:pi=40;33:so=01;35:do=01;35:bd=40;33;01:cd=40;33;01:or=40;31;01:mi=00:su=37;41:sg=30;43:ca=30;41:tw=30;42:ow=34;42:st=37;44:ex=01;32:*.tar=01;31:*.tgz=01;31:*.arc=01;31:*.arj=01;31:*.taz=01;31:*.lha=01;31:*.lz4=01;31:*.lzh=01;31:*.lzma=01;31:*.tlz=01;31:*.txz=01;31:*.tzo=01;31:*.t7z=01;31:*.zip=01;31:*.z=01;31:*.dz=01;31:*.gz=01;31:*.lrz=01;31:*.lz=01;31:*.lzo=01;31:*.xz=01;31:*.zst=01;31:*.tzst=01;31:*.bz2=01;31:*.bz=01;31:*.tbz=01;31:*.tbz2=01;31:*.tz=01;31:*.deb=01;31:*.rpm=01;31:*.jar=01;31:*.war=01;31:*.ear=01;31:*.sar=01;31:*.rar=01;31:*.alz=01;31:*.ace=01;31:*.zoo=01;31:*.cpio=01;31:*.7z=01;31:*.rz=01;31:*.cab=01;31:*.wim=01;31:*.swm=01;31:*.dwm=01;31:*.esd=01;31:*.jpg=01;35:*.jpeg=01;35:*.mjpg=01;35:*.mjpeg=01;35:*.gif=01;35:*.bmp=01;35:*.pbm=01;35:*.pgm=01;35:*.ppm=01;35:*.tga=01;35:*.xbm=01;35:*.xpm=01;35:*.tif=01;35:*.tiff=01;35:*.png=01;35:*.svg=01;35:*.svgz=01;35:*.mng=01;35:*.pcx=01;35:*.mov=01;35:*.mpg=01;35:*.mpeg=01;35:*.m2v=01;35:*.mkv=01;35:*.webm=01;35:*.webp=01;35:*.ogm=01;35:*.mp4=01;35:*.m4v=01;35:*.mp4v=01;35:*.vob=01;35:*.qt=01;35:*.nuv=01;35:*.wmv=01;35:*.asf=01;35:*.rm=01;35:*.rmvb=01;35:*.flc=01;35:*.avi=01;35:*.fli=01;35:*.flv=01;35:*.gl=01;35:*.dl=01;35:*.xcf=01;35:*.xwd=01;35:*.yuv=01;35:*.cgm=01;35:*.emf=01;35:*.ogv=01;35:*.ogx=01;35:*.aac=00;36:*.au=00;36:*.flac=00;36:*.m4a=00;36:*.mid=00;36:*.midi=00;36:*.mka=00;36:*.mp3=00;36:*.mpc=00;36:*.ogg=00;36:*.ra=00;36:*.wav=00;36:*.oga=00;36:*.opus=00;36:*.spx=00;36:*.xspf=00;36:'), ('GNOME_TERMINAL_SERVICE', ':1.131'), ('TERM_PROGRAM', 'vscode'), ('SSH_AGENT_LAUNCHER', 'gnome-keyring'), ('SSH_AUTH_SOCK', '/run/user/1000/keyring/ssh'), ('AMENT_PREFIX_PATH', '/opt/ros/humble'), ('ORIGINAL_XDG_CURRENT_DESKTOP', 'ubuntu:GNOME'), ('SHELL', '/bin/bash'), ('QT_ACCESSIBILITY', '1'), ('GDMSESSION', 'ubuntu'), ('LESSCLOSE', '/usr/bin/lesspipe %s %s'), ('QT_IM_MODULE', 'ibus'), ('PWD', '/home/user/ws_siasun/build/duco_support'), ('XDG_CONFIG_DIRS', '/etc/xdg/xdg-ubuntu:/etc/xdg'), ('DBUS_STARTER_ADDRESS', 'unix:path=/run/user/1000/bus,guid=29aa453e04d6fd81a7f888c968edb0a6'), ('XDG_DATA_DIRS', '/usr/share/ubuntu:/usr/local/share/:/usr/share/:/var/lib/snapd/desktop'), ('PYTHONPATH', '/opt/ros/humble/lib/python3.10/site-packages:/opt/ros/humble/local/lib/python3.10/dist-packages'), ('HTTP_PROXY', 'http://127.0.0.1:7890/'), ('COLCON', '1'), ('VTE_VERSION', '6800'), ('CMAKE_PREFIX_PATH', '/opt/ros/humble')]), 'shell': False}
[0.565423] (duco_msg) StdoutLine: {'line': b'-- Found rosidl_adapter: 3.1.6 (/opt/ros/humble/share/rosidl_adapter/cmake)\n'}
[0.569006] (duco_msg) StdoutLine: {'line': b'-- Found rosidl_generator_cpp: 3.1.6 (/opt/ros/humble/share/rosidl_generator_cpp/cmake)\n'}
[0.571226] (duco_support) StdoutLine: {'line': b'-- Install configuration: ""\n'}
[0.571467] (duco_support) StdoutLine: {'line': b'-- Installing: /home/user/ws_siasun/install/duco_support/share/ament_index/resource_index/package_run_dependencies/duco_support\n'}
[0.571578] (duco_support) StdoutLine: {'line': b'-- Installing: /home/user/ws_siasun/install/duco_support/share/ament_index/resource_index/parent_prefix_path/duco_support\n'}
[0.571653] (duco_support) StdoutLine: {'line': b'-- Installing: /home/user/ws_siasun/install/duco_support/share/duco_support/environment/ament_prefix_path.sh\n'}
[0.571706] (duco_support) StdoutLine: {'line': b'-- Installing: /home/user/ws_siasun/install/duco_support/share/duco_support/environment/ament_prefix_path.dsv\n'}
[0.571758] (duco_support) StdoutLine: {'line': b'-- Installing: /home/user/ws_siasun/install/duco_support/share/duco_support/environment/path.sh\n'}
[0.571833] (duco_support) StdoutLine: {'line': b'-- Installing: /home/user/ws_siasun/install/duco_support/share/duco_support/environment/path.dsv\n'}
[0.571909] (duco_support) StdoutLine: {'line': b'-- Installing: /home/user/ws_siasun/install/duco_support/share/duco_support/local_setup.bash\n'}
[0.572006] (duco_support) StdoutLine: {'line': b'-- Installing: /home/user/ws_siasun/install/duco_support/share/duco_support/local_setup.sh\n'}
[0.572109] (duco_support) StdoutLine: {'line': b'-- Installing: /home/user/ws_siasun/install/duco_support/share/duco_support/local_setup.zsh\n'}
[0.572145] (duco_support) StdoutLine: {'line': b'-- Installing: /home/user/ws_siasun/install/duco_support/share/duco_support/local_setup.dsv\n'}
[0.572175] (duco_support) StdoutLine: {'line': b'-- Installing: /home/user/ws_siasun/install/duco_support/share/duco_support/package.dsv\n'}
[0.572251] (duco_support) StdoutLine: {'line': b'-- Installing: /home/user/ws_siasun/install/duco_support/share/ament_index/resource_index/packages/duco_support\n'}
[0.572284] (duco_support) StdoutLine: {'line': b'-- Installing: /home/user/ws_siasun/install/duco_support/share/duco_support/cmake/duco_supportConfig.cmake\n'}
[0.572315] (duco_support) StdoutLine: {'line': b'-- Installing: /home/user/ws_siasun/install/duco_support/share/duco_support/cmake/duco_supportConfig-version.cmake\n'}
[0.572345] (duco_support) StdoutLine: {'line': b'-- Installing: /home/user/ws_siasun/install/duco_support/share/duco_support/package.xml\n'}
[0.572408] (duco_support) StdoutLine: {'line': b'-- Installing: /home/user/ws_siasun/install/duco_support/share/duco_support/meshes\n'}
[0.572485] (duco_support) StdoutLine: {'line': b'-- Installing: /home/user/ws_siasun/install/duco_support/share/duco_support/meshes/GCR14_1400\n'}
[0.572547] (duco_support) StdoutLine: {'line': b'-- Installing: /home/user/ws_siasun/install/duco_support/share/duco_support/meshes/GCR14_1400/link_2.stl\n'}
[0.572910] (duco_support) StdoutLine: {'line': b'-- Installing: /home/user/ws_siasun/install/duco_support/share/duco_support/meshes/GCR14_1400/link_1.stl\n'}
[0.573143] (duco_support) StdoutLine: {'line': b'-- Installing: /home/user/ws_siasun/install/duco_support/share/duco_support/meshes/GCR14_1400/base_link.stl\n'}
[0.573339] (duco_support) StdoutLine: {'line': b'-- Installing: /home/user/ws_siasun/install/duco_support/share/duco_support/meshes/GCR14_1400/link_6.stl\n'}
[0.573680] (duco_support) StdoutLine: {'line': b'-- Installing: /home/user/ws_siasun/install/duco_support/share/duco_support/meshes/GCR14_1400/link_5.stl\n'}
[0.573807] (duco_support) StdoutLine: {'line': b'-- Installing: /home/user/ws_siasun/install/duco_support/share/duco_support/meshes/GCR14_1400/link_4.stl\n'}
[0.573930] (duco_support) StdoutLine: {'line': b'-- Installing: /home/user/ws_siasun/install/duco_support/share/duco_support/meshes/GCR14_1400/link_3.stl\n'}
[0.574224] (duco_support) StdoutLine: {'line': b'-- Installing: /home/user/ws_siasun/install/duco_support/share/duco_support/meshes/GCR12_1300\n'}
[0.574309] (duco_support) StdoutLine: {'line': b'-- Installing: /home/user/ws_siasun/install/duco_support/share/duco_support/meshes/GCR12_1300/link_2.stl\n'}
[0.574663] (duco_support) StdoutLine: {'line': b'-- Installing: /home/user/ws_siasun/install/duco_support/share/duco_support/meshes/GCR12_1300/link_1.stl\n'}
[0.574835] (duco_support) StdoutLine: {'line': b'-- Installing: /home/user/ws_siasun/install/duco_support/share/duco_support/meshes/GCR12_1300/base_link.stl\n'}
[0.574975] (duco_support) StdoutLine: {'line': b'-- Installing: /home/user/ws_siasun/install/duco_support/share/duco_support/meshes/GCR12_1300/link_6.stl\n'}
[0.575054] (duco_support) StdoutLine: {'line': b'-- Installing: /home/user/ws_siasun/install/duco_support/share/duco_support/meshes/GCR12_1300/link_5.stl\n'}
[0.575274] (duco_support) StdoutLine: {'line': b'-- Installing: /home/user/ws_siasun/install/duco_support/share/duco_support/meshes/GCR12_1300/link_4.stl\n'}
[0.575493] (duco_support) StdoutLine: {'line': b'-- Installing: /home/user/ws_siasun/install/duco_support/share/duco_support/meshes/GCR12_1300/link_3.stl\n'}
[0.576221] (duco_support) StdoutLine: {'line': b'-- Installing: /home/user/ws_siasun/install/duco_support/share/duco_support/meshes/GCR20_1400\n'}
[0.576327] (duco_support) StdoutLine: {'line': b'-- Installing: /home/user/ws_siasun/install/duco_support/share/duco_support/meshes/GCR20_1400/link_2.stl\n'}
[0.576445] (duco_msg) StdoutLine: {'line': b'-- Using all available rosidl_typesupport_c: rosidl_typesupport_fastrtps_c;rosidl_typesupport_introspection_c\n'}
[0.576735] (duco_support) StdoutLine: {'line': b'-- Installing: /home/user/ws_siasun/install/duco_support/share/duco_support/meshes/GCR20_1400/link_1.stl\n'}
[0.577011] (duco_support) StdoutLine: {'line': b'-- Installing: /home/user/ws_siasun/install/duco_support/share/duco_support/meshes/GCR20_1400/base_link.stl\n'}
[0.577210] (duco_support) StdoutLine: {'line': b'-- Installing: /home/user/ws_siasun/install/duco_support/share/duco_support/meshes/GCR20_1400/link_6.stl\n'}
[0.577484] (duco_support) StdoutLine: {'line': b'-- Installing: /home/user/ws_siasun/install/duco_support/share/duco_support/meshes/GCR20_1400/link_5.stl\n'}
[0.577665] (duco_support) StdoutLine: {'line': b'-- Installing: /home/user/ws_siasun/install/duco_support/share/duco_support/meshes/GCR20_1400/link_4.stl\n'}
[0.577827] (duco_support) StdoutLine: {'line': b'-- Installing: /home/user/ws_siasun/install/duco_support/share/duco_support/meshes/GCR20_1400/link_3.stl\n'}
[0.578133] (duco_support) StdoutLine: {'line': b'-- Installing: /home/user/ws_siasun/install/duco_support/share/duco_support/meshes/GCR10_1300\n'}
[0.578209] (duco_support) StdoutLine: {'line': b'-- Installing: /home/user/ws_siasun/install/duco_support/share/duco_support/meshes/GCR10_1300/link_2.stl\n'}
[0.578641] (duco_support) StdoutLine: {'line': b'-- Installing: /home/user/ws_siasun/install/duco_support/share/duco_support/meshes/GCR10_1300/link_1.stl\n'}
[0.578786] (duco_support) StdoutLine: {'line': b'-- Installing: /home/user/ws_siasun/install/duco_support/share/duco_support/meshes/GCR10_1300/base_link.stl\n'}
[0.578917] (duco_support) StdoutLine: {'line': b'-- Installing: /home/user/ws_siasun/install/duco_support/share/duco_support/meshes/GCR10_1300/link_6.stl\n'}
[0.578992] (duco_support) StdoutLine: {'line': b'-- Installing: /home/user/ws_siasun/install/duco_support/share/duco_support/meshes/GCR10_1300/link_5.stl\n'}
[0.579213] (duco_support) StdoutLine: {'line': b'-- Installing: /home/user/ws_siasun/install/duco_support/share/duco_support/meshes/GCR10_1300/link_4.stl\n'}
[0.579434] (duco_support) StdoutLine: {'line': b'-- Installing: /home/user/ws_siasun/install/duco_support/share/duco_support/meshes/GCR10_1300/link_3.stl\n'}
[0.580148] (duco_support) StdoutLine: {'line': b'-- Installing: /home/user/ws_siasun/install/duco_support/share/duco_support/meshes/dual_gcr5\n'}
[0.580210] (duco_support) StdoutLine: {'line': b'-- Installing: /home/user/ws_siasun/install/duco_support/share/duco_support/meshes/dual_gcr5/link_2.stl\n'}
[0.580645] (duco_support) StdoutLine: {'line': b'-- Installing: /home/user/ws_siasun/install/duco_support/share/duco_support/meshes/dual_gcr5/link_1.stl\n'}
[0.580820] (duco_support) StdoutLine: {'line': b'-- Installing: /home/user/ws_siasun/install/duco_support/share/duco_support/meshes/dual_gcr5/base_link.stl\n'}
[0.580970] (duco_support) StdoutLine: {'line': b'-- Installing: /home/user/ws_siasun/install/duco_support/share/duco_support/meshes/dual_gcr5/link_6.stl\n'}
[0.581115] (duco_support) StdoutLine: {'line': b'-- Installing: /home/user/ws_siasun/install/duco_support/share/duco_support/meshes/dual_gcr5/link_5.stl\n'}
[0.581237] (duco_support) StdoutLine: {'line': b'-- Installing: /home/user/ws_siasun/install/duco_support/share/duco_support/meshes/dual_gcr5/link_4.stl\n'}
[0.581406] (duco_support) StdoutLine: {'line': b'-- Installing: /home/user/ws_siasun/install/duco_support/share/duco_support/meshes/dual_gcr5/link_3.stl\n'}
[0.581689] (duco_support) StdoutLine: {'line': b'-- Installing: /home/user/ws_siasun/install/duco_support/share/duco_support/meshes/GCR7_910\n'}
[0.581773] (duco_support) StdoutLine: {'line': b'-- Installing: /home/user/ws_siasun/install/duco_support/share/duco_support/meshes/GCR7_910/link_2.stl\n'}
[0.582276] (duco_support) StdoutLine: {'line': b'-- Installing: /home/user/ws_siasun/install/duco_support/share/duco_support/meshes/GCR7_910/link_1.stl\n'}
[0.582411] (duco_support) StdoutLine: {'line': b'-- Installing: /home/user/ws_siasun/install/duco_support/share/duco_support/meshes/GCR7_910/base_link.stl\n'}
[0.582557] (duco_support) StdoutLine: {'line': b'-- Installing: /home/user/ws_siasun/install/duco_support/share/duco_support/meshes/GCR7_910/link_6.stl\n'}
[0.582734] (duco_support) StdoutLine: {'line': b'-- Installing: /home/user/ws_siasun/install/duco_support/share/duco_support/meshes/GCR7_910/link_5.stl\n'}
[0.582923] (duco_support) StdoutLine: {'line': b'-- Installing: /home/user/ws_siasun/install/duco_support/share/duco_support/meshes/GCR7_910/link_4.stl\n'}
[0.583049] (duco_support) StdoutLine: {'line': b'-- Installing: /home/user/ws_siasun/install/duco_support/share/duco_support/meshes/GCR7_910/link_3.stl\n'}
[0.583318] (duco_support) StdoutLine: {'line': b'-- Installing: /home/user/ws_siasun/install/duco_support/share/duco_support/meshes/GCR25_1800\n'}
[0.583393] (duco_support) StdoutLine: {'line': b'-- Installing: /home/user/ws_siasun/install/duco_support/share/duco_support/meshes/GCR25_1800/link_5.STL\n'}
[0.583755] (duco_support) StdoutLine: {'line': b'-- Installing: /home/user/ws_siasun/install/duco_support/share/duco_support/meshes/GCR25_1800/base_link.STL\n'}
[0.584332] (duco_support) StdoutLine: {'line': b'-- Installing: /home/user/ws_siasun/install/duco_support/share/duco_support/meshes/GCR25_1800/link_6.STL\n'}
[0.585180] (duco_support) StdoutLine: {'line': b'-- Installing: /home/user/ws_siasun/install/duco_support/share/duco_support/meshes/GCR25_1800/link_3.STL\n'}
[0.585416] (duco_support) StdoutLine: {'line': b'-- Installing: /home/user/ws_siasun/install/duco_support/share/duco_support/meshes/GCR25_1800/link_2.STL\n'}
[0.586223] (duco_support) StdoutLine: {'line': b'-- Installing: /home/user/ws_siasun/install/duco_support/share/duco_support/meshes/GCR25_1800/link_4.STL\n'}
[0.586358] (duco_msg) StdoutLine: {'line': b'-- Using all available rosidl_typesupport_cpp: rosidl_typesupport_fastrtps_cpp;rosidl_typesupport_introspection_cpp\n'}
[0.586516] (duco_support) StdoutLine: {'line': b'-- Installing: /home/user/ws_siasun/install/duco_support/share/duco_support/meshes/GCR25_1800/link_1.STL\n'}
[0.586995] (duco_support) StdoutLine: {'line': b'-- Installing: /home/user/ws_siasun/install/duco_support/share/duco_support/meshes/GCR10_2000\n'}
[0.587058] (duco_support) StdoutLine: {'line': b'-- Installing: /home/user/ws_siasun/install/duco_support/share/duco_support/meshes/GCR10_2000/link_2.stl\n'}
[0.587306] (duco_support) StdoutLine: {'line': b'-- Installing: /home/user/ws_siasun/install/duco_support/share/duco_support/meshes/GCR10_2000/link_1.stl\n'}
[0.587462] (duco_support) StdoutLine: {'line': b'-- Installing: /home/user/ws_siasun/install/duco_support/share/duco_support/meshes/GCR10_2000/base_link.stl\n'}
[0.587594] (duco_support) StdoutLine: {'line': b'-- Installing: /home/user/ws_siasun/install/duco_support/share/duco_support/meshes/GCR10_2000/link_6.stl\n'}
[0.587938] (duco_support) StdoutLine: {'line': b'-- Installing: /home/user/ws_siasun/install/duco_support/share/duco_support/meshes/GCR10_2000/link_5.stl\n'}
[0.588165] (duco_support) StdoutLine: {'line': b'-- Installing: /home/user/ws_siasun/install/duco_support/share/duco_support/meshes/GCR10_2000/link_4.stl\n'}
[0.588387] (duco_support) StdoutLine: {'line': b'-- Installing: /home/user/ws_siasun/install/duco_support/share/duco_support/meshes/GCR10_2000/link_3.stl\n'}
[0.588674] (duco_support) StdoutLine: {'line': b'-- Installing: /home/user/ws_siasun/install/duco_support/share/duco_support/meshes/GCR20_1100\n'}
[0.588756] (duco_support) StdoutLine: {'line': b'-- Installing: /home/user/ws_siasun/install/duco_support/share/duco_support/meshes/GCR20_1100/link_2.stl\n'}
[0.588950] (duco_support) StdoutLine: {'line': b'-- Installing: /home/user/ws_siasun/install/duco_support/share/duco_support/meshes/GCR20_1100/link_1.stl\n'}
[0.589262] (duco_support) StdoutLine: {'line': b'-- Installing: /home/user/ws_siasun/install/duco_support/share/duco_support/meshes/GCR20_1100/base_link.stl\n'}
[0.589461] (duco_support) StdoutLine: {'line': b'-- Installing: /home/user/ws_siasun/install/duco_support/share/duco_support/meshes/GCR20_1100/link_6.stl\n'}
[0.589743] (duco_support) StdoutLine: {'line': b'-- Installing: /home/user/ws_siasun/install/duco_support/share/duco_support/meshes/GCR20_1100/link_5.stl\n'}
[0.589965] (duco_support) StdoutLine: {'line': b'-- Installing: /home/user/ws_siasun/install/duco_support/share/duco_support/meshes/GCR20_1100/link_4.stl\n'}
[0.590302] (duco_support) StdoutLine: {'line': b'-- Installing: /home/user/ws_siasun/install/duco_support/share/duco_support/meshes/GCR20_1100/link_3.stl\n'}
[0.590582] (duco_support) StdoutLine: {'line': b'-- Installing: /home/user/ws_siasun/install/duco_support/share/duco_support/meshes/GCR5_910\n'}
[0.590699] (duco_support) StdoutLine: {'line': b'-- Installing: /home/user/ws_siasun/install/duco_support/share/duco_support/meshes/GCR5_910/link_2.stl\n'}
[0.591212] (duco_support) StdoutLine: {'line': b'-- Installing: /home/user/ws_siasun/install/duco_support/share/duco_support/meshes/GCR5_910/link_1.stl\n'}
[0.591371] (duco_support) StdoutLine: {'line': b'-- Installing: /home/user/ws_siasun/install/duco_support/share/duco_support/meshes/GCR5_910/base_link.stl\n'}
[0.591532] (duco_support) StdoutLine: {'line': b'-- Installing: /home/user/ws_siasun/install/duco_support/share/duco_support/meshes/GCR5_910/link_6.stl\n'}
[0.591793] (duco_support) StdoutLine: {'line': b'-- Installing: /home/user/ws_siasun/install/duco_support/share/duco_support/meshes/GCR5_910/link_5.stl\n'}
[0.591884] (duco_support) StdoutLine: {'line': b'-- Installing: /home/user/ws_siasun/install/duco_support/share/duco_support/meshes/GCR5_910/link_4.stl\n'}
[0.592069] (duco_support) StdoutLine: {'line': b'-- Installing: /home/user/ws_siasun/install/duco_support/share/duco_support/meshes/GCR5_910/link_3.stl\n'}
[0.592432] (duco_support) StdoutLine: {'line': b'-- Installing: /home/user/ws_siasun/install/duco_support/share/duco_support/meshes/double_arm\n'}
[0.592680] (duco_support) StdoutLine: {'line': b'-- Installing: /home/user/ws_siasun/install/duco_support/share/duco_support/meshes/double_arm/left_arm_link2.STL\n'}
[0.593362] (duco_support) StdoutLine: {'line': b'-- Installing: /home/user/ws_siasun/install/duco_support/share/duco_support/meshes/double_arm/neck_pitch_link.STL\n'}
[0.593466] (duco_support) StdoutLine: {'line': b'-- Installing: /home/user/ws_siasun/install/duco_support/share/duco_support/meshes/double_arm/left_arm_link4.STL\n'}
[0.593992] (duco_support) StdoutLine: {'line': b'-- Installing: /home/user/ws_siasun/install/duco_support/share/duco_support/meshes/double_arm/right_arm_link3.STL\n'}
[0.594699] (duco_support) StdoutLine: {'line': b'-- Installing: /home/user/ws_siasun/install/duco_support/share/duco_support/meshes/double_arm/left_arm_link7.STL\n'}
[0.594930] (duco_support) StdoutLine: {'line': b'-- Installing: /home/user/ws_siasun/install/duco_support/share/duco_support/meshes/double_arm/right_arm_link4.STL.larkcache\n'}
[0.595105] (duco_support) StdoutLine: {'line': b'-- Installing: /home/user/ws_siasun/install/duco_support/share/duco_support/meshes/double_arm/left_arm_link6.STL\n'}
[0.595546] (duco_support) StdoutLine: {'line': b'-- Installing: /home/user/ws_siasun/install/duco_support/share/duco_support/meshes/double_arm/right_arm_link2.STL.larkcache\n'}
[0.596225] (duco_support) StdoutLine: {'line': b'-- Installing: /home/user/ws_siasun/install/duco_support/share/duco_support/meshes/double_arm/base_link.STL\n'}
[0.598115] (duco_support) StdoutLine: {'line': b'-- Installing: /home/user/ws_siasun/install/duco_support/share/duco_support/meshes/double_arm/left_arm_link0.STL\n'}
[0.598489] (duco_support) StdoutLine: {'line': b'-- Installing: /home/user/ws_siasun/install/duco_support/share/duco_support/meshes/double_arm/right_arm_link6.STL\n'}
[0.599067] (duco_support) StdoutLine: {'line': b'-- Installing: /home/user/ws_siasun/install/duco_support/share/duco_support/meshes/double_arm/right_arm_link4.STL\n'}
[0.599644] (duco_support) StdoutLine: {'line': b'-- Installing: /home/user/ws_siasun/install/duco_support/share/duco_support/meshes/double_arm/neck_roll_link.STL\n'}
[0.600104] (-) TimerEvent: {}
[0.600967] (duco_support) StdoutLine: {'line': b'-- Installing: /home/user/ws_siasun/install/duco_support/share/duco_support/meshes/double_arm/left_arm_link1.STL\n'}
[0.601582] (duco_support) StdoutLine: {'line': b'-- Installing: /home/user/ws_siasun/install/duco_support/share/duco_support/meshes/double_arm/right_arm_link3.STL.larkcache\n'}
[0.601912] (duco_support) StdoutLine: {'line': b'-- Installing: /home/user/ws_siasun/install/duco_support/share/duco_support/meshes/double_arm/left_arm_link3.STL\n'}
[0.602494] (duco_support) StdoutLine: {'line': b'-- Installing: /home/user/ws_siasun/install/duco_support/share/duco_support/meshes/double_arm/right_arm_link7.STL\n'}
[0.602723] (duco_support) StdoutLine: {'line': b'-- Installing: /home/user/ws_siasun/install/duco_support/share/duco_support/meshes/double_arm/right_arm_link0.STL\n'}
[0.603255] (duco_support) StdoutLine: {'line': b'-- Installing: /home/user/ws_siasun/install/duco_support/share/duco_support/meshes/double_arm/right_arm_link2.STL\n'}
[0.603944] (duco_support) StdoutLine: {'line': b'-- Installing: /home/user/ws_siasun/install/duco_support/share/duco_support/meshes/double_arm/right_arm_link1.STL\n'}
[0.604587] (duco_support) StdoutLine: {'line': b'-- Installing: /home/user/ws_siasun/install/duco_support/share/duco_support/meshes/double_arm/left_arm_link5.STL\n'}
[0.605293] (duco_support) StdoutLine: {'line': b'-- Installing: /home/user/ws_siasun/install/duco_support/share/duco_support/meshes/double_arm/right_arm_link5.STL\n'}
[0.605889] (duco_support) StdoutLine: {'line': b'-- Installing: /home/user/ws_siasun/install/duco_support/share/duco_support/meshes/GCR30_1100\n'}
[0.605986] (duco_support) StdoutLine: {'line': b'-- Installing: /home/user/ws_siasun/install/duco_support/share/duco_support/meshes/GCR30_1100/link_2.stl\n'}
[0.606196] (duco_support) StdoutLine: {'line': b'-- Installing: /home/user/ws_siasun/install/duco_support/share/duco_support/meshes/GCR30_1100/link_1.stl\n'}
[0.606532] (duco_support) StdoutLine: {'line': b'-- Installing: /home/user/ws_siasun/install/duco_support/share/duco_support/meshes/GCR30_1100/base_link.stl\n'}
[0.606783] (duco_support) StdoutLine: {'line': b'-- Installing: /home/user/ws_siasun/install/duco_support/share/duco_support/meshes/GCR30_1100/link_6.stl\n'}
[0.606952] (duco_support) StdoutLine: {'line': b'-- Installing: /home/user/ws_siasun/install/duco_support/share/duco_support/meshes/GCR30_1100/link_5.stl\n'}
[0.607246] (duco_support) StdoutLine: {'line': b'-- Installing: /home/user/ws_siasun/install/duco_support/share/duco_support/meshes/GCR30_1100/link_4.stl\n'}
[0.607562] (duco_support) StdoutLine: {'line': b'-- Installing: /home/user/ws_siasun/install/duco_support/share/duco_support/meshes/GCR30_1100/link_3.stl\n'}
[0.607910] (duco_support) StdoutLine: {'line': b'-- Installing: /home/user/ws_siasun/install/duco_support/share/duco_support/meshes/GCR16_2000\n'}
[0.607997] (duco_support) StdoutLine: {'line': b'-- Installing: /home/user/ws_siasun/install/duco_support/share/duco_support/meshes/GCR16_2000/link_2.stl\n'}
[0.608214] (duco_support) StdoutLine: {'line': b'-- Installing: /home/user/ws_siasun/install/duco_support/share/duco_support/meshes/GCR16_2000/link_1.stl\n'}
[0.608354] (duco_support) StdoutLine: {'line': b'-- Installing: /home/user/ws_siasun/install/duco_support/share/duco_support/meshes/GCR16_2000/base_link.stl\n'}
[0.608492] (duco_support) StdoutLine: {'line': b'-- Installing: /home/user/ws_siasun/install/duco_support/share/duco_support/meshes/GCR16_2000/link_6.stl\n'}
[0.608847] (duco_support) StdoutLine: {'line': b'-- Installing: /home/user/ws_siasun/install/duco_support/share/duco_support/meshes/GCR16_2000/link_5.stl\n'}
[0.609109] (duco_support) StdoutLine: {'line': b'-- Installing: /home/user/ws_siasun/install/duco_support/share/duco_support/meshes/GCR16_2000/link_4.stl\n'}
[0.609358] (duco_support) StdoutLine: {'line': b'-- Installing: /home/user/ws_siasun/install/duco_support/share/duco_support/meshes/GCR16_2000/link_3.stl\n'}
[0.609704] (duco_support) StdoutLine: {'line': b'-- Installing: /home/user/ws_siasun/install/duco_support/share/duco_support/meshes/GCR16_960\n'}
[0.609789] (duco_support) StdoutLine: {'line': b'-- Installing: /home/user/ws_siasun/install/duco_support/share/duco_support/meshes/GCR16_960/link_2.stl\n'}
[0.610342] (duco_support) StdoutLine: {'line': b'-- Installing: /home/user/ws_siasun/install/duco_support/share/duco_support/meshes/GCR16_960/link_1.stl\n'}
[0.610515] (duco_support) StdoutLine: {'line': b'-- Installing: /home/user/ws_siasun/install/duco_support/share/duco_support/meshes/GCR16_960/base_link.stl\n'}
[0.610677] (duco_support) StdoutLine: {'line': b'-- Installing: /home/user/ws_siasun/install/duco_support/share/duco_support/meshes/GCR16_960/link_6.stl\n'}
[0.610796] (duco_support) StdoutLine: {'line': b'-- Installing: /home/user/ws_siasun/install/duco_support/share/duco_support/meshes/GCR16_960/link_5.stl\n'}
[0.611057] (duco_support) StdoutLine: {'line': b'-- Installing: /home/user/ws_siasun/install/duco_support/share/duco_support/meshes/GCR16_960/link_4.stl\n'}
[0.611277] (duco_support) StdoutLine: {'line': b'-- Installing: /home/user/ws_siasun/install/duco_support/share/duco_support/meshes/GCR16_960/link_3.stl\n'}
[0.611614] (duco_support) StdoutLine: {'line': b'-- Installing: /home/user/ws_siasun/install/duco_support/share/duco_support/meshes/GCR3_618\n'}
[0.611704] (duco_support) StdoutLine: {'line': b'-- Installing: /home/user/ws_siasun/install/duco_support/share/duco_support/meshes/GCR3_618/link_5.STL\n'}
[0.611958] (duco_support) StdoutLine: {'line': b'-- Installing: /home/user/ws_siasun/install/duco_support/share/duco_support/meshes/GCR3_618/base_link.STL\n'}
[0.612724] (duco_support) StdoutLine: {'line': b'-- Installing: /home/user/ws_siasun/install/duco_support/share/duco_support/meshes/GCR3_618/link_6.STL\n'}
[0.613178] (duco_support) StdoutLine: {'line': b'-- Installing: /home/user/ws_siasun/install/duco_support/share/duco_support/meshes/GCR3_618/link_3.STL\n'}
[0.613679] (duco_support) StdoutLine: {'line': b'-- Installing: /home/user/ws_siasun/install/duco_support/share/duco_support/meshes/GCR3_618/link_2.STL\n'}
[0.614431] (duco_support) StdoutLine: {'line': b'-- Installing: /home/user/ws_siasun/install/duco_support/share/duco_support/meshes/GCR3_618/link_4.STL\n'}
[0.614774] (duco_support) StdoutLine: {'line': b'-- Installing: /home/user/ws_siasun/install/duco_support/share/duco_support/meshes/GCR3_618/link_1.STL\n'}
[0.615222] (duco_support) StdoutLine: {'line': b'-- Installing: /home/user/ws_siasun/install/duco_support/share/duco_support/meshes/RIGHT_ARM_0219\n'}
[0.615283] (duco_support) StdoutLine: {'line': b'-- Installing: /home/user/ws_siasun/install/duco_support/share/duco_support/meshes/RIGHT_ARM_0219/J6_Link.STL\n'}
[0.615845] (duco_support) StdoutLine: {'line': b'-- Installing: /home/user/ws_siasun/install/duco_support/share/duco_support/meshes/RIGHT_ARM_0219/base_link.STL\n'}
[0.616551] (duco_support) StdoutLine: {'line': b'-- Installing: /home/user/ws_siasun/install/duco_support/share/duco_support/meshes/RIGHT_ARM_0219/J2_Link.STL\n'}
[0.617271] (duco_support) StdoutLine: {'line': b'-- Installing: /home/user/ws_siasun/install/duco_support/share/duco_support/meshes/RIGHT_ARM_0219/J1_Link.STL\n'}
[0.617994] (duco_support) StdoutLine: {'line': b'-- Installing: /home/user/ws_siasun/install/duco_support/share/duco_support/meshes/RIGHT_ARM_0219/J3_Link.STL\n'}
[0.618574] (duco_support) StdoutLine: {'line': b'-- Installing: /home/user/ws_siasun/install/duco_support/share/duco_support/meshes/RIGHT_ARM_0219/J7_Link.STL\n'}
[0.618677] (duco_support) StdoutLine: {'line': b'-- Installing: /home/user/ws_siasun/install/duco_support/share/duco_support/meshes/RIGHT_ARM_0219/J5_Link.STL\n'}
[0.619268] (duco_support) StdoutLine: {'line': b'-- Installing: /home/user/ws_siasun/install/duco_support/share/duco_support/meshes/RIGHT_ARM_0219/J4_Link.STL\n'}
[0.619797] (duco_msg) StdoutLine: {'line': b'-- Found sensor_msgs: 4.2.4 (/opt/ros/humble/share/sensor_msgs/cmake)\n'}
[0.619893] (duco_support) StdoutLine: {'line': b'-- Installing: /home/user/ws_siasun/install/duco_support/share/duco_support/urdf\n'}
[0.619973] (duco_support) StdoutLine: {'line': b'-- Installing: /home/user/ws_siasun/install/duco_support/share/duco_support/urdf/duco_gcr10_2000.urdf\n'}
[0.620035] (duco_support) StdoutLine: {'line': b'-- Installing: /home/user/ws_siasun/install/duco_support/share/duco_support/urdf/duco_gcr16_2000.urdf\n'}
[0.620129] (duco_support) StdoutLine: {'line': b'-- Installing: /home/user/ws_siasun/install/duco_support/share/duco_support/urdf/duco_gcr30_1100.urdf\n'}
[0.620189] (duco_support) StdoutLine: {'line': b'-- Installing: /home/user/ws_siasun/install/duco_support/share/duco_support/urdf/duco_gcr5_910.urdf\n'}
[0.620247] (duco_support) StdoutLine: {'line': b'-- Installing: /home/user/ws_siasun/install/duco_support/share/duco_support/urdf/RIGHT_ARM_0219.urdf\n'}
[0.620308] (duco_support) StdoutLine: {'line': b'-- Installing: /home/user/ws_siasun/install/duco_support/share/duco_support/urdf/duco_gcr16_960.urdf\n'}
[0.620367] (duco_support) StdoutLine: {'line': b'-- Installing: /home/user/ws_siasun/install/duco_support/share/duco_support/urdf/dual_arms.urdf\n'}
[0.620445] (duco_support) StdoutLine: {'line': b'-- Installing: /home/user/ws_siasun/install/duco_support/share/duco_support/urdf/duco_gcr3_618.urdf\n'}
[0.620553] (duco_support) StdoutLine: {'line': b'-- Installing: /home/user/ws_siasun/install/duco_support/share/duco_support/urdf/duco_gcr25_1800.urdf\n'}
[0.620625] (duco_support) StdoutLine: {'line': b'-- Installing: /home/user/ws_siasun/install/duco_support/share/duco_support/urdf/double_arm.urdf\n'}
[0.620686] (duco_support) StdoutLine: {'line': b'-- Installing: /home/user/ws_siasun/install/duco_support/share/duco_support/urdf/duco_gcr20_1100.urdf\n'}
[0.620745] (duco_support) StdoutLine: {'line': b'-- Installing: /home/user/ws_siasun/install/duco_support/share/duco_support/urdf/duco_gcr12_1300.urdf\n'}
[0.620803] (duco_support) StdoutLine: {'line': b'-- Installing: /home/user/ws_siasun/install/duco_support/share/duco_support/urdf/duco_gcr20_1400.urdf\n'}
[0.620862] (duco_support) StdoutLine: {'line': b'-- Installing: /home/user/ws_siasun/install/duco_support/share/duco_support/urdf/duco_gcr7_910.urdf\n'}
[0.620922] (duco_support) StdoutLine: {'line': b'-- Installing: /home/user/ws_siasun/install/duco_support/share/duco_support/urdf/duco_gcr10_1300.urdf\n'}
[0.620979] (duco_support) StdoutLine: {'line': b'-- Installing: /home/user/ws_siasun/install/duco_support/share/duco_support/urdf/duco_gcr14_1400.urdf\n'}
[0.621036] (duco_support) StdoutLine: {'line': b'-- Installing: /home/user/ws_siasun/install/duco_support/share/duco_support/collision\n'}
[0.621115] (duco_support) StdoutLine: {'line': b'-- Installing: /home/user/ws_siasun/install/duco_support/share/duco_support/collision/GCR14_1400\n'}
[0.621195] (duco_support) StdoutLine: {'line': b'-- Installing: /home/user/ws_siasun/install/duco_support/share/duco_support/collision/GCR14_1400/link_2.stl\n'}
[0.621273] (duco_support) StdoutLine: {'line': b'-- Installing: /home/user/ws_siasun/install/duco_support/share/duco_support/collision/GCR14_1400/link_1.stl\n'}
[0.621503] (duco_support) StdoutLine: {'line': b'-- Installing: /home/user/ws_siasun/install/duco_support/share/duco_support/collision/GCR14_1400/base_link.stl\n'}
[0.621728] (duco_support) StdoutLine: {'line': b'-- Installing: /home/user/ws_siasun/install/duco_support/share/duco_support/collision/GCR14_1400/link_6.stl\n'}
[0.621976] (duco_support) StdoutLine: {'line': b'-- Installing: /home/user/ws_siasun/install/duco_support/share/duco_support/collision/GCR14_1400/link_5.stl\n'}
[0.622120] (duco_support) StdoutLine: {'line': b'-- Installing: /home/user/ws_siasun/install/duco_support/share/duco_support/collision/GCR14_1400/link_4.stl\n'}
[0.622259] (duco_support) StdoutLine: {'line': b'-- Installing: /home/user/ws_siasun/install/duco_support/share/duco_support/collision/GCR14_1400/link_3.stl\n'}
[0.622570] (duco_support) StdoutLine: {'line': b'-- Installing: /home/user/ws_siasun/install/duco_support/share/duco_support/collision/GCR12_1300\n'}
[0.622670] (duco_support) StdoutLine: {'line': b'-- Installing: /home/user/ws_siasun/install/duco_support/share/duco_support/collision/GCR12_1300/link_2.stl\n'}
[0.623195] (duco_support) StdoutLine: {'line': b'-- Installing: /home/user/ws_siasun/install/duco_support/share/duco_support/collision/GCR12_1300/link_1.stl\n'}
[0.623270] (duco_support) StdoutLine: {'line': b'-- Installing: /home/user/ws_siasun/install/duco_support/share/duco_support/collision/GCR12_1300/base_link.stl\n'}
[0.623365] (duco_support) StdoutLine: {'line': b'-- Installing: /home/user/ws_siasun/install/duco_support/share/duco_support/collision/GCR12_1300/link_6.stl\n'}
[0.623535] (duco_support) StdoutLine: {'line': b'-- Installing: /home/user/ws_siasun/install/duco_support/share/duco_support/collision/GCR12_1300/link_5.stl\n'}
[0.623717] (duco_support) StdoutLine: {'line': b'-- Installing: /home/user/ws_siasun/install/duco_support/share/duco_support/collision/GCR12_1300/link_4.stl\n'}
[0.623965] (duco_support) StdoutLine: {'line': b'-- Installing: /home/user/ws_siasun/install/duco_support/share/duco_support/collision/GCR12_1300/link_3.stl\n'}
[0.624678] (duco_support) StdoutLine: {'line': b'-- Installing: /home/user/ws_siasun/install/duco_support/share/duco_support/collision/GCR20_1400\n'}
[0.624781] (duco_support) StdoutLine: {'line': b'-- Installing: /home/user/ws_siasun/install/duco_support/share/duco_support/collision/GCR20_1400/link_2.stl\n'}
[0.625242] (duco_support) StdoutLine: {'line': b'-- Installing: /home/user/ws_siasun/install/duco_support/share/duco_support/collision/GCR20_1400/link_1.stl\n'}
[0.625528] (duco_support) StdoutLine: {'line': b'-- Installing: /home/user/ws_siasun/install/duco_support/share/duco_support/collision/GCR20_1400/base_link.stl\n'}
[0.625731] (duco_support) StdoutLine: {'line': b'-- Installing: /home/user/ws_siasun/install/duco_support/share/duco_support/collision/GCR20_1400/link_6.stl\n'}
[0.625965] (duco_support) StdoutLine: {'line': b'-- Installing: /home/user/ws_siasun/install/duco_support/share/duco_support/collision/GCR20_1400/link_5.stl\n'}
[0.626310] (duco_support) StdoutLine: {'line': b'-- Installing: /home/user/ws_siasun/install/duco_support/share/duco_support/collision/GCR20_1400/link_4.stl\n'}
[0.626440] (duco_support) StdoutLine: {'line': b'-- Installing: /home/user/ws_siasun/install/duco_support/share/duco_support/collision/GCR20_1400/link_3.stl\n'}
[0.626816] (duco_support) StdoutLine: {'line': b'-- Installing: /home/user/ws_siasun/install/duco_support/share/duco_support/collision/GCR10_1300\n'}
[0.626935] (duco_support) StdoutLine: {'line': b'-- Installing: /home/user/ws_siasun/install/duco_support/share/duco_support/collision/GCR10_1300/link_2.stl\n'}
[0.627226] (duco_support) StdoutLine: {'line': b'-- Installing: /home/user/ws_siasun/install/duco_support/share/duco_support/collision/GCR10_1300/link_1.stl\n'}
[0.627390] (duco_support) StdoutLine: {'line': b'-- Installing: /home/user/ws_siasun/install/duco_support/share/duco_support/collision/GCR10_1300/base_link.stl\n'}
[0.627521] (duco_support) StdoutLine: {'line': b'-- Installing: /home/user/ws_siasun/install/duco_support/share/duco_support/collision/GCR10_1300/link_6.stl\n'}
[0.627603] (duco_support) StdoutLine: {'line': b'-- Installing: /home/user/ws_siasun/install/duco_support/share/duco_support/collision/GCR10_1300/link_5.stl\n'}
[0.627857] (duco_support) StdoutLine: {'line': b'-- Installing: /home/user/ws_siasun/install/duco_support/share/duco_support/collision/GCR10_1300/link_4.stl\n'}
[0.628116] (duco_support) StdoutLine: {'line': b'-- Installing: /home/user/ws_siasun/install/duco_support/share/duco_support/collision/GCR10_1300/link_3.stl\n'}
[0.628833] (duco_support) StdoutLine: {'line': b'-- Installing: /home/user/ws_siasun/install/duco_support/share/duco_support/collision/dual_gcr5\n'}
[0.628926] (duco_support) StdoutLine: {'line': b'-- Installing: /home/user/ws_siasun/install/duco_support/share/duco_support/collision/dual_gcr5/link_2.stl\n'}
[0.629425] (duco_support) StdoutLine: {'line': b'-- Installing: /home/user/ws_siasun/install/duco_support/share/duco_support/collision/dual_gcr5/link_1.stl\n'}
[0.629571] (duco_support) StdoutLine: {'line': b'-- Installing: /home/user/ws_siasun/install/duco_support/share/duco_support/collision/dual_gcr5/base_link.stl\n'}
[0.629730] (duco_support) StdoutLine: {'line': b'-- Installing: /home/user/ws_siasun/install/duco_support/share/duco_support/collision/dual_gcr5/link_6.stl\n'}
[0.629883] (duco_support) StdoutLine: {'line': b'-- Installing: /home/user/ws_siasun/install/duco_support/share/duco_support/collision/dual_gcr5/link_5.stl\n'}
[0.630012] (duco_support) StdoutLine: {'line': b'-- Installing: /home/user/ws_siasun/install/duco_support/share/duco_support/collision/dual_gcr5/link_4.stl\n'}
[0.630189] (duco_support) StdoutLine: {'line': b'-- Installing: /home/user/ws_siasun/install/duco_support/share/duco_support/collision/dual_gcr5/link_3.stl\n'}
[0.630464] (duco_support) StdoutLine: {'line': b'-- Installing: /home/user/ws_siasun/install/duco_support/share/duco_support/collision/GCR7_910\n'}
[0.630545] (duco_support) StdoutLine: {'line': b'-- Installing: /home/user/ws_siasun/install/duco_support/share/duco_support/collision/GCR7_910/link_2.stl\n'}
[0.631164] (duco_support) StdoutLine: {'line': b'-- Installing: /home/user/ws_siasun/install/duco_support/share/duco_support/collision/GCR7_910/link_1.stl\n'}
[0.631304] (duco_support) StdoutLine: {'line': b'-- Installing: /home/user/ws_siasun/install/duco_support/share/duco_support/collision/GCR7_910/base_link.stl\n'}
[0.631456] (duco_support) StdoutLine: {'line': b'-- Installing: /home/user/ws_siasun/install/duco_support/share/duco_support/collision/GCR7_910/link_6.stl\n'}
[0.631625] (duco_support) StdoutLine: {'line': b'-- Installing: /home/user/ws_siasun/install/duco_support/share/duco_support/collision/GCR7_910/link_5.stl\n'}
[0.631758] (duco_support) StdoutLine: {'line': b'-- Installing: /home/user/ws_siasun/install/duco_support/share/duco_support/collision/GCR7_910/link_4.stl\n'}
[0.631937] (duco_support) StdoutLine: {'line': b'-- Installing: /home/user/ws_siasun/install/duco_support/share/duco_support/collision/GCR7_910/link_3.stl\n'}
[0.632202] (duco_support) StdoutLine: {'line': b'-- Installing: /home/user/ws_siasun/install/duco_support/share/duco_support/collision/GCR25_1800\n'}
[0.632278] (duco_support) StdoutLine: {'line': b'-- Installing: /home/user/ws_siasun/install/duco_support/share/duco_support/collision/GCR25_1800/link_5.STL\n'}
[0.632565] (duco_support) StdoutLine: {'line': b'-- Installing: /home/user/ws_siasun/install/duco_support/share/duco_support/collision/GCR25_1800/base_link.STL\n'}
[0.633106] (duco_support) StdoutLine: {'line': b'-- Installing: /home/user/ws_siasun/install/duco_support/share/duco_support/collision/GCR25_1800/link_6.STL\n'}
[0.633689] (duco_support) StdoutLine: {'line': b'-- Installing: /home/user/ws_siasun/install/duco_support/share/duco_support/collision/GCR25_1800/link_3.STL\n'}
[0.634327] (duco_support) StdoutLine: {'line': b'-- Installing: /home/user/ws_siasun/install/duco_support/share/duco_support/collision/GCR25_1800/link_2.STL\n'}
[0.634459] (duco_msg) StdoutLine: {'line': b'-- Found rosidl_default_generators: 1.2.0 (/opt/ros/humble/share/rosidl_default_generators/cmake)\n'}
[0.635092] (duco_support) StdoutLine: {'line': b'-- Installing: /home/user/ws_siasun/install/duco_support/share/duco_support/collision/GCR25_1800/link_4.STL\n'}
[0.635420] (duco_support) StdoutLine: {'line': b'-- Installing: /home/user/ws_siasun/install/duco_support/share/duco_support/collision/GCR25_1800/link_1.STL\n'}
[0.635915] (duco_support) StdoutLine: {'line': b'-- Installing: /home/user/ws_siasun/install/duco_support/share/duco_support/collision/GCR10_2000\n'}
[0.636009] (duco_support) StdoutLine: {'line': b'-- Installing: /home/user/ws_siasun/install/duco_support/share/duco_support/collision/GCR10_2000/link_2.stl\n'}
[0.636272] (duco_support) StdoutLine: {'line': b'-- Installing: /home/user/ws_siasun/install/duco_support/share/duco_support/collision/GCR10_2000/link_1.stl\n'}
[0.636383] (duco_support) StdoutLine: {'line': b'-- Installing: /home/user/ws_siasun/install/duco_support/share/duco_support/collision/GCR10_2000/base_link.stl\n'}
[0.636512] (duco_support) StdoutLine: {'line': b'-- Installing: /home/user/ws_siasun/install/duco_support/share/duco_support/collision/GCR10_2000/link_6.stl\n'}
[0.636916] (duco_support) StdoutLine: {'line': b'-- Installing: /home/user/ws_siasun/install/duco_support/share/duco_support/collision/GCR10_2000/link_5.stl\n'}
[0.637130] (duco_support) StdoutLine: {'line': b'-- Installing: /home/user/ws_siasun/install/duco_support/share/duco_support/collision/GCR10_2000/link_4.stl\n'}
[0.637355] (duco_support) StdoutLine: {'line': b'-- Installing: /home/user/ws_siasun/install/duco_support/share/duco_support/collision/GCR10_2000/link_3.stl\n'}
[0.637648] (duco_support) StdoutLine: {'line': b'-- Installing: /home/user/ws_siasun/install/duco_support/share/duco_support/collision/GCR20_1100\n'}
[0.637740] (duco_support) StdoutLine: {'line': b'-- Installing: /home/user/ws_siasun/install/duco_support/share/duco_support/collision/GCR20_1100/link_2.stl\n'}
[0.637906] (duco_support) StdoutLine: {'line': b'-- Installing: /home/user/ws_siasun/install/duco_support/share/duco_support/collision/GCR20_1100/link_1.stl\n'}
[0.638216] (duco_support) StdoutLine: {'line': b'-- Installing: /home/user/ws_siasun/install/duco_support/share/duco_support/collision/GCR20_1100/base_link.stl\n'}
[0.638407] (duco_support) StdoutLine: {'line': b'-- Installing: /home/user/ws_siasun/install/duco_support/share/duco_support/collision/GCR20_1100/link_6.stl\n'}
[0.638578] (duco_support) StdoutLine: {'line': b'-- Installing: /home/user/ws_siasun/install/duco_support/share/duco_support/collision/GCR20_1100/link_5.stl\n'}
[0.638907] (duco_support) StdoutLine: {'line': b'-- Installing: /home/user/ws_siasun/install/duco_support/share/duco_support/collision/GCR20_1100/link_4.stl\n'}
[0.639199] (duco_support) StdoutLine: {'line': b'-- Installing: /home/user/ws_siasun/install/duco_support/share/duco_support/collision/GCR20_1100/link_3.stl\n'}
[0.639447] (duco_support) StdoutLine: {'line': b'-- Installing: /home/user/ws_siasun/install/duco_support/share/duco_support/collision/GCR5_910\n'}
[0.639540] (duco_support) StdoutLine: {'line': b'-- Installing: /home/user/ws_siasun/install/duco_support/share/duco_support/collision/GCR5_910/link_2.stl\n'}
[0.640071] (duco_support) StdoutLine: {'line': b'-- Installing: /home/user/ws_siasun/install/duco_support/share/duco_support/collision/GCR5_910/link_1.stl\n'}
[0.640210] (duco_support) StdoutLine: {'line': b'-- Installing: /home/user/ws_siasun/install/duco_support/share/duco_support/collision/GCR5_910/base_link.stl\n'}
[0.640369] (duco_support) StdoutLine: {'line': b'-- Installing: /home/user/ws_siasun/install/duco_support/share/duco_support/collision/GCR5_910/link_6.stl\n'}
[0.640605] (duco_support) StdoutLine: {'line': b'-- Installing: /home/user/ws_siasun/install/duco_support/share/duco_support/collision/GCR5_910/link_5.stl\n'}
[0.640746] (duco_support) StdoutLine: {'line': b'-- Installing: /home/user/ws_siasun/install/duco_support/share/duco_support/collision/GCR5_910/link_4.stl\n'}
[0.640963] (duco_support) StdoutLine: {'line': b'-- Installing: /home/user/ws_siasun/install/duco_support/share/duco_support/collision/GCR5_910/link_3.stl\n'}
[0.641257] (duco_support) StdoutLine: {'line': b'-- Installing: /home/user/ws_siasun/install/duco_support/share/duco_support/collision/double_arm\n'}
[0.641353] (duco_support) StdoutLine: {'line': b'-- Installing: /home/user/ws_siasun/install/duco_support/share/duco_support/collision/double_arm/left_arm_link2.STL\n'}
[0.642057] (duco_support) StdoutLine: {'line': b'-- Installing: /home/user/ws_siasun/install/duco_support/share/duco_support/collision/double_arm/neck_pitch_link.STL\n'}
[0.642166] (duco_support) StdoutLine: {'line': b'-- Installing: /home/user/ws_siasun/install/duco_support/share/duco_support/collision/double_arm/left_arm_link4.STL\n'}
[0.642810] (duco_support) StdoutLine: {'line': b'-- Installing: /home/user/ws_siasun/install/duco_support/share/duco_support/collision/double_arm/right_arm_link3.STL\n'}
[0.643437] (duco_support) StdoutLine: {'line': b'-- Installing: /home/user/ws_siasun/install/duco_support/share/duco_support/collision/double_arm/left_arm_link7.STL\n'}
[0.643596] (duco_support) StdoutLine: {'line': b'-- Installing: /home/user/ws_siasun/install/duco_support/share/duco_support/collision/double_arm/right_arm_link4.STL.larkcache\n'}
[0.643853] (duco_support) StdoutLine: {'line': b'-- Installing: /home/user/ws_siasun/install/duco_support/share/duco_support/collision/double_arm/left_arm_link6.STL\n'}
[0.644532] (duco_support) StdoutLine: {'line': b'-- Installing: /home/user/ws_siasun/install/duco_support/share/duco_support/collision/double_arm/right_arm_link2.STL.larkcache\n'}
[0.645119] (duco_support) StdoutLine: {'line': b'-- Installing: /home/user/ws_siasun/install/duco_support/share/duco_support/collision/double_arm/base_link.STL\n'}
[0.646901] (duco_support) StdoutLine: {'line': b'-- Installing: /home/user/ws_siasun/install/duco_support/share/duco_support/collision/double_arm/left_arm_link0.STL\n'}
[0.647301] (duco_support) StdoutLine: {'line': b'-- Installing: /home/user/ws_siasun/install/duco_support/share/duco_support/collision/double_arm/right_arm_link6.STL\n'}
[0.647790] (duco_support) StdoutLine: {'line': b'-- Installing: /home/user/ws_siasun/install/duco_support/share/duco_support/collision/double_arm/right_arm_link4.STL\n'}
[0.648288] (duco_support) StdoutLine: {'line': b'-- Installing: /home/user/ws_siasun/install/duco_support/share/duco_support/collision/double_arm/neck_roll_link.STL\n'}
[0.649456] (duco_support) StdoutLine: {'line': b'-- Installing: /home/user/ws_siasun/install/duco_support/share/duco_support/collision/double_arm/left_arm_link1.STL\n'}
[0.650107] (duco_support) StdoutLine: {'line': b'-- Installing: /home/user/ws_siasun/install/duco_support/share/duco_support/collision/double_arm/right_arm_link3.STL.larkcache\n'}
[0.650337] (duco_support) StdoutLine: {'line': b'-- Installing: /home/user/ws_siasun/install/duco_support/share/duco_support/collision/double_arm/left_arm_link3.STL\n'}
[0.650872] (duco_support) StdoutLine: {'line': b'-- Installing: /home/user/ws_siasun/install/duco_support/share/duco_support/collision/double_arm/right_arm_link7.STL\n'}
[0.651036] (duco_support) StdoutLine: {'line': b'-- Installing: /home/user/ws_siasun/install/duco_support/share/duco_support/collision/double_arm/right_arm_link0.STL\n'}
[0.651523] (duco_support) StdoutLine: {'line': b'-- Installing: /home/user/ws_siasun/install/duco_support/share/duco_support/collision/double_arm/right_arm_link2.STL\n'}
[0.652247] (duco_support) StdoutLine: {'line': b'-- Installing: /home/user/ws_siasun/install/duco_support/share/duco_support/collision/double_arm/right_arm_link1.STL\n'}
[0.652895] (duco_support) StdoutLine: {'line': b'-- Installing: /home/user/ws_siasun/install/duco_support/share/duco_support/collision/double_arm/left_arm_link5.STL\n'}
[0.653496] (duco_support) StdoutLine: {'line': b'-- Installing: /home/user/ws_siasun/install/duco_support/share/duco_support/collision/double_arm/right_arm_link5.STL\n'}
[0.654069] (duco_support) StdoutLine: {'line': b'-- Installing: /home/user/ws_siasun/install/duco_support/share/duco_support/collision/GCR30_1100\n'}
[0.654171] (duco_support) StdoutLine: {'line': b'-- Installing: /home/user/ws_siasun/install/duco_support/share/duco_support/collision/GCR30_1100/link_2.stl\n'}
[0.654354] (duco_support) StdoutLine: {'line': b'-- Installing: /home/user/ws_siasun/install/duco_support/share/duco_support/collision/GCR30_1100/link_1.stl\n'}
[0.654711] (duco_support) StdoutLine: {'line': b'-- Installing: /home/user/ws_siasun/install/duco_support/share/duco_support/collision/GCR30_1100/base_link.stl\n'}
[0.654885] (duco_support) StdoutLine: {'line': b'-- Installing: /home/user/ws_siasun/install/duco_support/share/duco_support/collision/GCR30_1100/link_6.stl\n'}
[0.655016] (duco_support) StdoutLine: {'line': b'-- Installing: /home/user/ws_siasun/install/duco_support/share/duco_support/collision/GCR30_1100/link_5.stl\n'}
[0.655281] (duco_support) StdoutLine: {'line': b'-- Installing: /home/user/ws_siasun/install/duco_support/share/duco_support/collision/GCR30_1100/link_4.stl\n'}
[0.655562] (duco_support) StdoutLine: {'line': b'-- Installing: /home/user/ws_siasun/install/duco_support/share/duco_support/collision/GCR30_1100/link_3.stl\n'}
[0.655877] (duco_support) StdoutLine: {'line': b'-- Installing: /home/user/ws_siasun/install/duco_support/share/duco_support/collision/GCR16_2000\n'}
[0.655974] (duco_support) StdoutLine: {'line': b'-- Installing: /home/user/ws_siasun/install/duco_support/share/duco_support/collision/GCR16_2000/link_2.stl\n'}
[0.656210] (duco_support) StdoutLine: {'line': b'-- Installing: /home/user/ws_siasun/install/duco_support/share/duco_support/collision/GCR16_2000/link_1.stl\n'}
[0.656353] (duco_support) StdoutLine: {'line': b'-- Installing: /home/user/ws_siasun/install/duco_support/share/duco_support/collision/GCR16_2000/base_link.stl\n'}
[0.656487] (duco_support) StdoutLine: {'line': b'-- Installing: /home/user/ws_siasun/install/duco_support/share/duco_support/collision/GCR16_2000/link_6.stl\n'}
[0.656850] (duco_support) StdoutLine: {'line': b'-- Installing: /home/user/ws_siasun/install/duco_support/share/duco_support/collision/GCR16_2000/link_5.stl\n'}
[0.657076] (duco_support) StdoutLine: {'line': b'-- Installing: /home/user/ws_siasun/install/duco_support/share/duco_support/collision/GCR16_2000/link_4.stl\n'}
[0.657309] (duco_support) StdoutLine: {'line': b'-- Installing: /home/user/ws_siasun/install/duco_support/share/duco_support/collision/GCR16_2000/link_3.stl\n'}
[0.657577] (duco_support) StdoutLine: {'line': b'-- Installing: /home/user/ws_siasun/install/duco_support/share/duco_support/collision/GCR16_960\n'}
[0.657681] (duco_support) StdoutLine: {'line': b'-- Installing: /home/user/ws_siasun/install/duco_support/share/duco_support/collision/GCR16_960/link_2.stl\n'}
[0.658068] (duco_support) StdoutLine: {'line': b'-- Installing: /home/user/ws_siasun/install/duco_support/share/duco_support/collision/GCR16_960/link_1.stl\n'}
[0.658233] (duco_support) StdoutLine: {'line': b'-- Installing: /home/user/ws_siasun/install/duco_support/share/duco_support/collision/GCR16_960/base_link.stl\n'}
[0.658378] (duco_support) StdoutLine: {'line': b'-- Installing: /home/user/ws_siasun/install/duco_support/share/duco_support/collision/GCR16_960/link_6.stl\n'}
[0.658471] (duco_support) StdoutLine: {'line': b'-- Installing: /home/user/ws_siasun/install/duco_support/share/duco_support/collision/GCR16_960/link_5.stl\n'}
[0.658780] (duco_support) StdoutLine: {'line': b'-- Installing: /home/user/ws_siasun/install/duco_support/share/duco_support/collision/GCR16_960/link_4.stl\n'}
[0.658989] (duco_support) StdoutLine: {'line': b'-- Installing: /home/user/ws_siasun/install/duco_support/share/duco_support/collision/GCR16_960/link_3.stl\n'}
[0.659295] (duco_support) StdoutLine: {'line': b'-- Installing: /home/user/ws_siasun/install/duco_support/share/duco_support/collision/GCR3_618\n'}
[0.659376] (duco_support) StdoutLine: {'line': b'-- Installing: /home/user/ws_siasun/install/duco_support/share/duco_support/collision/GCR3_618/link_5.STL\n'}
[0.659625] (duco_support) StdoutLine: {'line': b'-- Installing: /home/user/ws_siasun/install/duco_support/share/duco_support/collision/GCR3_618/base_link.STL\n'}
[0.660255] (duco_support) StdoutLine: {'line': b'-- Installing: /home/user/ws_siasun/install/duco_support/share/duco_support/collision/GCR3_618/link_6.STL\n'}
[0.660481] (duco_support) StdoutLine: {'line': b'-- Installing: /home/user/ws_siasun/install/duco_support/share/duco_support/collision/GCR3_618/link_3.STL\n'}
[0.660905] (duco_support) StdoutLine: {'line': b'-- Installing: /home/user/ws_siasun/install/duco_support/share/duco_support/collision/GCR3_618/link_2.STL\n'}
[0.661479] (duco_support) StdoutLine: {'line': b'-- Installing: /home/user/ws_siasun/install/duco_support/share/duco_support/collision/GCR3_618/link_4.STL\n'}
[0.661710] (duco_support) StdoutLine: {'line': b'-- Installing: /home/user/ws_siasun/install/duco_support/share/duco_support/collision/GCR3_618/link_1.STL\n'}
[0.661946] (duco_support) StdoutLine: {'line': b'-- Installing: /home/user/ws_siasun/install/duco_support/share/duco_support/collision/RIGHT_ARM_0219\n'}
[0.662027] (duco_support) StdoutLine: {'line': b'-- Installing: /home/user/ws_siasun/install/duco_support/share/duco_support/collision/RIGHT_ARM_0219/J6_Link.STL\n'}
[0.662505] (duco_support) StdoutLine: {'line': b'-- Installing: /home/user/ws_siasun/install/duco_support/share/duco_support/collision/RIGHT_ARM_0219/base_link.STL\n'}
[0.662933] (duco_support) StdoutLine: {'line': b'-- Installing: /home/user/ws_siasun/install/duco_support/share/duco_support/collision/RIGHT_ARM_0219/J2_Link.STL\n'}
[0.663578] (duco_support) StdoutLine: {'line': b'-- Installing: /home/user/ws_siasun/install/duco_support/share/duco_support/collision/RIGHT_ARM_0219/J1_Link.STL\n'}
[0.664179] (duco_support) StdoutLine: {'line': b'-- Installing: /home/user/ws_siasun/install/duco_support/share/duco_support/collision/RIGHT_ARM_0219/J3_Link.STL\n'}
[0.664738] (duco_support) StdoutLine: {'line': b'-- Installing: /home/user/ws_siasun/install/duco_support/share/duco_support/collision/RIGHT_ARM_0219/J7_Link.STL\n'}
[0.664921] (duco_support) StdoutLine: {'line': b'-- Installing: /home/user/ws_siasun/install/duco_support/share/duco_support/collision/RIGHT_ARM_0219/J5_Link.STL\n'}
[0.665529] (duco_support) StdoutLine: {'line': b'-- Installing: /home/user/ws_siasun/install/duco_support/share/duco_support/collision/RIGHT_ARM_0219/J4_Link.STL\n'}
[0.667496] (duco_support) CommandEnded: {'returncode': 0}
[0.681775] (duco_support) JobEnded: {'identifier': 'duco_support', 'rc': 0}
[0.682238] (duco_arms) JobStarted: {'identifier': 'duco_arms'}
[0.683904] (duco_gcr3_618_moveit_config) JobStarted: {'identifier': 'duco_gcr3_618_moveit_config'}
[0.686462] (duco_arms) JobProgress: {'identifier': 'duco_arms', 'progress': 'cmake'}
[0.686902] (duco_arms) Command: {'cmd': ['/usr/bin/cmake', '/home/user/ws_siasun/src/duco_arms', '-DCMAKE_INSTALL_PREFIX=/home/user/ws_siasun/install/duco_arms'], 'cwd': '/home/user/ws_siasun/build/duco_arms', 'env': OrderedDict([('PYTHON_BASIC_REPL', '1'), ('LESSOPEN', '| /usr/bin/lesspipe %s'), ('no_proxy', 'localhost,127.0.0.0/8,::1'), ('LANGUAGE', 'zh_CN:zh'), ('USER', 'user'), ('XDG_SESSION_TYPE', 'wayland'), ('SHLVL', '2'), ('LD_LIBRARY_PATH', '/opt/ros/humble/opt/rviz_ogre_vendor/lib:/opt/ros/humble/lib/x86_64-linux-gnu:/opt/ros/humble/lib'), ('HOME', '/home/user'), ('CHROME_DESKTOP', 'code.desktop'), ('TERM_PROGRAM_VERSION', '1.98.2'), ('DESKTOP_SESSION', 'ubuntu'), ('NO_PROXY', 'localhost,127.0.0.0/8,::1'), ('ROS_PYTHON_VERSION', '3'), ('GNOME_SHELL_SESSION_MODE', 'ubuntu'), ('GTK_MODULES', 'gail:atk-bridge'), ('DBUS_STARTER_BUS_TYPE', 'session'), ('SYSTEMD_EXEC_PID', '1152'), ('DBUS_SESSION_BUS_ADDRESS', 'unix:path=/run/user/1000/bus,guid=29aa453e04d6fd81a7f888c968edb0a6'), ('COLORTERM', 'truecolor'), ('IM_CONFIG_PHASE', '1'), ('WAYLAND_DISPLAY', 'wayland-0'), ('ROS_DISTRO', 'humble'), ('LOGNAME', 'user'), ('http_proxy', 'http://127.0.0.1:7890/'), ('_', '/usr/bin/colcon'), ('ROS_VERSION', '2'), ('XDG_SESSION_CLASS', 'user'), ('USERNAME', 'user'), ('TERM', 'xterm-256color'), ('GNOME_DESKTOP_SESSION_ID', 'this-is-deprecated'), ('ROS_LOCALHOST_ONLY', '0'), ('PATH', '/opt/ros/humble/bin:/usr/local/sbin:/usr/local/bin:/usr/sbin:/usr/bin:/sbin:/bin:/usr/games:/usr/local/games:/snap/bin:/snap/bin'), ('SESSION_MANAGER', 'local/user-Default-string:@/tmp/.ICE-unix/1152,unix/user-Default-string:/tmp/.ICE-unix/1152'), ('XDG_MENU_PREFIX', 'gnome-'), ('GNOME_TERMINAL_SCREEN', '/org/gnome/Terminal/screen/605294d2_5418_4e5f_b2e7_5a2a21147e6f'), ('GNOME_SETUP_DISPLAY', ':1'), ('XDG_RUNTIME_DIR', '/run/user/1000'), ('GDK_BACKEND', 'x11'), ('DISPLAY', ':0'), ('LANG', 'zh_CN.UTF-8'), ('XDG_CURRENT_DESKTOP', 'Unity'), ('PYTHONSTARTUP', '/home/user/.config/Code/User/workspaceStorage/0e147a0a2fd8792e328fcddb38a40cd9/ms-python.python/pythonrc.py'), ('XMODIFIERS', '@im=ibus'), ('XDG_SESSION_DESKTOP', 'ubuntu'), ('XAUTHORITY', '/run/user/1000/.mutter-Xwaylandauth.ATR2D3'), ('LS_COLORS', 'rs=0:di=01;34:ln=01;36:mh=00:pi=40;33:so=01;35:do=01;35:bd=40;33;01:cd=40;33;01:or=40;31;01:mi=00:su=37;41:sg=30;43:ca=30;41:tw=30;42:ow=34;42:st=37;44:ex=01;32:*.tar=01;31:*.tgz=01;31:*.arc=01;31:*.arj=01;31:*.taz=01;31:*.lha=01;31:*.lz4=01;31:*.lzh=01;31:*.lzma=01;31:*.tlz=01;31:*.txz=01;31:*.tzo=01;31:*.t7z=01;31:*.zip=01;31:*.z=01;31:*.dz=01;31:*.gz=01;31:*.lrz=01;31:*.lz=01;31:*.lzo=01;31:*.xz=01;31:*.zst=01;31:*.tzst=01;31:*.bz2=01;31:*.bz=01;31:*.tbz=01;31:*.tbz2=01;31:*.tz=01;31:*.deb=01;31:*.rpm=01;31:*.jar=01;31:*.war=01;31:*.ear=01;31:*.sar=01;31:*.rar=01;31:*.alz=01;31:*.ace=01;31:*.zoo=01;31:*.cpio=01;31:*.7z=01;31:*.rz=01;31:*.cab=01;31:*.wim=01;31:*.swm=01;31:*.dwm=01;31:*.esd=01;31:*.jpg=01;35:*.jpeg=01;35:*.mjpg=01;35:*.mjpeg=01;35:*.gif=01;35:*.bmp=01;35:*.pbm=01;35:*.pgm=01;35:*.ppm=01;35:*.tga=01;35:*.xbm=01;35:*.xpm=01;35:*.tif=01;35:*.tiff=01;35:*.png=01;35:*.svg=01;35:*.svgz=01;35:*.mng=01;35:*.pcx=01;35:*.mov=01;35:*.mpg=01;35:*.mpeg=01;35:*.m2v=01;35:*.mkv=01;35:*.webm=01;35:*.webp=01;35:*.ogm=01;35:*.mp4=01;35:*.m4v=01;35:*.mp4v=01;35:*.vob=01;35:*.qt=01;35:*.nuv=01;35:*.wmv=01;35:*.asf=01;35:*.rm=01;35:*.rmvb=01;35:*.flc=01;35:*.avi=01;35:*.fli=01;35:*.flv=01;35:*.gl=01;35:*.dl=01;35:*.xcf=01;35:*.xwd=01;35:*.yuv=01;35:*.cgm=01;35:*.emf=01;35:*.ogv=01;35:*.ogx=01;35:*.aac=00;36:*.au=00;36:*.flac=00;36:*.m4a=00;36:*.mid=00;36:*.midi=00;36:*.mka=00;36:*.mp3=00;36:*.mpc=00;36:*.ogg=00;36:*.ra=00;36:*.wav=00;36:*.oga=00;36:*.opus=00;36:*.spx=00;36:*.xspf=00;36:'), ('GNOME_TERMINAL_SERVICE', ':1.131'), ('TERM_PROGRAM', 'vscode'), ('SSH_AGENT_LAUNCHER', 'gnome-keyring'), ('SSH_AUTH_SOCK', '/run/user/1000/keyring/ssh'), ('AMENT_PREFIX_PATH', '/home/user/ws_siasun/install/duco_support:/opt/ros/humble'), ('ORIGINAL_XDG_CURRENT_DESKTOP', 'ubuntu:GNOME'), ('SHELL', '/bin/bash'), ('QT_ACCESSIBILITY', '1'), ('GDMSESSION', 'ubuntu'), ('LESSCLOSE', '/usr/bin/lesspipe %s %s'), ('QT_IM_MODULE', 'ibus'), ('PWD', '/home/user/ws_siasun/build/duco_arms'), ('XDG_CONFIG_DIRS', '/etc/xdg/xdg-ubuntu:/etc/xdg'), ('DBUS_STARTER_ADDRESS', 'unix:path=/run/user/1000/bus,guid=29aa453e04d6fd81a7f888c968edb0a6'), ('XDG_DATA_DIRS', '/usr/share/ubuntu:/usr/local/share/:/usr/share/:/var/lib/snapd/desktop'), ('PYTHONPATH', '/opt/ros/humble/lib/python3.10/site-packages:/opt/ros/humble/local/lib/python3.10/dist-packages'), ('HTTP_PROXY', 'http://127.0.0.1:7890/'), ('COLCON', '1'), ('VTE_VERSION', '6800'), ('CMAKE_PREFIX_PATH', '/home/user/ws_siasun/install/duco_support:/opt/ros/humble')]), 'shell': False}
[0.688761] (duco_gcr3_618_moveit_config) JobProgress: {'identifier': 'duco_gcr3_618_moveit_config', 'progress': 'cmake'}
[0.689202] (duco_gcr3_618_moveit_config) Command: {'cmd': ['/usr/bin/cmake', '/home/user/ws_siasun/src/duco_gcr3_618_moveit_config', '-DCMAKE_INSTALL_PREFIX=/home/user/ws_siasun/install/duco_gcr3_618_moveit_config'], 'cwd': '/home/user/ws_siasun/build/duco_gcr3_618_moveit_config', 'env': OrderedDict([('PYTHON_BASIC_REPL', '1'), ('LESSOPEN', '| /usr/bin/lesspipe %s'), ('no_proxy', 'localhost,127.0.0.0/8,::1'), ('LANGUAGE', 'zh_CN:zh'), ('USER', 'user'), ('XDG_SESSION_TYPE', 'wayland'), ('SHLVL', '2'), ('LD_LIBRARY_PATH', '/opt/ros/humble/opt/rviz_ogre_vendor/lib:/opt/ros/humble/lib/x86_64-linux-gnu:/opt/ros/humble/lib'), ('HOME', '/home/user'), ('CHROME_DESKTOP', 'code.desktop'), ('TERM_PROGRAM_VERSION', '1.98.2'), ('DESKTOP_SESSION', 'ubuntu'), ('NO_PROXY', 'localhost,127.0.0.0/8,::1'), ('ROS_PYTHON_VERSION', '3'), ('GNOME_SHELL_SESSION_MODE', 'ubuntu'), ('GTK_MODULES', 'gail:atk-bridge'), ('DBUS_STARTER_BUS_TYPE', 'session'), ('SYSTEMD_EXEC_PID', '1152'), ('DBUS_SESSION_BUS_ADDRESS', 'unix:path=/run/user/1000/bus,guid=29aa453e04d6fd81a7f888c968edb0a6'), ('COLORTERM', 'truecolor'), ('IM_CONFIG_PHASE', '1'), ('WAYLAND_DISPLAY', 'wayland-0'), ('ROS_DISTRO', 'humble'), ('LOGNAME', 'user'), ('http_proxy', 'http://127.0.0.1:7890/'), ('_', '/usr/bin/colcon'), ('ROS_VERSION', '2'), ('XDG_SESSION_CLASS', 'user'), ('USERNAME', 'user'), ('TERM', 'xterm-256color'), ('GNOME_DESKTOP_SESSION_ID', 'this-is-deprecated'), ('ROS_LOCALHOST_ONLY', '0'), ('PATH', '/opt/ros/humble/bin:/usr/local/sbin:/usr/local/bin:/usr/sbin:/usr/bin:/sbin:/bin:/usr/games:/usr/local/games:/snap/bin:/snap/bin'), ('SESSION_MANAGER', 'local/user-Default-string:@/tmp/.ICE-unix/1152,unix/user-Default-string:/tmp/.ICE-unix/1152'), ('XDG_MENU_PREFIX', 'gnome-'), ('GNOME_TERMINAL_SCREEN', '/org/gnome/Terminal/screen/605294d2_5418_4e5f_b2e7_5a2a21147e6f'), ('GNOME_SETUP_DISPLAY', ':1'), ('XDG_RUNTIME_DIR', '/run/user/1000'), ('GDK_BACKEND', 'x11'), ('DISPLAY', ':0'), ('LANG', 'zh_CN.UTF-8'), ('XDG_CURRENT_DESKTOP', 'Unity'), ('PYTHONSTARTUP', '/home/user/.config/Code/User/workspaceStorage/0e147a0a2fd8792e328fcddb38a40cd9/ms-python.python/pythonrc.py'), ('XMODIFIERS', '@im=ibus'), ('XDG_SESSION_DESKTOP', 'ubuntu'), ('XAUTHORITY', '/run/user/1000/.mutter-Xwaylandauth.ATR2D3'), ('LS_COLORS', 'rs=0:di=01;34:ln=01;36:mh=00:pi=40;33:so=01;35:do=01;35:bd=40;33;01:cd=40;33;01:or=40;31;01:mi=00:su=37;41:sg=30;43:ca=30;41:tw=30;42:ow=34;42:st=37;44:ex=01;32:*.tar=01;31:*.tgz=01;31:*.arc=01;31:*.arj=01;31:*.taz=01;31:*.lha=01;31:*.lz4=01;31:*.lzh=01;31:*.lzma=01;31:*.tlz=01;31:*.txz=01;31:*.tzo=01;31:*.t7z=01;31:*.zip=01;31:*.z=01;31:*.dz=01;31:*.gz=01;31:*.lrz=01;31:*.lz=01;31:*.lzo=01;31:*.xz=01;31:*.zst=01;31:*.tzst=01;31:*.bz2=01;31:*.bz=01;31:*.tbz=01;31:*.tbz2=01;31:*.tz=01;31:*.deb=01;31:*.rpm=01;31:*.jar=01;31:*.war=01;31:*.ear=01;31:*.sar=01;31:*.rar=01;31:*.alz=01;31:*.ace=01;31:*.zoo=01;31:*.cpio=01;31:*.7z=01;31:*.rz=01;31:*.cab=01;31:*.wim=01;31:*.swm=01;31:*.dwm=01;31:*.esd=01;31:*.jpg=01;35:*.jpeg=01;35:*.mjpg=01;35:*.mjpeg=01;35:*.gif=01;35:*.bmp=01;35:*.pbm=01;35:*.pgm=01;35:*.ppm=01;35:*.tga=01;35:*.xbm=01;35:*.xpm=01;35:*.tif=01;35:*.tiff=01;35:*.png=01;35:*.svg=01;35:*.svgz=01;35:*.mng=01;35:*.pcx=01;35:*.mov=01;35:*.mpg=01;35:*.mpeg=01;35:*.m2v=01;35:*.mkv=01;35:*.webm=01;35:*.webp=01;35:*.ogm=01;35:*.mp4=01;35:*.m4v=01;35:*.mp4v=01;35:*.vob=01;35:*.qt=01;35:*.nuv=01;35:*.wmv=01;35:*.asf=01;35:*.rm=01;35:*.rmvb=01;35:*.flc=01;35:*.avi=01;35:*.fli=01;35:*.flv=01;35:*.gl=01;35:*.dl=01;35:*.xcf=01;35:*.xwd=01;35:*.yuv=01;35:*.cgm=01;35:*.emf=01;35:*.ogv=01;35:*.ogx=01;35:*.aac=00;36:*.au=00;36:*.flac=00;36:*.m4a=00;36:*.mid=00;36:*.midi=00;36:*.mka=00;36:*.mp3=00;36:*.mpc=00;36:*.ogg=00;36:*.ra=00;36:*.wav=00;36:*.oga=00;36:*.opus=00;36:*.spx=00;36:*.xspf=00;36:'), ('GNOME_TERMINAL_SERVICE', ':1.131'), ('TERM_PROGRAM', 'vscode'), ('SSH_AGENT_LAUNCHER', 'gnome-keyring'), ('SSH_AUTH_SOCK', '/run/user/1000/keyring/ssh'), ('AMENT_PREFIX_PATH', '/home/user/ws_siasun/install/duco_support:/opt/ros/humble'), ('ORIGINAL_XDG_CURRENT_DESKTOP', 'ubuntu:GNOME'), ('SHELL', '/bin/bash'), ('QT_ACCESSIBILITY', '1'), ('GDMSESSION', 'ubuntu'), ('LESSCLOSE', '/usr/bin/lesspipe %s %s'), ('QT_IM_MODULE', 'ibus'), ('PWD', '/home/user/ws_siasun/build/duco_gcr3_618_moveit_config'), ('XDG_CONFIG_DIRS', '/etc/xdg/xdg-ubuntu:/etc/xdg'), ('DBUS_STARTER_ADDRESS', 'unix:path=/run/user/1000/bus,guid=29aa453e04d6fd81a7f888c968edb0a6'), ('XDG_DATA_DIRS', '/usr/share/ubuntu:/usr/local/share/:/usr/share/:/var/lib/snapd/desktop'), ('PYTHONPATH', '/opt/ros/humble/lib/python3.10/site-packages:/opt/ros/humble/local/lib/python3.10/dist-packages'), ('HTTP_PROXY', 'http://127.0.0.1:7890/'), ('COLCON', '1'), ('VTE_VERSION', '6800'), ('CMAKE_PREFIX_PATH', '/home/user/ws_siasun/install/duco_support:/opt/ros/humble')]), 'shell': False}
[0.700209] (-) TimerEvent: {}
[0.732121] (duco_gcr3_618_moveit_config) StdoutLine: {'line': b'-- The C compiler identification is GNU 11.4.0\n'}
[0.733515] (duco_arms) StdoutLine: {'line': b'-- The C compiler identification is GNU 11.4.0\n'}
[0.743325] (aivt_interfaces) StdoutLine: {'line': b'-- Found ament_cmake_ros: 0.10.0 (/opt/ros/humble/share/ament_cmake_ros/cmake)\n'}
[0.774882] (duco_gcr3_618_moveit_config) StdoutLine: {'line': b'-- The CXX compiler identification is GNU 11.4.0\n'}
[0.779493] (duco_arms) StdoutLine: {'line': b'-- The CXX compiler identification is GNU 11.4.0\n'}
[0.779965] (duco_gcr3_618_moveit_config) StdoutLine: {'line': b'-- Detecting C compiler ABI info\n'}
[0.783859] (duco_arms) StdoutLine: {'line': b'-- Detecting C compiler ABI info\n'}
[0.800333] (-) TimerEvent: {}
[0.825822] (duco_gcr3_618_moveit_config) StdoutLine: {'line': b'-- Detecting C compiler ABI info - done\n'}
[0.833443] (duco_gcr3_618_moveit_config) StdoutLine: {'line': b'-- Check for working C compiler: /usr/bin/cc - skipped\n'}
[0.833639] (duco_gcr3_618_moveit_config) StdoutLine: {'line': b'-- Detecting C compile features\n'}
[0.833901] (duco_arms) StdoutLine: {'line': b'-- Detecting C compiler ABI info - done\n'}
[0.834022] (duco_gcr3_618_moveit_config) StdoutLine: {'line': b'-- Detecting C compile features - done\n'}
[0.836869] (duco_gcr3_618_moveit_config) StdoutLine: {'line': b'-- Detecting CXX compiler ABI info\n'}
[0.841283] (duco_arms) StdoutLine: {'line': b'-- Check for working C compiler: /usr/bin/cc - skipped\n'}
[0.841528] (duco_arms) StdoutLine: {'line': b'-- Detecting C compile features\n'}
[0.841926] (duco_arms) StdoutLine: {'line': b'-- Detecting C compile features - done\n'}
[0.844748] (duco_arms) StdoutLine: {'line': b'-- Detecting CXX compiler ABI info\n'}
[0.891499] (duco_msg) StdoutLine: {'line': b'-- Found ament_cmake_ros: 0.10.0 (/opt/ros/humble/share/ament_cmake_ros/cmake)\n'}
[0.893538] (aivt_interfaces) StdoutLine: {'line': b'-- Using all available rosidl_typesupport_c: rosidl_typesupport_fastrtps_c;rosidl_typesupport_introspection_c\n'}
[0.900437] (-) TimerEvent: {}
[0.905381] (duco_gcr3_618_moveit_config) StdoutLine: {'line': b'-- Detecting CXX compiler ABI info - done\n'}
[0.905570] (duco_arms) StdoutLine: {'line': b'-- Detecting CXX compiler ABI info - done\n'}
[0.913502] (duco_gcr3_618_moveit_config) StdoutLine: {'line': b'-- Check for working CXX compiler: /usr/bin/c++ - skipped\n'}
[0.913696] (duco_arms) StdoutLine: {'line': b'-- Check for working CXX compiler: /usr/bin/c++ - skipped\n'}
[0.913803] (duco_gcr3_618_moveit_config) StdoutLine: {'line': b'-- Detecting CXX compile features\n'}
[0.913903] (duco_arms) StdoutLine: {'line': b'-- Detecting CXX compile features\n'}
[0.914133] (duco_gcr3_618_moveit_config) StdoutLine: {'line': b'-- Detecting CXX compile features - done\n'}
[0.914292] (duco_arms) StdoutLine: {'line': b'-- Detecting CXX compile features - done\n'}
[0.916296] (duco_gcr3_618_moveit_config) StdoutLine: {'line': b'-- Found ament_cmake: 1.3.11 (/opt/ros/humble/share/ament_cmake/cmake)\n'}
[0.916394] (duco_arms) StdoutLine: {'line': b'-- Found ament_cmake: 1.3.11 (/opt/ros/humble/share/ament_cmake/cmake)\n'}
[1.000529] (-) TimerEvent: {}
[1.042769] (duco_gcr3_618_moveit_config) StdoutLine: {'line': b'-- Found Python3: /usr/bin/python3 (found version "3.10.12") found components: Interpreter \n'}
[1.044287] (duco_arms) StdoutLine: {'line': b'-- Found Python3: /usr/bin/python3 (found version "3.10.12") found components: Interpreter \n'}
[1.079508] (aivt_interfaces) StdoutLine: {'line': b'-- Using all available rosidl_typesupport_cpp: rosidl_typesupport_fastrtps_cpp;rosidl_typesupport_introspection_cpp\n'}
[1.098467] (aivt_interfaces) StdoutLine: {'line': b'-- Found PythonInterp: /usr/bin/python3 (found suitable version "3.10.12", minimum required is "3.6") \n'}
[1.099772] (aivt_interfaces) StdoutLine: {'line': b'-- Found python_cmake_module: 0.10.0 (/opt/ros/humble/share/python_cmake_module/cmake)\n'}
[1.100599] (-) TimerEvent: {}
[1.125150] (aivt_interfaces) StdoutLine: {'line': b'-- Found PythonLibs: /usr/lib/x86_64-linux-gnu/libpython3.10.so (found suitable version "3.10.12", minimum required is "3.5") \n'}
[1.125274] (aivt_interfaces) StdoutLine: {'line': b'-- Using PYTHON_EXECUTABLE: /usr/bin/python3\n'}
[1.125309] (aivt_interfaces) StdoutLine: {'line': b'-- Using PYTHON_INCLUDE_DIRS: /usr/include/python3.10\n'}
[1.125338] (aivt_interfaces) StdoutLine: {'line': b'-- Using PYTHON_LIBRARIES: /usr/lib/x86_64-linux-gnu/libpython3.10.so\n'}
[1.144938] (aivt_interfaces) StdoutLine: {'line': b'-- Found PythonExtra: .so  \n'}
[1.150907] (duco_gcr3_618_moveit_config) StdoutLine: {'line': b'-- Configuring done\n'}
[1.152347] (duco_gcr3_618_moveit_config) StdoutLine: {'line': b'-- Generating done\n'}
[1.153447] (duco_gcr3_618_moveit_config) StdoutLine: {'line': b'-- Build files have been written to: /home/user/ws_siasun/build/duco_gcr3_618_moveit_config\n'}
[1.156330] (duco_gcr3_618_moveit_config) CommandEnded: {'returncode': 0}
[1.156846] (duco_gcr3_618_moveit_config) JobProgress: {'identifier': 'duco_gcr3_618_moveit_config', 'progress': 'build'}
[1.157144] (duco_gcr3_618_moveit_config) Command: {'cmd': ['/usr/bin/cmake', '--build', '/home/user/ws_siasun/build/duco_gcr3_618_moveit_config', '--', '-j16', '-l16'], 'cwd': '/home/user/ws_siasun/build/duco_gcr3_618_moveit_config', 'env': OrderedDict([('PYTHON_BASIC_REPL', '1'), ('LESSOPEN', '| /usr/bin/lesspipe %s'), ('no_proxy', 'localhost,127.0.0.0/8,::1'), ('LANGUAGE', 'zh_CN:zh'), ('USER', 'user'), ('XDG_SESSION_TYPE', 'wayland'), ('SHLVL', '2'), ('LD_LIBRARY_PATH', '/opt/ros/humble/opt/rviz_ogre_vendor/lib:/opt/ros/humble/lib/x86_64-linux-gnu:/opt/ros/humble/lib'), ('HOME', '/home/user'), ('CHROME_DESKTOP', 'code.desktop'), ('TERM_PROGRAM_VERSION', '1.98.2'), ('DESKTOP_SESSION', 'ubuntu'), ('NO_PROXY', 'localhost,127.0.0.0/8,::1'), ('ROS_PYTHON_VERSION', '3'), ('GNOME_SHELL_SESSION_MODE', 'ubuntu'), ('GTK_MODULES', 'gail:atk-bridge'), ('DBUS_STARTER_BUS_TYPE', 'session'), ('SYSTEMD_EXEC_PID', '1152'), ('DBUS_SESSION_BUS_ADDRESS', 'unix:path=/run/user/1000/bus,guid=29aa453e04d6fd81a7f888c968edb0a6'), ('COLORTERM', 'truecolor'), ('IM_CONFIG_PHASE', '1'), ('WAYLAND_DISPLAY', 'wayland-0'), ('ROS_DISTRO', 'humble'), ('LOGNAME', 'user'), ('http_proxy', 'http://127.0.0.1:7890/'), ('_', '/usr/bin/colcon'), ('ROS_VERSION', '2'), ('XDG_SESSION_CLASS', 'user'), ('USERNAME', 'user'), ('TERM', 'xterm-256color'), ('GNOME_DESKTOP_SESSION_ID', 'this-is-deprecated'), ('ROS_LOCALHOST_ONLY', '0'), ('PATH', '/opt/ros/humble/bin:/usr/local/sbin:/usr/local/bin:/usr/sbin:/usr/bin:/sbin:/bin:/usr/games:/usr/local/games:/snap/bin:/snap/bin'), ('SESSION_MANAGER', 'local/user-Default-string:@/tmp/.ICE-unix/1152,unix/user-Default-string:/tmp/.ICE-unix/1152'), ('XDG_MENU_PREFIX', 'gnome-'), ('GNOME_TERMINAL_SCREEN', '/org/gnome/Terminal/screen/605294d2_5418_4e5f_b2e7_5a2a21147e6f'), ('GNOME_SETUP_DISPLAY', ':1'), ('XDG_RUNTIME_DIR', '/run/user/1000'), ('GDK_BACKEND', 'x11'), ('DISPLAY', ':0'), ('LANG', 'zh_CN.UTF-8'), ('XDG_CURRENT_DESKTOP', 'Unity'), ('PYTHONSTARTUP', '/home/user/.config/Code/User/workspaceStorage/0e147a0a2fd8792e328fcddb38a40cd9/ms-python.python/pythonrc.py'), ('XMODIFIERS', '@im=ibus'), ('XDG_SESSION_DESKTOP', 'ubuntu'), ('XAUTHORITY', '/run/user/1000/.mutter-Xwaylandauth.ATR2D3'), ('LS_COLORS', 'rs=0:di=01;34:ln=01;36:mh=00:pi=40;33:so=01;35:do=01;35:bd=40;33;01:cd=40;33;01:or=40;31;01:mi=00:su=37;41:sg=30;43:ca=30;41:tw=30;42:ow=34;42:st=37;44:ex=01;32:*.tar=01;31:*.tgz=01;31:*.arc=01;31:*.arj=01;31:*.taz=01;31:*.lha=01;31:*.lz4=01;31:*.lzh=01;31:*.lzma=01;31:*.tlz=01;31:*.txz=01;31:*.tzo=01;31:*.t7z=01;31:*.zip=01;31:*.z=01;31:*.dz=01;31:*.gz=01;31:*.lrz=01;31:*.lz=01;31:*.lzo=01;31:*.xz=01;31:*.zst=01;31:*.tzst=01;31:*.bz2=01;31:*.bz=01;31:*.tbz=01;31:*.tbz2=01;31:*.tz=01;31:*.deb=01;31:*.rpm=01;31:*.jar=01;31:*.war=01;31:*.ear=01;31:*.sar=01;31:*.rar=01;31:*.alz=01;31:*.ace=01;31:*.zoo=01;31:*.cpio=01;31:*.7z=01;31:*.rz=01;31:*.cab=01;31:*.wim=01;31:*.swm=01;31:*.dwm=01;31:*.esd=01;31:*.jpg=01;35:*.jpeg=01;35:*.mjpg=01;35:*.mjpeg=01;35:*.gif=01;35:*.bmp=01;35:*.pbm=01;35:*.pgm=01;35:*.ppm=01;35:*.tga=01;35:*.xbm=01;35:*.xpm=01;35:*.tif=01;35:*.tiff=01;35:*.png=01;35:*.svg=01;35:*.svgz=01;35:*.mng=01;35:*.pcx=01;35:*.mov=01;35:*.mpg=01;35:*.mpeg=01;35:*.m2v=01;35:*.mkv=01;35:*.webm=01;35:*.webp=01;35:*.ogm=01;35:*.mp4=01;35:*.m4v=01;35:*.mp4v=01;35:*.vob=01;35:*.qt=01;35:*.nuv=01;35:*.wmv=01;35:*.asf=01;35:*.rm=01;35:*.rmvb=01;35:*.flc=01;35:*.avi=01;35:*.fli=01;35:*.flv=01;35:*.gl=01;35:*.dl=01;35:*.xcf=01;35:*.xwd=01;35:*.yuv=01;35:*.cgm=01;35:*.emf=01;35:*.ogv=01;35:*.ogx=01;35:*.aac=00;36:*.au=00;36:*.flac=00;36:*.m4a=00;36:*.mid=00;36:*.midi=00;36:*.mka=00;36:*.mp3=00;36:*.mpc=00;36:*.ogg=00;36:*.ra=00;36:*.wav=00;36:*.oga=00;36:*.opus=00;36:*.spx=00;36:*.xspf=00;36:'), ('GNOME_TERMINAL_SERVICE', ':1.131'), ('TERM_PROGRAM', 'vscode'), ('SSH_AGENT_LAUNCHER', 'gnome-keyring'), ('SSH_AUTH_SOCK', '/run/user/1000/keyring/ssh'), ('AMENT_PREFIX_PATH', '/home/user/ws_siasun/install/duco_support:/opt/ros/humble'), ('ORIGINAL_XDG_CURRENT_DESKTOP', 'ubuntu:GNOME'), ('SHELL', '/bin/bash'), ('QT_ACCESSIBILITY', '1'), ('GDMSESSION', 'ubuntu'), ('LESSCLOSE', '/usr/bin/lesspipe %s %s'), ('QT_IM_MODULE', 'ibus'), ('PWD', '/home/user/ws_siasun/build/duco_gcr3_618_moveit_config'), ('XDG_CONFIG_DIRS', '/etc/xdg/xdg-ubuntu:/etc/xdg'), ('DBUS_STARTER_ADDRESS', 'unix:path=/run/user/1000/bus,guid=29aa453e04d6fd81a7f888c968edb0a6'), ('XDG_DATA_DIRS', '/usr/share/ubuntu:/usr/local/share/:/usr/share/:/var/lib/snapd/desktop'), ('PYTHONPATH', '/opt/ros/humble/lib/python3.10/site-packages:/opt/ros/humble/local/lib/python3.10/dist-packages'), ('HTTP_PROXY', 'http://127.0.0.1:7890/'), ('COLCON', '1'), ('VTE_VERSION', '6800'), ('CMAKE_PREFIX_PATH', '/home/user/ws_siasun/install/duco_support:/opt/ros/humble')]), 'shell': False}
[1.174226] (aivt_interfaces) StdoutLine: {'line': b'-- Found ament_lint_auto: 0.12.11 (/opt/ros/humble/share/ament_lint_auto/cmake)\n'}
[1.176367] (duco_arms) StdoutLine: {'line': b'-- Configuring done\n'}
[1.178009] (duco_arms) StdoutLine: {'line': b'-- Generating done\n'}
[1.179196] (duco_arms) StdoutLine: {'line': b'-- Build files have been written to: /home/user/ws_siasun/build/duco_arms\n'}
[1.181706] (duco_arms) CommandEnded: {'returncode': 0}
[1.182904] (duco_arms) JobProgress: {'identifier': 'duco_arms', 'progress': 'build'}
[1.182943] (duco_arms) Command: {'cmd': ['/usr/bin/cmake', '--build', '/home/user/ws_siasun/build/duco_arms', '--', '-j16', '-l16'], 'cwd': '/home/user/ws_siasun/build/duco_arms', 'env': OrderedDict([('PYTHON_BASIC_REPL', '1'), ('LESSOPEN', '| /usr/bin/lesspipe %s'), ('no_proxy', 'localhost,127.0.0.0/8,::1'), ('LANGUAGE', 'zh_CN:zh'), ('USER', 'user'), ('XDG_SESSION_TYPE', 'wayland'), ('SHLVL', '2'), ('LD_LIBRARY_PATH', '/opt/ros/humble/opt/rviz_ogre_vendor/lib:/opt/ros/humble/lib/x86_64-linux-gnu:/opt/ros/humble/lib'), ('HOME', '/home/user'), ('CHROME_DESKTOP', 'code.desktop'), ('TERM_PROGRAM_VERSION', '1.98.2'), ('DESKTOP_SESSION', 'ubuntu'), ('NO_PROXY', 'localhost,127.0.0.0/8,::1'), ('ROS_PYTHON_VERSION', '3'), ('GNOME_SHELL_SESSION_MODE', 'ubuntu'), ('GTK_MODULES', 'gail:atk-bridge'), ('DBUS_STARTER_BUS_TYPE', 'session'), ('SYSTEMD_EXEC_PID', '1152'), ('DBUS_SESSION_BUS_ADDRESS', 'unix:path=/run/user/1000/bus,guid=29aa453e04d6fd81a7f888c968edb0a6'), ('COLORTERM', 'truecolor'), ('IM_CONFIG_PHASE', '1'), ('WAYLAND_DISPLAY', 'wayland-0'), ('ROS_DISTRO', 'humble'), ('LOGNAME', 'user'), ('http_proxy', 'http://127.0.0.1:7890/'), ('_', '/usr/bin/colcon'), ('ROS_VERSION', '2'), ('XDG_SESSION_CLASS', 'user'), ('USERNAME', 'user'), ('TERM', 'xterm-256color'), ('GNOME_DESKTOP_SESSION_ID', 'this-is-deprecated'), ('ROS_LOCALHOST_ONLY', '0'), ('PATH', '/opt/ros/humble/bin:/usr/local/sbin:/usr/local/bin:/usr/sbin:/usr/bin:/sbin:/bin:/usr/games:/usr/local/games:/snap/bin:/snap/bin'), ('SESSION_MANAGER', 'local/user-Default-string:@/tmp/.ICE-unix/1152,unix/user-Default-string:/tmp/.ICE-unix/1152'), ('XDG_MENU_PREFIX', 'gnome-'), ('GNOME_TERMINAL_SCREEN', '/org/gnome/Terminal/screen/605294d2_5418_4e5f_b2e7_5a2a21147e6f'), ('GNOME_SETUP_DISPLAY', ':1'), ('XDG_RUNTIME_DIR', '/run/user/1000'), ('GDK_BACKEND', 'x11'), ('DISPLAY', ':0'), ('LANG', 'zh_CN.UTF-8'), ('XDG_CURRENT_DESKTOP', 'Unity'), ('PYTHONSTARTUP', '/home/user/.config/Code/User/workspaceStorage/0e147a0a2fd8792e328fcddb38a40cd9/ms-python.python/pythonrc.py'), ('XMODIFIERS', '@im=ibus'), ('XDG_SESSION_DESKTOP', 'ubuntu'), ('XAUTHORITY', '/run/user/1000/.mutter-Xwaylandauth.ATR2D3'), ('LS_COLORS', 'rs=0:di=01;34:ln=01;36:mh=00:pi=40;33:so=01;35:do=01;35:bd=40;33;01:cd=40;33;01:or=40;31;01:mi=00:su=37;41:sg=30;43:ca=30;41:tw=30;42:ow=34;42:st=37;44:ex=01;32:*.tar=01;31:*.tgz=01;31:*.arc=01;31:*.arj=01;31:*.taz=01;31:*.lha=01;31:*.lz4=01;31:*.lzh=01;31:*.lzma=01;31:*.tlz=01;31:*.txz=01;31:*.tzo=01;31:*.t7z=01;31:*.zip=01;31:*.z=01;31:*.dz=01;31:*.gz=01;31:*.lrz=01;31:*.lz=01;31:*.lzo=01;31:*.xz=01;31:*.zst=01;31:*.tzst=01;31:*.bz2=01;31:*.bz=01;31:*.tbz=01;31:*.tbz2=01;31:*.tz=01;31:*.deb=01;31:*.rpm=01;31:*.jar=01;31:*.war=01;31:*.ear=01;31:*.sar=01;31:*.rar=01;31:*.alz=01;31:*.ace=01;31:*.zoo=01;31:*.cpio=01;31:*.7z=01;31:*.rz=01;31:*.cab=01;31:*.wim=01;31:*.swm=01;31:*.dwm=01;31:*.esd=01;31:*.jpg=01;35:*.jpeg=01;35:*.mjpg=01;35:*.mjpeg=01;35:*.gif=01;35:*.bmp=01;35:*.pbm=01;35:*.pgm=01;35:*.ppm=01;35:*.tga=01;35:*.xbm=01;35:*.xpm=01;35:*.tif=01;35:*.tiff=01;35:*.png=01;35:*.svg=01;35:*.svgz=01;35:*.mng=01;35:*.pcx=01;35:*.mov=01;35:*.mpg=01;35:*.mpeg=01;35:*.m2v=01;35:*.mkv=01;35:*.webm=01;35:*.webp=01;35:*.ogm=01;35:*.mp4=01;35:*.m4v=01;35:*.mp4v=01;35:*.vob=01;35:*.qt=01;35:*.nuv=01;35:*.wmv=01;35:*.asf=01;35:*.rm=01;35:*.rmvb=01;35:*.flc=01;35:*.avi=01;35:*.fli=01;35:*.flv=01;35:*.gl=01;35:*.dl=01;35:*.xcf=01;35:*.xwd=01;35:*.yuv=01;35:*.cgm=01;35:*.emf=01;35:*.ogv=01;35:*.ogx=01;35:*.aac=00;36:*.au=00;36:*.flac=00;36:*.m4a=00;36:*.mid=00;36:*.midi=00;36:*.mka=00;36:*.mp3=00;36:*.mpc=00;36:*.ogg=00;36:*.ra=00;36:*.wav=00;36:*.oga=00;36:*.opus=00;36:*.spx=00;36:*.xspf=00;36:'), ('GNOME_TERMINAL_SERVICE', ':1.131'), ('TERM_PROGRAM', 'vscode'), ('SSH_AGENT_LAUNCHER', 'gnome-keyring'), ('SSH_AUTH_SOCK', '/run/user/1000/keyring/ssh'), ('AMENT_PREFIX_PATH', '/home/user/ws_siasun/install/duco_support:/opt/ros/humble'), ('ORIGINAL_XDG_CURRENT_DESKTOP', 'ubuntu:GNOME'), ('SHELL', '/bin/bash'), ('QT_ACCESSIBILITY', '1'), ('GDMSESSION', 'ubuntu'), ('LESSCLOSE', '/usr/bin/lesspipe %s %s'), ('QT_IM_MODULE', 'ibus'), ('PWD', '/home/user/ws_siasun/build/duco_arms'), ('XDG_CONFIG_DIRS', '/etc/xdg/xdg-ubuntu:/etc/xdg'), ('DBUS_STARTER_ADDRESS', 'unix:path=/run/user/1000/bus,guid=29aa453e04d6fd81a7f888c968edb0a6'), ('XDG_DATA_DIRS', '/usr/share/ubuntu:/usr/local/share/:/usr/share/:/var/lib/snapd/desktop'), ('PYTHONPATH', '/opt/ros/humble/lib/python3.10/site-packages:/opt/ros/humble/local/lib/python3.10/dist-packages'), ('HTTP_PROXY', 'http://127.0.0.1:7890/'), ('COLCON', '1'), ('VTE_VERSION', '6800'), ('CMAKE_PREFIX_PATH', '/home/user/ws_siasun/install/duco_support:/opt/ros/humble')]), 'shell': False}
[1.183159] (aivt_interfaces) StdoutLine: {'line': b'-- Configuring done\n'}
[1.188010] (duco_gcr3_618_moveit_config) CommandEnded: {'returncode': 0}
[1.188921] (duco_gcr3_618_moveit_config) JobProgress: {'identifier': 'duco_gcr3_618_moveit_config', 'progress': 'install'}
[1.188959] (duco_gcr3_618_moveit_config) Command: {'cmd': ['/usr/bin/cmake', '--install', '/home/user/ws_siasun/build/duco_gcr3_618_moveit_config'], 'cwd': '/home/user/ws_siasun/build/duco_gcr3_618_moveit_config', 'env': OrderedDict([('PYTHON_BASIC_REPL', '1'), ('LESSOPEN', '| /usr/bin/lesspipe %s'), ('no_proxy', 'localhost,127.0.0.0/8,::1'), ('LANGUAGE', 'zh_CN:zh'), ('USER', 'user'), ('XDG_SESSION_TYPE', 'wayland'), ('SHLVL', '2'), ('LD_LIBRARY_PATH', '/opt/ros/humble/opt/rviz_ogre_vendor/lib:/opt/ros/humble/lib/x86_64-linux-gnu:/opt/ros/humble/lib'), ('HOME', '/home/user'), ('CHROME_DESKTOP', 'code.desktop'), ('TERM_PROGRAM_VERSION', '1.98.2'), ('DESKTOP_SESSION', 'ubuntu'), ('NO_PROXY', 'localhost,127.0.0.0/8,::1'), ('ROS_PYTHON_VERSION', '3'), ('GNOME_SHELL_SESSION_MODE', 'ubuntu'), ('GTK_MODULES', 'gail:atk-bridge'), ('DBUS_STARTER_BUS_TYPE', 'session'), ('SYSTEMD_EXEC_PID', '1152'), ('DBUS_SESSION_BUS_ADDRESS', 'unix:path=/run/user/1000/bus,guid=29aa453e04d6fd81a7f888c968edb0a6'), ('COLORTERM', 'truecolor'), ('IM_CONFIG_PHASE', '1'), ('WAYLAND_DISPLAY', 'wayland-0'), ('ROS_DISTRO', 'humble'), ('LOGNAME', 'user'), ('http_proxy', 'http://127.0.0.1:7890/'), ('_', '/usr/bin/colcon'), ('ROS_VERSION', '2'), ('XDG_SESSION_CLASS', 'user'), ('USERNAME', 'user'), ('TERM', 'xterm-256color'), ('GNOME_DESKTOP_SESSION_ID', 'this-is-deprecated'), ('ROS_LOCALHOST_ONLY', '0'), ('PATH', '/opt/ros/humble/bin:/usr/local/sbin:/usr/local/bin:/usr/sbin:/usr/bin:/sbin:/bin:/usr/games:/usr/local/games:/snap/bin:/snap/bin'), ('SESSION_MANAGER', 'local/user-Default-string:@/tmp/.ICE-unix/1152,unix/user-Default-string:/tmp/.ICE-unix/1152'), ('XDG_MENU_PREFIX', 'gnome-'), ('GNOME_TERMINAL_SCREEN', '/org/gnome/Terminal/screen/605294d2_5418_4e5f_b2e7_5a2a21147e6f'), ('GNOME_SETUP_DISPLAY', ':1'), ('XDG_RUNTIME_DIR', '/run/user/1000'), ('GDK_BACKEND', 'x11'), ('DISPLAY', ':0'), ('LANG', 'zh_CN.UTF-8'), ('XDG_CURRENT_DESKTOP', 'Unity'), ('PYTHONSTARTUP', '/home/user/.config/Code/User/workspaceStorage/0e147a0a2fd8792e328fcddb38a40cd9/ms-python.python/pythonrc.py'), ('XMODIFIERS', '@im=ibus'), ('XDG_SESSION_DESKTOP', 'ubuntu'), ('XAUTHORITY', '/run/user/1000/.mutter-Xwaylandauth.ATR2D3'), ('LS_COLORS', 'rs=0:di=01;34:ln=01;36:mh=00:pi=40;33:so=01;35:do=01;35:bd=40;33;01:cd=40;33;01:or=40;31;01:mi=00:su=37;41:sg=30;43:ca=30;41:tw=30;42:ow=34;42:st=37;44:ex=01;32:*.tar=01;31:*.tgz=01;31:*.arc=01;31:*.arj=01;31:*.taz=01;31:*.lha=01;31:*.lz4=01;31:*.lzh=01;31:*.lzma=01;31:*.tlz=01;31:*.txz=01;31:*.tzo=01;31:*.t7z=01;31:*.zip=01;31:*.z=01;31:*.dz=01;31:*.gz=01;31:*.lrz=01;31:*.lz=01;31:*.lzo=01;31:*.xz=01;31:*.zst=01;31:*.tzst=01;31:*.bz2=01;31:*.bz=01;31:*.tbz=01;31:*.tbz2=01;31:*.tz=01;31:*.deb=01;31:*.rpm=01;31:*.jar=01;31:*.war=01;31:*.ear=01;31:*.sar=01;31:*.rar=01;31:*.alz=01;31:*.ace=01;31:*.zoo=01;31:*.cpio=01;31:*.7z=01;31:*.rz=01;31:*.cab=01;31:*.wim=01;31:*.swm=01;31:*.dwm=01;31:*.esd=01;31:*.jpg=01;35:*.jpeg=01;35:*.mjpg=01;35:*.mjpeg=01;35:*.gif=01;35:*.bmp=01;35:*.pbm=01;35:*.pgm=01;35:*.ppm=01;35:*.tga=01;35:*.xbm=01;35:*.xpm=01;35:*.tif=01;35:*.tiff=01;35:*.png=01;35:*.svg=01;35:*.svgz=01;35:*.mng=01;35:*.pcx=01;35:*.mov=01;35:*.mpg=01;35:*.mpeg=01;35:*.m2v=01;35:*.mkv=01;35:*.webm=01;35:*.webp=01;35:*.ogm=01;35:*.mp4=01;35:*.m4v=01;35:*.mp4v=01;35:*.vob=01;35:*.qt=01;35:*.nuv=01;35:*.wmv=01;35:*.asf=01;35:*.rm=01;35:*.rmvb=01;35:*.flc=01;35:*.avi=01;35:*.fli=01;35:*.flv=01;35:*.gl=01;35:*.dl=01;35:*.xcf=01;35:*.xwd=01;35:*.yuv=01;35:*.cgm=01;35:*.emf=01;35:*.ogv=01;35:*.ogx=01;35:*.aac=00;36:*.au=00;36:*.flac=00;36:*.m4a=00;36:*.mid=00;36:*.midi=00;36:*.mka=00;36:*.mp3=00;36:*.mpc=00;36:*.ogg=00;36:*.ra=00;36:*.wav=00;36:*.oga=00;36:*.opus=00;36:*.spx=00;36:*.xspf=00;36:'), ('GNOME_TERMINAL_SERVICE', ':1.131'), ('TERM_PROGRAM', 'vscode'), ('SSH_AGENT_LAUNCHER', 'gnome-keyring'), ('SSH_AUTH_SOCK', '/run/user/1000/keyring/ssh'), ('AMENT_PREFIX_PATH', '/home/user/ws_siasun/install/duco_support:/opt/ros/humble'), ('ORIGINAL_XDG_CURRENT_DESKTOP', 'ubuntu:GNOME'), ('SHELL', '/bin/bash'), ('QT_ACCESSIBILITY', '1'), ('GDMSESSION', 'ubuntu'), ('LESSCLOSE', '/usr/bin/lesspipe %s %s'), ('QT_IM_MODULE', 'ibus'), ('PWD', '/home/user/ws_siasun/build/duco_gcr3_618_moveit_config'), ('XDG_CONFIG_DIRS', '/etc/xdg/xdg-ubuntu:/etc/xdg'), ('DBUS_STARTER_ADDRESS', 'unix:path=/run/user/1000/bus,guid=29aa453e04d6fd81a7f888c968edb0a6'), ('XDG_DATA_DIRS', '/usr/share/ubuntu:/usr/local/share/:/usr/share/:/var/lib/snapd/desktop'), ('PYTHONPATH', '/opt/ros/humble/lib/python3.10/site-packages:/opt/ros/humble/local/lib/python3.10/dist-packages'), ('HTTP_PROXY', 'http://127.0.0.1:7890/'), ('COLCON', '1'), ('VTE_VERSION', '6800'), ('CMAKE_PREFIX_PATH', '/home/user/ws_siasun/install/duco_support:/opt/ros/humble')]), 'shell': False}
[1.193948] (duco_gcr3_618_moveit_config) StdoutLine: {'line': b'-- Install configuration: ""\n'}
[1.194153] (duco_gcr3_618_moveit_config) StdoutLine: {'line': b'-- Installing: /home/user/ws_siasun/install/duco_gcr3_618_moveit_config/share/ament_index/resource_index/package_run_dependencies/duco_gcr3_618_moveit_config\n'}
[1.194235] (duco_gcr3_618_moveit_config) StdoutLine: {'line': b'-- Installing: /home/user/ws_siasun/install/duco_gcr3_618_moveit_config/share/ament_index/resource_index/parent_prefix_path/duco_gcr3_618_moveit_config\n'}
[1.194332] (duco_gcr3_618_moveit_config) StdoutLine: {'line': b'-- Installing: /home/user/ws_siasun/install/duco_gcr3_618_moveit_config/share/duco_gcr3_618_moveit_config/environment/ament_prefix_path.sh\n'}
[1.194448] (duco_gcr3_618_moveit_config) StdoutLine: {'line': b'-- Installing: /home/user/ws_siasun/install/duco_gcr3_618_moveit_config/share/duco_gcr3_618_moveit_config/environment/ament_prefix_path.dsv\n'}
[1.194524] (duco_gcr3_618_moveit_config) StdoutLine: {'line': b'-- Installing: /home/user/ws_siasun/install/duco_gcr3_618_moveit_config/share/duco_gcr3_618_moveit_config/environment/path.sh\n'}
[1.194593] (duco_gcr3_618_moveit_config) StdoutLine: {'line': b'-- Installing: /home/user/ws_siasun/install/duco_gcr3_618_moveit_config/share/duco_gcr3_618_moveit_config/environment/path.dsv\n'}
[1.194702] (duco_gcr3_618_moveit_config) StdoutLine: {'line': b'-- Installing: /home/user/ws_siasun/install/duco_gcr3_618_moveit_config/share/duco_gcr3_618_moveit_config/local_setup.bash\n'}
[1.194767] (duco_gcr3_618_moveit_config) StdoutLine: {'line': b'-- Installing: /home/user/ws_siasun/install/duco_gcr3_618_moveit_config/share/duco_gcr3_618_moveit_config/local_setup.sh\n'}
[1.194829] (duco_gcr3_618_moveit_config) StdoutLine: {'line': b'-- Installing: /home/user/ws_siasun/install/duco_gcr3_618_moveit_config/share/duco_gcr3_618_moveit_config/local_setup.zsh\n'}
[1.194924] (duco_gcr3_618_moveit_config) StdoutLine: {'line': b'-- Installing: /home/user/ws_siasun/install/duco_gcr3_618_moveit_config/share/duco_gcr3_618_moveit_config/local_setup.dsv\n'}
[1.195034] (duco_gcr3_618_moveit_config) StdoutLine: {'line': b'-- Installing: /home/user/ws_siasun/install/duco_gcr3_618_moveit_config/share/duco_gcr3_618_moveit_config/package.dsv\n'}
[1.195099] (duco_gcr3_618_moveit_config) StdoutLine: {'line': b'-- Installing: /home/user/ws_siasun/install/duco_gcr3_618_moveit_config/share/ament_index/resource_index/packages/duco_gcr3_618_moveit_config\n'}
[1.195162] (duco_gcr3_618_moveit_config) StdoutLine: {'line': b'-- Installing: /home/user/ws_siasun/install/duco_gcr3_618_moveit_config/share/duco_gcr3_618_moveit_config/cmake/duco_gcr3_618_moveit_configConfig.cmake\n'}
[1.195224] (duco_gcr3_618_moveit_config) StdoutLine: {'line': b'-- Installing: /home/user/ws_siasun/install/duco_gcr3_618_moveit_config/share/duco_gcr3_618_moveit_config/cmake/duco_gcr3_618_moveit_configConfig-version.cmake\n'}
[1.195286] (duco_gcr3_618_moveit_config) StdoutLine: {'line': b'-- Installing: /home/user/ws_siasun/install/duco_gcr3_618_moveit_config/share/duco_gcr3_618_moveit_config/package.xml\n'}
[1.195348] (duco_gcr3_618_moveit_config) StdoutLine: {'line': b'-- Installing: /home/user/ws_siasun/install/duco_gcr3_618_moveit_config/share/duco_gcr3_618_moveit_config/launch\n'}
[1.195410] (duco_gcr3_618_moveit_config) StdoutLine: {'line': b'-- Installing: /home/user/ws_siasun/install/duco_gcr3_618_moveit_config/share/duco_gcr3_618_moveit_config/launch/rsp.launch.py\n'}
[1.195472] (duco_gcr3_618_moveit_config) StdoutLine: {'line': b'-- Installing: /home/user/ws_siasun/install/duco_gcr3_618_moveit_config/share/duco_gcr3_618_moveit_config/launch/move_group.launch.py\n'}
[1.195535] (duco_gcr3_618_moveit_config) StdoutLine: {'line': b'-- Installing: /home/user/ws_siasun/install/duco_gcr3_618_moveit_config/share/duco_gcr3_618_moveit_config/launch/static_virtual_joint_tfs.launch.py\n'}
[1.195603] (duco_gcr3_618_moveit_config) StdoutLine: {'line': b'-- Installing: /home/user/ws_siasun/install/duco_gcr3_618_moveit_config/share/duco_gcr3_618_moveit_config/launch/moveit_rviz.launch.py\n'}
[1.195740] (duco_gcr3_618_moveit_config) StdoutLine: {'line': b'-- Installing: /home/user/ws_siasun/install/duco_gcr3_618_moveit_config/share/duco_gcr3_618_moveit_config/launch/demo.launch.py\n'}
[1.195804] (duco_gcr3_618_moveit_config) StdoutLine: {'line': b'-- Installing: /home/user/ws_siasun/install/duco_gcr3_618_moveit_config/share/duco_gcr3_618_moveit_config/launch/warehouse_db.launch.py\n'}
[1.195864] (duco_gcr3_618_moveit_config) StdoutLine: {'line': b'-- Installing: /home/user/ws_siasun/install/duco_gcr3_618_moveit_config/share/duco_gcr3_618_moveit_config/launch/setup_assistant.launch.py\n'}
[1.195923] (duco_gcr3_618_moveit_config) StdoutLine: {'line': b'-- Installing: /home/user/ws_siasun/install/duco_gcr3_618_moveit_config/share/duco_gcr3_618_moveit_config/launch/spawn_controllers.launch.py\n'}
[1.195982] (duco_gcr3_618_moveit_config) StdoutLine: {'line': b'-- Installing: /home/user/ws_siasun/install/duco_gcr3_618_moveit_config/share/duco_gcr3_618_moveit_config/config\n'}
[1.196054] (duco_gcr3_618_moveit_config) StdoutLine: {'line': b'-- Installing: /home/user/ws_siasun/install/duco_gcr3_618_moveit_config/share/duco_gcr3_618_moveit_config/config/gcr3_618.urdf.xacro\n'}
[1.196113] (duco_gcr3_618_moveit_config) StdoutLine: {'line': b'-- Installing: /home/user/ws_siasun/install/duco_gcr3_618_moveit_config/share/duco_gcr3_618_moveit_config/config/pilz_cartesian_limits.yaml\n'}
[1.196173] (duco_gcr3_618_moveit_config) StdoutLine: {'line': b'-- Installing: /home/user/ws_siasun/install/duco_gcr3_618_moveit_config/share/duco_gcr3_618_moveit_config/config/moveit.rviz\n'}
[1.196233] (duco_gcr3_618_moveit_config) StdoutLine: {'line': b'-- Installing: /home/user/ws_siasun/install/duco_gcr3_618_moveit_config/share/duco_gcr3_618_moveit_config/config/ros2_controllers.yaml\n'}
[1.196326] (duco_gcr3_618_moveit_config) StdoutLine: {'line': b'-- Installing: /home/user/ws_siasun/install/duco_gcr3_618_moveit_config/share/duco_gcr3_618_moveit_config/config/initial_positions.yaml\n'}
[1.196397] (duco_gcr3_618_moveit_config) StdoutLine: {'line': b'-- Installing: /home/user/ws_siasun/install/duco_gcr3_618_moveit_config/share/duco_gcr3_618_moveit_config/config/sensors_3d.yaml\n'}
[1.196468] (duco_gcr3_618_moveit_config) StdoutLine: {'line': b'-- Installing: /home/user/ws_siasun/install/duco_gcr3_618_moveit_config/share/duco_gcr3_618_moveit_config/config/joint_limits.yaml\n'}
[1.196532] (duco_gcr3_618_moveit_config) StdoutLine: {'line': b'-- Installing: /home/user/ws_siasun/install/duco_gcr3_618_moveit_config/share/duco_gcr3_618_moveit_config/config/gcr3_618.ros2_control.xacro\n'}
[1.196603] (duco_gcr3_618_moveit_config) StdoutLine: {'line': b'-- Installing: /home/user/ws_siasun/install/duco_gcr3_618_moveit_config/share/duco_gcr3_618_moveit_config/config/gcr3_618.srdf\n'}
[1.196877] (duco_gcr3_618_moveit_config) StdoutLine: {'line': b'-- Installing: /home/user/ws_siasun/install/duco_gcr3_618_moveit_config/share/duco_gcr3_618_moveit_config/config/kinematics.yaml\n'}
[1.196963] (duco_gcr3_618_moveit_config) StdoutLine: {'line': b'-- Installing: /home/user/ws_siasun/install/duco_gcr3_618_moveit_config/share/duco_gcr3_618_moveit_config/config/moveit_controllers.yaml\n'}
[1.197036] (duco_gcr3_618_moveit_config) StdoutLine: {'line': b'-- Installing: /home/user/ws_siasun/install/duco_gcr3_618_moveit_config/share/duco_gcr3_618_moveit_config/.setup_assistant\n'}
[1.197506] (duco_gcr3_618_moveit_config) CommandEnded: {'returncode': 0}
[1.200683] (-) TimerEvent: {}
[1.201137] (aivt_interfaces) StdoutLine: {'line': b'-- Generating done\n'}
[1.207346] (duco_gcr3_618_moveit_config) JobEnded: {'identifier': 'duco_gcr3_618_moveit_config', 'rc': 0}
[1.207632] (aivt_interfaces) StdoutLine: {'line': b'-- Build files have been written to: /home/user/ws_siasun/build/aivt_interfaces\n'}
[1.211355] (duco_arms) CommandEnded: {'returncode': 0}
[1.211927] (duco_arms) JobProgress: {'identifier': 'duco_arms', 'progress': 'install'}
[1.212277] (duco_arms) Command: {'cmd': ['/usr/bin/cmake', '--install', '/home/user/ws_siasun/build/duco_arms'], 'cwd': '/home/user/ws_siasun/build/duco_arms', 'env': OrderedDict([('PYTHON_BASIC_REPL', '1'), ('LESSOPEN', '| /usr/bin/lesspipe %s'), ('no_proxy', 'localhost,127.0.0.0/8,::1'), ('LANGUAGE', 'zh_CN:zh'), ('USER', 'user'), ('XDG_SESSION_TYPE', 'wayland'), ('SHLVL', '2'), ('LD_LIBRARY_PATH', '/opt/ros/humble/opt/rviz_ogre_vendor/lib:/opt/ros/humble/lib/x86_64-linux-gnu:/opt/ros/humble/lib'), ('HOME', '/home/user'), ('CHROME_DESKTOP', 'code.desktop'), ('TERM_PROGRAM_VERSION', '1.98.2'), ('DESKTOP_SESSION', 'ubuntu'), ('NO_PROXY', 'localhost,127.0.0.0/8,::1'), ('ROS_PYTHON_VERSION', '3'), ('GNOME_SHELL_SESSION_MODE', 'ubuntu'), ('GTK_MODULES', 'gail:atk-bridge'), ('DBUS_STARTER_BUS_TYPE', 'session'), ('SYSTEMD_EXEC_PID', '1152'), ('DBUS_SESSION_BUS_ADDRESS', 'unix:path=/run/user/1000/bus,guid=29aa453e04d6fd81a7f888c968edb0a6'), ('COLORTERM', 'truecolor'), ('IM_CONFIG_PHASE', '1'), ('WAYLAND_DISPLAY', 'wayland-0'), ('ROS_DISTRO', 'humble'), ('LOGNAME', 'user'), ('http_proxy', 'http://127.0.0.1:7890/'), ('_', '/usr/bin/colcon'), ('ROS_VERSION', '2'), ('XDG_SESSION_CLASS', 'user'), ('USERNAME', 'user'), ('TERM', 'xterm-256color'), ('GNOME_DESKTOP_SESSION_ID', 'this-is-deprecated'), ('ROS_LOCALHOST_ONLY', '0'), ('PATH', '/opt/ros/humble/bin:/usr/local/sbin:/usr/local/bin:/usr/sbin:/usr/bin:/sbin:/bin:/usr/games:/usr/local/games:/snap/bin:/snap/bin'), ('SESSION_MANAGER', 'local/user-Default-string:@/tmp/.ICE-unix/1152,unix/user-Default-string:/tmp/.ICE-unix/1152'), ('XDG_MENU_PREFIX', 'gnome-'), ('GNOME_TERMINAL_SCREEN', '/org/gnome/Terminal/screen/605294d2_5418_4e5f_b2e7_5a2a21147e6f'), ('GNOME_SETUP_DISPLAY', ':1'), ('XDG_RUNTIME_DIR', '/run/user/1000'), ('GDK_BACKEND', 'x11'), ('DISPLAY', ':0'), ('LANG', 'zh_CN.UTF-8'), ('XDG_CURRENT_DESKTOP', 'Unity'), ('PYTHONSTARTUP', '/home/user/.config/Code/User/workspaceStorage/0e147a0a2fd8792e328fcddb38a40cd9/ms-python.python/pythonrc.py'), ('XMODIFIERS', '@im=ibus'), ('XDG_SESSION_DESKTOP', 'ubuntu'), ('XAUTHORITY', '/run/user/1000/.mutter-Xwaylandauth.ATR2D3'), ('LS_COLORS', 'rs=0:di=01;34:ln=01;36:mh=00:pi=40;33:so=01;35:do=01;35:bd=40;33;01:cd=40;33;01:or=40;31;01:mi=00:su=37;41:sg=30;43:ca=30;41:tw=30;42:ow=34;42:st=37;44:ex=01;32:*.tar=01;31:*.tgz=01;31:*.arc=01;31:*.arj=01;31:*.taz=01;31:*.lha=01;31:*.lz4=01;31:*.lzh=01;31:*.lzma=01;31:*.tlz=01;31:*.txz=01;31:*.tzo=01;31:*.t7z=01;31:*.zip=01;31:*.z=01;31:*.dz=01;31:*.gz=01;31:*.lrz=01;31:*.lz=01;31:*.lzo=01;31:*.xz=01;31:*.zst=01;31:*.tzst=01;31:*.bz2=01;31:*.bz=01;31:*.tbz=01;31:*.tbz2=01;31:*.tz=01;31:*.deb=01;31:*.rpm=01;31:*.jar=01;31:*.war=01;31:*.ear=01;31:*.sar=01;31:*.rar=01;31:*.alz=01;31:*.ace=01;31:*.zoo=01;31:*.cpio=01;31:*.7z=01;31:*.rz=01;31:*.cab=01;31:*.wim=01;31:*.swm=01;31:*.dwm=01;31:*.esd=01;31:*.jpg=01;35:*.jpeg=01;35:*.mjpg=01;35:*.mjpeg=01;35:*.gif=01;35:*.bmp=01;35:*.pbm=01;35:*.pgm=01;35:*.ppm=01;35:*.tga=01;35:*.xbm=01;35:*.xpm=01;35:*.tif=01;35:*.tiff=01;35:*.png=01;35:*.svg=01;35:*.svgz=01;35:*.mng=01;35:*.pcx=01;35:*.mov=01;35:*.mpg=01;35:*.mpeg=01;35:*.m2v=01;35:*.mkv=01;35:*.webm=01;35:*.webp=01;35:*.ogm=01;35:*.mp4=01;35:*.m4v=01;35:*.mp4v=01;35:*.vob=01;35:*.qt=01;35:*.nuv=01;35:*.wmv=01;35:*.asf=01;35:*.rm=01;35:*.rmvb=01;35:*.flc=01;35:*.avi=01;35:*.fli=01;35:*.flv=01;35:*.gl=01;35:*.dl=01;35:*.xcf=01;35:*.xwd=01;35:*.yuv=01;35:*.cgm=01;35:*.emf=01;35:*.ogv=01;35:*.ogx=01;35:*.aac=00;36:*.au=00;36:*.flac=00;36:*.m4a=00;36:*.mid=00;36:*.midi=00;36:*.mka=00;36:*.mp3=00;36:*.mpc=00;36:*.ogg=00;36:*.ra=00;36:*.wav=00;36:*.oga=00;36:*.opus=00;36:*.spx=00;36:*.xspf=00;36:'), ('GNOME_TERMINAL_SERVICE', ':1.131'), ('TERM_PROGRAM', 'vscode'), ('SSH_AGENT_LAUNCHER', 'gnome-keyring'), ('SSH_AUTH_SOCK', '/run/user/1000/keyring/ssh'), ('AMENT_PREFIX_PATH', '/home/user/ws_siasun/install/duco_support:/opt/ros/humble'), ('ORIGINAL_XDG_CURRENT_DESKTOP', 'ubuntu:GNOME'), ('SHELL', '/bin/bash'), ('QT_ACCESSIBILITY', '1'), ('GDMSESSION', 'ubuntu'), ('LESSCLOSE', '/usr/bin/lesspipe %s %s'), ('QT_IM_MODULE', 'ibus'), ('PWD', '/home/user/ws_siasun/build/duco_arms'), ('XDG_CONFIG_DIRS', '/etc/xdg/xdg-ubuntu:/etc/xdg'), ('DBUS_STARTER_ADDRESS', 'unix:path=/run/user/1000/bus,guid=29aa453e04d6fd81a7f888c968edb0a6'), ('XDG_DATA_DIRS', '/usr/share/ubuntu:/usr/local/share/:/usr/share/:/var/lib/snapd/desktop'), ('PYTHONPATH', '/opt/ros/humble/lib/python3.10/site-packages:/opt/ros/humble/local/lib/python3.10/dist-packages'), ('HTTP_PROXY', 'http://127.0.0.1:7890/'), ('COLCON', '1'), ('VTE_VERSION', '6800'), ('CMAKE_PREFIX_PATH', '/home/user/ws_siasun/install/duco_support:/opt/ros/humble')]), 'shell': False}
[1.213474] (aivt_interfaces) CommandEnded: {'returncode': 0}
[1.214023] (aivt_interfaces) JobProgress: {'identifier': 'aivt_interfaces', 'progress': 'build'}
[1.214245] (aivt_interfaces) Command: {'cmd': ['/usr/bin/cmake', '--build', '/home/user/ws_siasun/build/aivt_interfaces', '--', '-j16', '-l16'], 'cwd': '/home/user/ws_siasun/build/aivt_interfaces', 'env': OrderedDict([('PYTHON_BASIC_REPL', '1'), ('LESSOPEN', '| /usr/bin/lesspipe %s'), ('no_proxy', 'localhost,127.0.0.0/8,::1'), ('LANGUAGE', 'zh_CN:zh'), ('USER', 'user'), ('XDG_SESSION_TYPE', 'wayland'), ('SHLVL', '2'), ('LD_LIBRARY_PATH', '/opt/ros/humble/opt/rviz_ogre_vendor/lib:/opt/ros/humble/lib/x86_64-linux-gnu:/opt/ros/humble/lib'), ('HOME', '/home/user'), ('CHROME_DESKTOP', 'code.desktop'), ('TERM_PROGRAM_VERSION', '1.98.2'), ('DESKTOP_SESSION', 'ubuntu'), ('NO_PROXY', 'localhost,127.0.0.0/8,::1'), ('ROS_PYTHON_VERSION', '3'), ('GNOME_SHELL_SESSION_MODE', 'ubuntu'), ('GTK_MODULES', 'gail:atk-bridge'), ('DBUS_STARTER_BUS_TYPE', 'session'), ('SYSTEMD_EXEC_PID', '1152'), ('DBUS_SESSION_BUS_ADDRESS', 'unix:path=/run/user/1000/bus,guid=29aa453e04d6fd81a7f888c968edb0a6'), ('COLORTERM', 'truecolor'), ('IM_CONFIG_PHASE', '1'), ('WAYLAND_DISPLAY', 'wayland-0'), ('ROS_DISTRO', 'humble'), ('LOGNAME', 'user'), ('http_proxy', 'http://127.0.0.1:7890/'), ('_', '/usr/bin/colcon'), ('ROS_VERSION', '2'), ('XDG_SESSION_CLASS', 'user'), ('USERNAME', 'user'), ('TERM', 'xterm-256color'), ('GNOME_DESKTOP_SESSION_ID', 'this-is-deprecated'), ('ROS_LOCALHOST_ONLY', '0'), ('PATH', '/opt/ros/humble/bin:/usr/local/sbin:/usr/local/bin:/usr/sbin:/usr/bin:/sbin:/bin:/usr/games:/usr/local/games:/snap/bin:/snap/bin'), ('SESSION_MANAGER', 'local/user-Default-string:@/tmp/.ICE-unix/1152,unix/user-Default-string:/tmp/.ICE-unix/1152'), ('XDG_MENU_PREFIX', 'gnome-'), ('GNOME_TERMINAL_SCREEN', '/org/gnome/Terminal/screen/605294d2_5418_4e5f_b2e7_5a2a21147e6f'), ('GNOME_SETUP_DISPLAY', ':1'), ('XDG_RUNTIME_DIR', '/run/user/1000'), ('GDK_BACKEND', 'x11'), ('DISPLAY', ':0'), ('LANG', 'zh_CN.UTF-8'), ('XDG_CURRENT_DESKTOP', 'Unity'), ('PYTHONSTARTUP', '/home/user/.config/Code/User/workspaceStorage/0e147a0a2fd8792e328fcddb38a40cd9/ms-python.python/pythonrc.py'), ('XMODIFIERS', '@im=ibus'), ('XDG_SESSION_DESKTOP', 'ubuntu'), ('XAUTHORITY', '/run/user/1000/.mutter-Xwaylandauth.ATR2D3'), ('LS_COLORS', 'rs=0:di=01;34:ln=01;36:mh=00:pi=40;33:so=01;35:do=01;35:bd=40;33;01:cd=40;33;01:or=40;31;01:mi=00:su=37;41:sg=30;43:ca=30;41:tw=30;42:ow=34;42:st=37;44:ex=01;32:*.tar=01;31:*.tgz=01;31:*.arc=01;31:*.arj=01;31:*.taz=01;31:*.lha=01;31:*.lz4=01;31:*.lzh=01;31:*.lzma=01;31:*.tlz=01;31:*.txz=01;31:*.tzo=01;31:*.t7z=01;31:*.zip=01;31:*.z=01;31:*.dz=01;31:*.gz=01;31:*.lrz=01;31:*.lz=01;31:*.lzo=01;31:*.xz=01;31:*.zst=01;31:*.tzst=01;31:*.bz2=01;31:*.bz=01;31:*.tbz=01;31:*.tbz2=01;31:*.tz=01;31:*.deb=01;31:*.rpm=01;31:*.jar=01;31:*.war=01;31:*.ear=01;31:*.sar=01;31:*.rar=01;31:*.alz=01;31:*.ace=01;31:*.zoo=01;31:*.cpio=01;31:*.7z=01;31:*.rz=01;31:*.cab=01;31:*.wim=01;31:*.swm=01;31:*.dwm=01;31:*.esd=01;31:*.jpg=01;35:*.jpeg=01;35:*.mjpg=01;35:*.mjpeg=01;35:*.gif=01;35:*.bmp=01;35:*.pbm=01;35:*.pgm=01;35:*.ppm=01;35:*.tga=01;35:*.xbm=01;35:*.xpm=01;35:*.tif=01;35:*.tiff=01;35:*.png=01;35:*.svg=01;35:*.svgz=01;35:*.mng=01;35:*.pcx=01;35:*.mov=01;35:*.mpg=01;35:*.mpeg=01;35:*.m2v=01;35:*.mkv=01;35:*.webm=01;35:*.webp=01;35:*.ogm=01;35:*.mp4=01;35:*.m4v=01;35:*.mp4v=01;35:*.vob=01;35:*.qt=01;35:*.nuv=01;35:*.wmv=01;35:*.asf=01;35:*.rm=01;35:*.rmvb=01;35:*.flc=01;35:*.avi=01;35:*.fli=01;35:*.flv=01;35:*.gl=01;35:*.dl=01;35:*.xcf=01;35:*.xwd=01;35:*.yuv=01;35:*.cgm=01;35:*.emf=01;35:*.ogv=01;35:*.ogx=01;35:*.aac=00;36:*.au=00;36:*.flac=00;36:*.m4a=00;36:*.mid=00;36:*.midi=00;36:*.mka=00;36:*.mp3=00;36:*.mpc=00;36:*.ogg=00;36:*.ra=00;36:*.wav=00;36:*.oga=00;36:*.opus=00;36:*.spx=00;36:*.xspf=00;36:'), ('GNOME_TERMINAL_SERVICE', ':1.131'), ('TERM_PROGRAM', 'vscode'), ('SSH_AGENT_LAUNCHER', 'gnome-keyring'), ('SSH_AUTH_SOCK', '/run/user/1000/keyring/ssh'), ('AMENT_PREFIX_PATH', '/opt/ros/humble'), ('ORIGINAL_XDG_CURRENT_DESKTOP', 'ubuntu:GNOME'), ('SHELL', '/bin/bash'), ('QT_ACCESSIBILITY', '1'), ('GDMSESSION', 'ubuntu'), ('LESSCLOSE', '/usr/bin/lesspipe %s %s'), ('QT_IM_MODULE', 'ibus'), ('PWD', '/home/user/ws_siasun/build/aivt_interfaces'), ('XDG_CONFIG_DIRS', '/etc/xdg/xdg-ubuntu:/etc/xdg'), ('DBUS_STARTER_ADDRESS', 'unix:path=/run/user/1000/bus,guid=29aa453e04d6fd81a7f888c968edb0a6'), ('XDG_DATA_DIRS', '/usr/share/ubuntu:/usr/local/share/:/usr/share/:/var/lib/snapd/desktop'), ('PYTHONPATH', '/opt/ros/humble/lib/python3.10/site-packages:/opt/ros/humble/local/lib/python3.10/dist-packages'), ('HTTP_PROXY', 'http://127.0.0.1:7890/'), ('COLCON', '1'), ('VTE_VERSION', '6800'), ('CMAKE_PREFIX_PATH', '/opt/ros/humble')]), 'shell': False}
[1.217576] (duco_arms) StdoutLine: {'line': b'-- Install configuration: ""\n'}
[1.217755] (duco_arms) StdoutLine: {'line': b'-- Installing: /home/user/ws_siasun/install/duco_arms/share/ament_index/resource_index/package_run_dependencies/duco_arms\n'}
[1.217902] (duco_arms) StdoutLine: {'line': b'-- Installing: /home/user/ws_siasun/install/duco_arms/share/ament_index/resource_index/parent_prefix_path/duco_arms\n'}
[1.218040] (duco_arms) StdoutLine: {'line': b'-- Installing: /home/user/ws_siasun/install/duco_arms/share/duco_arms/environment/ament_prefix_path.sh\n'}
[1.218178] (duco_arms) StdoutLine: {'line': b'-- Installing: /home/user/ws_siasun/install/duco_arms/share/duco_arms/environment/ament_prefix_path.dsv\n'}
[1.218811] (duco_arms) StdoutLine: {'line': b'-- Installing: /home/user/ws_siasun/install/duco_arms/share/duco_arms/environment/path.sh\n'}
[1.218924] (duco_arms) StdoutLine: {'line': b'-- Installing: /home/user/ws_siasun/install/duco_arms/share/duco_arms/environment/path.dsv\n'}
[1.218993] (duco_arms) StdoutLine: {'line': b'-- Installing: /home/user/ws_siasun/install/duco_arms/share/duco_arms/local_setup.bash\n'}
[1.219060] (duco_arms) StdoutLine: {'line': b'-- Installing: /home/user/ws_siasun/install/duco_arms/share/duco_arms/local_setup.sh\n'}
[1.219124] (duco_arms) StdoutLine: {'line': b'-- Installing: /home/user/ws_siasun/install/duco_arms/share/duco_arms/local_setup.zsh\n'}
[1.219188] (duco_arms) StdoutLine: {'line': b'-- Installing: /home/user/ws_siasun/install/duco_arms/share/duco_arms/local_setup.dsv\n'}
[1.219252] (duco_arms) StdoutLine: {'line': b'-- Installing: /home/user/ws_siasun/install/duco_arms/share/duco_arms/package.dsv\n'}
[1.219314] (duco_arms) StdoutLine: {'line': b'-- Installing: /home/user/ws_siasun/install/duco_arms/share/ament_index/resource_index/packages/duco_arms\n'}
[1.219377] (duco_arms) StdoutLine: {'line': b'-- Installing: /home/user/ws_siasun/install/duco_arms/share/duco_arms/cmake/duco_armsConfig.cmake\n'}
[1.219440] (duco_arms) StdoutLine: {'line': b'-- Installing: /home/user/ws_siasun/install/duco_arms/share/duco_arms/cmake/duco_armsConfig-version.cmake\n'}
[1.219502] (duco_arms) StdoutLine: {'line': b'-- Installing: /home/user/ws_siasun/install/duco_arms/share/duco_arms/package.xml\n'}
[1.219617] (duco_arms) StdoutLine: {'line': b'-- Installing: /home/user/ws_siasun/install/duco_arms/share/duco_arms/launch\n'}
[1.219684] (duco_arms) StdoutLine: {'line': b'-- Installing: /home/user/ws_siasun/install/duco_arms/share/duco_arms/launch/rsp.launch.py\n'}
[1.219742] (duco_arms) StdoutLine: {'line': b'-- Installing: /home/user/ws_siasun/install/duco_arms/share/duco_arms/launch/move_group.launch.py\n'}
[1.219836] (duco_arms) StdoutLine: {'line': b'-- Installing: /home/user/ws_siasun/install/duco_arms/share/duco_arms/launch/static_virtual_joint_tfs.launch.py\n'}
[1.219884] (duco_arms) StdoutLine: {'line': b'-- Installing: /home/user/ws_siasun/install/duco_arms/share/duco_arms/launch/moveit_rviz.launch.py\n'}
[1.219916] (duco_arms) StdoutLine: {'line': b'-- Installing: /home/user/ws_siasun/install/duco_arms/share/duco_arms/launch/demo.launch.py\n'}
[1.219945] (duco_arms) StdoutLine: {'line': b'-- Installing: /home/user/ws_siasun/install/duco_arms/share/duco_arms/launch/warehouse_db.launch.py\n'}
[1.219972] (duco_arms) StdoutLine: {'line': b'-- Installing: /home/user/ws_siasun/install/duco_arms/share/duco_arms/launch/setup_assistant.launch.py\n'}
[1.219998] (duco_arms) StdoutLine: {'line': b'-- Installing: /home/user/ws_siasun/install/duco_arms/share/duco_arms/launch/spawn_controllers.launch.py\n'}
[1.220029] (duco_arms) StdoutLine: {'line': b'-- Installing: /home/user/ws_siasun/install/duco_arms/share/duco_arms/config\n'}
[1.220147] (duco_arms) StdoutLine: {'line': b'-- Installing: /home/user/ws_siasun/install/duco_arms/share/duco_arms/config/pilz_cartesian_limits.yaml\n'}
[1.220194] (duco_arms) StdoutLine: {'line': b'-- Installing: /home/user/ws_siasun/install/duco_arms/share/duco_arms/config/moveit.rviz\n'}
[1.220225] (duco_arms) StdoutLine: {'line': b'-- Installing: /home/user/ws_siasun/install/duco_arms/share/duco_arms/config/ros2_controllers.yaml\n'}
[1.220253] (duco_arms) StdoutLine: {'line': b'-- Installing: /home/user/ws_siasun/install/duco_arms/share/duco_arms/config/dual_arms.ros2_control.xacro\n'}
[1.220282] (duco_arms) StdoutLine: {'line': b'-- Installing: /home/user/ws_siasun/install/duco_arms/share/duco_arms/config/initial_positions.yaml\n'}
[1.220311] (duco_arms) StdoutLine: {'line': b'-- Installing: /home/user/ws_siasun/install/duco_arms/share/duco_arms/config/sensors_3d.yaml\n'}
[1.220339] (duco_arms) StdoutLine: {'line': b'-- Installing: /home/user/ws_siasun/install/duco_arms/share/duco_arms/config/joint_limits.yaml\n'}
[1.220367] (duco_arms) StdoutLine: {'line': b'-- Installing: /home/user/ws_siasun/install/duco_arms/share/duco_arms/config/kinematics.yaml\n'}
[1.220394] (duco_arms) StdoutLine: {'line': b'-- Installing: /home/user/ws_siasun/install/duco_arms/share/duco_arms/config/dual_arms.urdf.xacro\n'}
[1.220421] (duco_arms) StdoutLine: {'line': b'-- Installing: /home/user/ws_siasun/install/duco_arms/share/duco_arms/config/dual_arms.srdf\n'}
[1.220534] (duco_arms) StdoutLine: {'line': b'-- Installing: /home/user/ws_siasun/install/duco_arms/share/duco_arms/config/moveit_controllers.yaml\n'}
[1.220563] (duco_arms) StdoutLine: {'line': b'-- Installing: /home/user/ws_siasun/install/duco_arms/share/duco_arms/.setup_assistant\n'}
[1.220926] (duco_arms) CommandEnded: {'returncode': 0}
[1.232053] (duco_arms) JobEnded: {'identifier': 'duco_arms', 'rc': 0}
[1.241728] (aivt_interfaces) StdoutLine: {'line': b'[  3%] \x1b[34m\x1b[1mGenerating C code for ROS interfaces\x1b[0m\n'}
[1.250775] (aivt_interfaces) StdoutLine: {'line': b'[  6%] \x1b[34m\x1b[1mGenerating C++ code for ROS interfaces\x1b[0m\n'}
[1.257823] (aivt_interfaces) StdoutLine: {'line': b'[  6%] Built target ament_cmake_python_copy_aivt_interfaces\n'}
[1.278382] (duco_msg) StdoutLine: {'line': b'-- Using all available rosidl_typesupport_c: rosidl_typesupport_fastrtps_c;rosidl_typesupport_introspection_c\n'}
[1.300818] (-) TimerEvent: {}
[1.401054] (-) TimerEvent: {}
[1.411153] (aivt_interfaces) StdoutLine: {'line': b'running egg_info\n'}
[1.411581] (aivt_interfaces) StdoutLine: {'line': b'creating aivt_interfaces.egg-info\n'}
[1.411765] (aivt_interfaces) StdoutLine: {'line': b'writing aivt_interfaces.egg-info/PKG-INFO\n'}
[1.411880] (aivt_interfaces) StdoutLine: {'line': b'writing dependency_links to aivt_interfaces.egg-info/dependency_links.txt\n'}
[1.411980] (aivt_interfaces) StdoutLine: {'line': b'[  6%] Built target aivt_interfaces__cpp\n'}
[1.412051] (aivt_interfaces) StdoutLine: {'line': b'writing top-level names to aivt_interfaces.egg-info/top_level.txt\n'}
[1.412138] (aivt_interfaces) StdoutLine: {'line': b"writing manifest file 'aivt_interfaces.egg-info/SOURCES.txt'\n"}
[1.412623] (aivt_interfaces) StdoutLine: {'line': b'[  9%] \x1b[32mBuilding C object CMakeFiles/aivt_interfaces__rosidl_generator_c.dir/rosidl_generator_c/aivt_interfaces/msg/detail/target_pose__functions.c.o\x1b[0m\n'}
[1.413856] (aivt_interfaces) StdoutLine: {'line': b"reading manifest file 'aivt_interfaces.egg-info/SOURCES.txt'\n"}
[1.414135] (aivt_interfaces) StdoutLine: {'line': b"writing manifest file 'aivt_interfaces.egg-info/SOURCES.txt'\n"}
[1.418454] (aivt_interfaces) StdoutLine: {'line': b'[ 16%] \x1b[34m\x1b[1mGenerating C++ type support dispatch for ROS interfaces\x1b[0m\n'}
[1.418642] (aivt_interfaces) StdoutLine: {'line': b'[ 16%] \x1b[34m\x1b[1mGenerating C++ introspection for ROS interfaces\x1b[0m\n'}
[1.420674] (aivt_interfaces) StdoutLine: {'line': b'[ 19%] \x1b[34m\x1b[1mGenerating C++ type support for eProsima Fast-RTPS\x1b[0m\n'}
[1.432120] (duco_msg) StdoutLine: {'line': b'-- Using all available rosidl_typesupport_cpp: rosidl_typesupport_fastrtps_cpp;rosidl_typesupport_introspection_cpp\n'}
[1.434832] (aivt_interfaces) StdoutLine: {'line': b'[ 19%] Built target ament_cmake_python_build_aivt_interfaces_egg\n'}
[1.453179] (duco_msg) StdoutLine: {'line': b'-- Found PythonInterp: /usr/bin/python3 (found suitable version "3.10.12", minimum required is "3.6") \n'}
[1.454514] (duco_msg) StdoutLine: {'line': b'-- Found python_cmake_module: 0.10.0 (/opt/ros/humble/share/python_cmake_module/cmake)\n'}
[1.458226] (aivt_interfaces) StdoutLine: {'line': b'[ 22%] \x1b[32m\x1b[1mLinking C shared library libaivt_interfaces__rosidl_generator_c.so\x1b[0m\n'}
[1.477869] (duco_msg) StdoutLine: {'line': b'-- Found PythonLibs: /usr/lib/x86_64-linux-gnu/libpython3.10.so (found suitable version "3.10.12", minimum required is "3.5") \n'}
[1.478043] (duco_msg) StdoutLine: {'line': b'-- Using PYTHON_EXECUTABLE: /usr/bin/python3\n'}
[1.478111] (duco_msg) StdoutLine: {'line': b'-- Using PYTHON_INCLUDE_DIRS: /usr/include/python3.10\n'}
[1.478173] (duco_msg) StdoutLine: {'line': b'-- Using PYTHON_LIBRARIES: /usr/lib/x86_64-linux-gnu/libpython3.10.so\n'}
[1.489907] (aivt_interfaces) StdoutLine: {'line': b'[ 22%] Built target aivt_interfaces__rosidl_generator_c\n'}
[1.494677] (duco_msg) StdoutLine: {'line': b'-- Found PythonExtra: .so  \n'}
[1.498717] (aivt_interfaces) StdoutLine: {'line': b'[ 32%] \x1b[34m\x1b[1mGenerating C type support dispatch for ROS interfaces\x1b[0m\n'}
[1.498879] (aivt_interfaces) StdoutLine: {'line': b'[ 32%] \x1b[34m\x1b[1mGenerating C introspection for ROS interfaces\x1b[0m\n'}
[1.498953] (aivt_interfaces) StdoutLine: {'line': b'[ 32%] \x1b[34m\x1b[1mGenerating C type support for eProsima Fast-RTPS\x1b[0m\n'}
[1.501162] (-) TimerEvent: {}
[1.562382] (aivt_interfaces) StdoutLine: {'line': b'[ 35%] \x1b[32mBuilding CXX object CMakeFiles/aivt_interfaces__rosidl_typesupport_cpp.dir/rosidl_typesupport_cpp/aivt_interfaces/msg/target_pose__type_support.cpp.o\x1b[0m\n'}
[1.570317] (aivt_interfaces) StdoutLine: {'line': b'[ 38%] \x1b[32mBuilding CXX object CMakeFiles/aivt_interfaces__rosidl_typesupport_introspection_cpp.dir/rosidl_typesupport_introspection_cpp/aivt_interfaces/msg/detail/target_pose__type_support.cpp.o\x1b[0m\n'}
[1.572971] (duco_msg) StdoutLine: {'line': b"-- Added test 'lint_cmake' to check CMake code style\n"}
[1.574524] (duco_msg) StdoutLine: {'line': b"-- Added test 'xmllint' to check XML markup files\n"}
[1.577832] (aivt_interfaces) StdoutLine: {'line': b'[ 41%] \x1b[32mBuilding CXX object CMakeFiles/aivt_interfaces__rosidl_typesupport_fastrtps_cpp.dir/rosidl_typesupport_fastrtps_cpp/aivt_interfaces/msg/detail/dds_fastrtps/target_pose__type_support.cpp.o\x1b[0m\n'}
[1.579328] (duco_msg) StdoutLine: {'line': b'-- Configuring done\n'}
[1.601258] (-) TimerEvent: {}
[1.636543] (duco_msg) StdoutLine: {'line': b'-- Generating done\n'}
[1.651005] (duco_msg) StdoutLine: {'line': b'-- Build files have been written to: /home/user/ws_siasun/build/duco_msg\n'}
[1.661428] (duco_msg) CommandEnded: {'returncode': 0}
[1.661972] (duco_msg) JobProgress: {'identifier': 'duco_msg', 'progress': 'build'}
[1.662333] (duco_msg) Command: {'cmd': ['/usr/bin/cmake', '--build', '/home/user/ws_siasun/build/duco_msg', '--', '-j16', '-l16'], 'cwd': '/home/user/ws_siasun/build/duco_msg', 'env': OrderedDict([('PYTHON_BASIC_REPL', '1'), ('LESSOPEN', '| /usr/bin/lesspipe %s'), ('no_proxy', 'localhost,127.0.0.0/8,::1'), ('LANGUAGE', 'zh_CN:zh'), ('USER', 'user'), ('XDG_SESSION_TYPE', 'wayland'), ('SHLVL', '2'), ('LD_LIBRARY_PATH', '/opt/ros/humble/opt/rviz_ogre_vendor/lib:/opt/ros/humble/lib/x86_64-linux-gnu:/opt/ros/humble/lib'), ('HOME', '/home/user'), ('CHROME_DESKTOP', 'code.desktop'), ('TERM_PROGRAM_VERSION', '1.98.2'), ('DESKTOP_SESSION', 'ubuntu'), ('NO_PROXY', 'localhost,127.0.0.0/8,::1'), ('ROS_PYTHON_VERSION', '3'), ('GNOME_SHELL_SESSION_MODE', 'ubuntu'), ('GTK_MODULES', 'gail:atk-bridge'), ('DBUS_STARTER_BUS_TYPE', 'session'), ('SYSTEMD_EXEC_PID', '1152'), ('DBUS_SESSION_BUS_ADDRESS', 'unix:path=/run/user/1000/bus,guid=29aa453e04d6fd81a7f888c968edb0a6'), ('COLORTERM', 'truecolor'), ('IM_CONFIG_PHASE', '1'), ('WAYLAND_DISPLAY', 'wayland-0'), ('ROS_DISTRO', 'humble'), ('LOGNAME', 'user'), ('http_proxy', 'http://127.0.0.1:7890/'), ('_', '/usr/bin/colcon'), ('ROS_VERSION', '2'), ('XDG_SESSION_CLASS', 'user'), ('USERNAME', 'user'), ('TERM', 'xterm-256color'), ('GNOME_DESKTOP_SESSION_ID', 'this-is-deprecated'), ('ROS_LOCALHOST_ONLY', '0'), ('PATH', '/opt/ros/humble/bin:/usr/local/sbin:/usr/local/bin:/usr/sbin:/usr/bin:/sbin:/bin:/usr/games:/usr/local/games:/snap/bin:/snap/bin'), ('SESSION_MANAGER', 'local/user-Default-string:@/tmp/.ICE-unix/1152,unix/user-Default-string:/tmp/.ICE-unix/1152'), ('XDG_MENU_PREFIX', 'gnome-'), ('GNOME_TERMINAL_SCREEN', '/org/gnome/Terminal/screen/605294d2_5418_4e5f_b2e7_5a2a21147e6f'), ('GNOME_SETUP_DISPLAY', ':1'), ('XDG_RUNTIME_DIR', '/run/user/1000'), ('GDK_BACKEND', 'x11'), ('DISPLAY', ':0'), ('LANG', 'zh_CN.UTF-8'), ('XDG_CURRENT_DESKTOP', 'Unity'), ('PYTHONSTARTUP', '/home/user/.config/Code/User/workspaceStorage/0e147a0a2fd8792e328fcddb38a40cd9/ms-python.python/pythonrc.py'), ('XMODIFIERS', '@im=ibus'), ('XDG_SESSION_DESKTOP', 'ubuntu'), ('XAUTHORITY', '/run/user/1000/.mutter-Xwaylandauth.ATR2D3'), ('LS_COLORS', 'rs=0:di=01;34:ln=01;36:mh=00:pi=40;33:so=01;35:do=01;35:bd=40;33;01:cd=40;33;01:or=40;31;01:mi=00:su=37;41:sg=30;43:ca=30;41:tw=30;42:ow=34;42:st=37;44:ex=01;32:*.tar=01;31:*.tgz=01;31:*.arc=01;31:*.arj=01;31:*.taz=01;31:*.lha=01;31:*.lz4=01;31:*.lzh=01;31:*.lzma=01;31:*.tlz=01;31:*.txz=01;31:*.tzo=01;31:*.t7z=01;31:*.zip=01;31:*.z=01;31:*.dz=01;31:*.gz=01;31:*.lrz=01;31:*.lz=01;31:*.lzo=01;31:*.xz=01;31:*.zst=01;31:*.tzst=01;31:*.bz2=01;31:*.bz=01;31:*.tbz=01;31:*.tbz2=01;31:*.tz=01;31:*.deb=01;31:*.rpm=01;31:*.jar=01;31:*.war=01;31:*.ear=01;31:*.sar=01;31:*.rar=01;31:*.alz=01;31:*.ace=01;31:*.zoo=01;31:*.cpio=01;31:*.7z=01;31:*.rz=01;31:*.cab=01;31:*.wim=01;31:*.swm=01;31:*.dwm=01;31:*.esd=01;31:*.jpg=01;35:*.jpeg=01;35:*.mjpg=01;35:*.mjpeg=01;35:*.gif=01;35:*.bmp=01;35:*.pbm=01;35:*.pgm=01;35:*.ppm=01;35:*.tga=01;35:*.xbm=01;35:*.xpm=01;35:*.tif=01;35:*.tiff=01;35:*.png=01;35:*.svg=01;35:*.svgz=01;35:*.mng=01;35:*.pcx=01;35:*.mov=01;35:*.mpg=01;35:*.mpeg=01;35:*.m2v=01;35:*.mkv=01;35:*.webm=01;35:*.webp=01;35:*.ogm=01;35:*.mp4=01;35:*.m4v=01;35:*.mp4v=01;35:*.vob=01;35:*.qt=01;35:*.nuv=01;35:*.wmv=01;35:*.asf=01;35:*.rm=01;35:*.rmvb=01;35:*.flc=01;35:*.avi=01;35:*.fli=01;35:*.flv=01;35:*.gl=01;35:*.dl=01;35:*.xcf=01;35:*.xwd=01;35:*.yuv=01;35:*.cgm=01;35:*.emf=01;35:*.ogv=01;35:*.ogx=01;35:*.aac=00;36:*.au=00;36:*.flac=00;36:*.m4a=00;36:*.mid=00;36:*.midi=00;36:*.mka=00;36:*.mp3=00;36:*.mpc=00;36:*.ogg=00;36:*.ra=00;36:*.wav=00;36:*.oga=00;36:*.opus=00;36:*.spx=00;36:*.xspf=00;36:'), ('GNOME_TERMINAL_SERVICE', ':1.131'), ('TERM_PROGRAM', 'vscode'), ('SSH_AGENT_LAUNCHER', 'gnome-keyring'), ('SSH_AUTH_SOCK', '/run/user/1000/keyring/ssh'), ('AMENT_PREFIX_PATH', '/opt/ros/humble'), ('ORIGINAL_XDG_CURRENT_DESKTOP', 'ubuntu:GNOME'), ('SHELL', '/bin/bash'), ('QT_ACCESSIBILITY', '1'), ('GDMSESSION', 'ubuntu'), ('LESSCLOSE', '/usr/bin/lesspipe %s %s'), ('QT_IM_MODULE', 'ibus'), ('PWD', '/home/user/ws_siasun/build/duco_msg'), ('XDG_CONFIG_DIRS', '/etc/xdg/xdg-ubuntu:/etc/xdg'), ('DBUS_STARTER_ADDRESS', 'unix:path=/run/user/1000/bus,guid=29aa453e04d6fd81a7f888c968edb0a6'), ('XDG_DATA_DIRS', '/usr/share/ubuntu:/usr/local/share/:/usr/share/:/var/lib/snapd/desktop'), ('PYTHONPATH', '/opt/ros/humble/lib/python3.10/site-packages:/opt/ros/humble/local/lib/python3.10/dist-packages'), ('HTTP_PROXY', 'http://127.0.0.1:7890/'), ('COLCON', '1'), ('VTE_VERSION', '6800'), ('CMAKE_PREFIX_PATH', '/opt/ros/humble')]), 'shell': False}
[1.683896] (aivt_interfaces) StdoutLine: {'line': b'[ 45%] \x1b[32mBuilding CXX object CMakeFiles/aivt_interfaces__rosidl_typesupport_fastrtps_c.dir/rosidl_typesupport_fastrtps_c/aivt_interfaces/msg/detail/target_pose__type_support_c.cpp.o\x1b[0m\n'}
[1.698505] (duco_msg) StdoutLine: {'line': b'[  1%] \x1b[34m\x1b[1mGenerating C code for ROS interfaces\x1b[0m\n'}
[1.701364] (-) TimerEvent: {}
[1.710577] (duco_msg) StdoutLine: {'line': b'[  1%] \x1b[34m\x1b[1mGenerating C++ code for ROS interfaces\x1b[0m\n'}
[1.711834] (duco_msg) StdoutLine: {'line': b'[  1%] Built target ament_cmake_python_copy_duco_msg\n'}
[1.728786] (aivt_interfaces) StdoutLine: {'line': b'[ 48%] \x1b[32mBuilding CXX object CMakeFiles/aivt_interfaces__rosidl_typesupport_c.dir/rosidl_typesupport_c/aivt_interfaces/msg/target_pose__type_support.cpp.o\x1b[0m\n'}
[1.746353] (aivt_interfaces) StdoutLine: {'line': b'[ 51%] \x1b[32mBuilding C object CMakeFiles/aivt_interfaces__rosidl_typesupport_introspection_c.dir/rosidl_typesupport_introspection_c/aivt_interfaces/msg/detail/target_pose__type_support.c.o\x1b[0m\n'}
[1.753624] (aivt_interfaces) StdoutLine: {'line': b'[ 54%] \x1b[32m\x1b[1mLinking CXX shared library libaivt_interfaces__rosidl_typesupport_c.so\x1b[0m\n'}
[1.764260] (aivt_interfaces) StdoutLine: {'line': b'[ 58%] \x1b[32m\x1b[1mLinking CXX shared library libaivt_interfaces__rosidl_typesupport_cpp.so\x1b[0m\n'}
[1.771171] (aivt_interfaces) StdoutLine: {'line': b'[ 61%] \x1b[32m\x1b[1mLinking C shared library libaivt_interfaces__rosidl_typesupport_introspection_c.so\x1b[0m\n'}
[1.792202] (aivt_interfaces) StdoutLine: {'line': b'[ 61%] Built target aivt_interfaces__rosidl_typesupport_c\n'}
[1.800510] (aivt_interfaces) StdoutLine: {'line': b'[ 61%] Built target aivt_interfaces__rosidl_typesupport_introspection_c\n'}
[1.801452] (-) TimerEvent: {}
[1.803044] (aivt_interfaces) StdoutLine: {'line': b'[ 61%] Built target aivt_interfaces__rosidl_typesupport_cpp\n'}
[1.842034] (aivt_interfaces) StdoutLine: {'line': b'[ 64%] \x1b[32m\x1b[1mLinking CXX shared library libaivt_interfaces__rosidl_typesupport_fastrtps_cpp.so\x1b[0m\n'}
[1.865790] (duco_msg) StdoutLine: {'line': b'running egg_info\n'}
[1.866095] (duco_msg) StdoutLine: {'line': b'creating duco_msg.egg-info\n'}
[1.866210] (duco_msg) StdoutLine: {'line': b'writing duco_msg.egg-info/PKG-INFO\n'}
[1.866317] (duco_msg) StdoutLine: {'line': b'writing dependency_links to duco_msg.egg-info/dependency_links.txt\n'}
[1.866402] (duco_msg) StdoutLine: {'line': b'writing top-level names to duco_msg.egg-info/top_level.txt\n'}
[1.866512] (duco_msg) StdoutLine: {'line': b"writing manifest file 'duco_msg.egg-info/SOURCES.txt'\n"}
[1.867841] (duco_msg) StdoutLine: {'line': b"reading manifest file 'duco_msg.egg-info/SOURCES.txt'\n"}
[1.868230] (duco_msg) StdoutLine: {'line': b"writing manifest file 'duco_msg.egg-info/SOURCES.txt'\n"}
[1.890242] (duco_msg) StdoutLine: {'line': b'[  1%] Built target ament_cmake_python_build_duco_msg_egg\n'}
[1.901722] (-) TimerEvent: {}
[1.903531] (aivt_interfaces) StdoutLine: {'line': b'[ 64%] Built target aivt_interfaces__rosidl_typesupport_fastrtps_cpp\n'}
[1.937126] (aivt_interfaces) StdoutLine: {'line': b'[ 67%] \x1b[32m\x1b[1mLinking CXX shared library libaivt_interfaces__rosidl_typesupport_introspection_cpp.so\x1b[0m\n'}
[1.987724] (aivt_interfaces) StdoutLine: {'line': b'[ 67%] Built target aivt_interfaces__rosidl_typesupport_introspection_cpp\n'}
[1.996367] (aivt_interfaces) StdoutLine: {'line': b'[ 70%] \x1b[32m\x1b[1mLinking CXX shared library libaivt_interfaces__rosidl_typesupport_fastrtps_c.so\x1b[0m\n'}
[2.001666] (-) TimerEvent: {}
[2.049611] (aivt_interfaces) StdoutLine: {'line': b'[ 70%] Built target aivt_interfaces__rosidl_typesupport_fastrtps_c\n'}
[2.064766] (aivt_interfaces) StdoutLine: {'line': b'[ 70%] Built target aivt_interfaces\n'}
[2.080391] (aivt_interfaces) StdoutLine: {'line': b'[ 74%] \x1b[34m\x1b[1mGenerating Python code for ROS interfaces\x1b[0m\n'}
[2.101748] (-) TimerEvent: {}
[2.201966] (-) TimerEvent: {}
[2.258043] (aivt_interfaces) StdoutLine: {'line': b'[ 74%] Built target aivt_interfaces__py\n'}
[2.272408] (aivt_interfaces) StdoutLine: {'line': b'[ 77%] \x1b[32mBuilding C object CMakeFiles/aivt_interfaces__rosidl_generator_py.dir/rosidl_generator_py/aivt_interfaces/msg/_target_pose_s.c.o\x1b[0m\n'}
[2.302129] (-) TimerEvent: {}
[2.336616] (aivt_interfaces) StdoutLine: {'line': b'[ 80%] \x1b[32m\x1b[1mLinking C shared library rosidl_generator_py/aivt_interfaces/libaivt_interfaces__rosidl_generator_py.so\x1b[0m\n'}
[2.369747] (aivt_interfaces) StdoutLine: {'line': b'[ 80%] Built target aivt_interfaces__rosidl_generator_py\n'}
[2.375598] (duco_msg) StdoutLine: {'line': b'[  2%] \x1b[32mBuilding C object CMakeFiles/duco_msg__rosidl_generator_c.dir/rosidl_generator_c/duco_msg/srv/detail/duco_robot_states__functions.c.o\x1b[0m\n'}
[2.375802] (duco_msg) StdoutLine: {'line': b'[  3%] \x1b[32mBuilding C object CMakeFiles/duco_msg__rosidl_generator_c.dir/rosidl_generator_c/duco_msg/srv/detail/pose_estimation__functions.c.o\x1b[0m\n'}
[2.375906] (duco_msg) StdoutLine: {'line': b'[  5%] \x1b[32mBuilding C object CMakeFiles/duco_msg__rosidl_generator_c.dir/rosidl_generator_c/duco_msg/msg/detail/duco_robot_state__functions.c.o\x1b[0m\n'}
[2.375996] (duco_msg) StdoutLine: {'line': b'[  5%] \x1b[32mBuilding C object CMakeFiles/duco_msg__rosidl_generator_c.dir/rosidl_generator_c/duco_msg/msg/detail/virtual_servo_pose__functions.c.o\x1b[0m\n'}
[2.376086] (duco_msg) StdoutLine: {'line': b'[  5%] \x1b[32mBuilding C object CMakeFiles/duco_msg__rosidl_generator_c.dir/rosidl_generator_c/duco_msg/srv/detail/robot_io_control__functions.c.o\x1b[0m\n'}
[2.376649] (duco_msg) StdoutLine: {'line': b'[  8%] \x1b[32mBuilding C object CMakeFiles/duco_msg__rosidl_generator_c.dir/rosidl_generator_c/duco_msg/srv/detail/robot_control__functions.c.o\x1b[0m\n'}
[2.376757] (duco_msg) StdoutLine: {'line': b'[  8%] \x1b[32mBuilding C object CMakeFiles/duco_msg__rosidl_generator_c.dir/rosidl_generator_c/duco_msg/srv/detail/speech__functions.c.o\x1b[0m\n'}
[2.376841] (duco_msg) StdoutLine: {'line': b'[  8%] \x1b[32mBuilding C object CMakeFiles/duco_msg__rosidl_generator_c.dir/rosidl_generator_c/duco_msg/srv/detail/robot_move__functions.c.o\x1b[0m\n'}
[2.376894] (duco_msg) StdoutLine: {'line': b'[  9%] \x1b[32mBuilding C object CMakeFiles/duco_msg__rosidl_generator_c.dir/rosidl_generator_c/duco_msg/srv/detail/grippers__functions.c.o\x1b[0m\n'}
[2.376943] (duco_msg) StdoutLine: {'line': b'[ 10%] \x1b[32mBuilding C object CMakeFiles/duco_msg__rosidl_generator_c.dir/rosidl_generator_c/duco_msg/msg/detail/virtual_servo_point_cloud__functions.c.o\x1b[0m\n'}
[2.376987] (duco_msg) StdoutLine: {'line': b'[ 11%] \x1b[32mBuilding C object CMakeFiles/duco_msg__rosidl_generator_c.dir/rosidl_generator_c/duco_msg/srv/detail/robot_task_state_rquest__functions.c.o\x1b[0m\n'}
[2.388691] (aivt_interfaces) StdoutLine: {'line': b'[ 83%] \x1b[32mBuilding C object CMakeFiles/aivt_interfaces__rosidl_typesupport_fastrtps_c__pyext.dir/rosidl_generator_py/aivt_interfaces/_aivt_interfaces_s.ep.rosidl_typesupport_fastrtps_c.c.o\x1b[0m\n'}
[2.390240] (aivt_interfaces) StdoutLine: {'line': b'[ 87%] \x1b[32mBuilding C object CMakeFiles/aivt_interfaces__rosidl_typesupport_c__pyext.dir/rosidl_generator_py/aivt_interfaces/_aivt_interfaces_s.ep.rosidl_typesupport_c.c.o\x1b[0m\n'}
[2.390865] (aivt_interfaces) StdoutLine: {'line': b'[ 90%] \x1b[32mBuilding C object CMakeFiles/aivt_interfaces__rosidl_typesupport_introspection_c__pyext.dir/rosidl_generator_py/aivt_interfaces/_aivt_interfaces_s.ep.rosidl_typesupport_introspection_c.c.o\x1b[0m\n'}
[2.402350] (-) TimerEvent: {}
[2.445694] (duco_msg) StdoutLine: {'line': b'[ 12%] \x1b[32m\x1b[1mLinking C shared library libduco_msg__rosidl_generator_c.so\x1b[0m\n'}
[2.469963] (duco_msg) StdoutLine: {'line': b'[ 12%] Built target duco_msg__cpp\n'}
[2.478172] (duco_msg) StdoutLine: {'line': b'[ 13%] \x1b[34m\x1b[1mGenerating C++ type support dispatch for ROS interfaces\x1b[0m\n'}
[2.478509] (duco_msg) StdoutLine: {'line': b'[ 13%] \x1b[34m\x1b[1mGenerating C++ type support for eProsima Fast-RTPS\x1b[0m\n'}
[2.479021] (duco_msg) StdoutLine: {'line': b'[ 14%] \x1b[34m\x1b[1mGenerating C++ introspection for ROS interfaces\x1b[0m\n'}
[2.480037] (aivt_interfaces) StdoutLine: {'line': b'[ 93%] \x1b[32m\x1b[1mLinking C shared library rosidl_generator_py/aivt_interfaces/aivt_interfaces_s__rosidl_typesupport_c.cpython-310-x86_64-linux-gnu.so\x1b[0m\n'}
[2.481919] (aivt_interfaces) StdoutLine: {'line': b'[ 96%] \x1b[32m\x1b[1mLinking C shared library rosidl_generator_py/aivt_interfaces/aivt_interfaces_s__rosidl_typesupport_fastrtps_c.cpython-310-x86_64-linux-gnu.so\x1b[0m\n'}
[2.490804] (duco_msg) StdoutLine: {'line': b'[ 14%] Built target duco_msg__rosidl_generator_c\n'}
[2.496944] (aivt_interfaces) StdoutLine: {'line': b'[100%] \x1b[32m\x1b[1mLinking C shared library rosidl_generator_py/aivt_interfaces/aivt_interfaces_s__rosidl_typesupport_introspection_c.cpython-310-x86_64-linux-gnu.so\x1b[0m\n'}
[2.497910] (duco_msg) StdoutLine: {'line': b'[ 15%] \x1b[34m\x1b[1mGenerating C type support dispatch for ROS interfaces\x1b[0m\n'}
[2.501050] (duco_msg) StdoutLine: {'line': b'[ 17%] \x1b[34m\x1b[1mGenerating C type support for eProsima Fast-RTPS\x1b[0m\n'}
[2.501186] (duco_msg) StdoutLine: {'line': b'[ 17%] \x1b[34m\x1b[1mGenerating C introspection for ROS interfaces\x1b[0m\n'}
[2.502429] (-) TimerEvent: {}
[2.506564] (aivt_interfaces) StdoutLine: {'line': b'[100%] Built target aivt_interfaces__rosidl_typesupport_c__pyext\n'}
[2.511093] (aivt_interfaces) StdoutLine: {'line': b'[100%] Built target aivt_interfaces__rosidl_typesupport_fastrtps_c__pyext\n'}
[2.524712] (aivt_interfaces) StdoutLine: {'line': b'[100%] Built target aivt_interfaces__rosidl_typesupport_introspection_c__pyext\n'}
[2.541020] (aivt_interfaces) CommandEnded: {'returncode': 0}
[2.541573] (aivt_interfaces) JobProgress: {'identifier': 'aivt_interfaces', 'progress': 'install'}
[2.541781] (aivt_interfaces) Command: {'cmd': ['/usr/bin/cmake', '--install', '/home/user/ws_siasun/build/aivt_interfaces'], 'cwd': '/home/user/ws_siasun/build/aivt_interfaces', 'env': OrderedDict([('PYTHON_BASIC_REPL', '1'), ('LESSOPEN', '| /usr/bin/lesspipe %s'), ('no_proxy', 'localhost,127.0.0.0/8,::1'), ('LANGUAGE', 'zh_CN:zh'), ('USER', 'user'), ('XDG_SESSION_TYPE', 'wayland'), ('SHLVL', '2'), ('LD_LIBRARY_PATH', '/opt/ros/humble/opt/rviz_ogre_vendor/lib:/opt/ros/humble/lib/x86_64-linux-gnu:/opt/ros/humble/lib'), ('HOME', '/home/user'), ('CHROME_DESKTOP', 'code.desktop'), ('TERM_PROGRAM_VERSION', '1.98.2'), ('DESKTOP_SESSION', 'ubuntu'), ('NO_PROXY', 'localhost,127.0.0.0/8,::1'), ('ROS_PYTHON_VERSION', '3'), ('GNOME_SHELL_SESSION_MODE', 'ubuntu'), ('GTK_MODULES', 'gail:atk-bridge'), ('DBUS_STARTER_BUS_TYPE', 'session'), ('SYSTEMD_EXEC_PID', '1152'), ('DBUS_SESSION_BUS_ADDRESS', 'unix:path=/run/user/1000/bus,guid=29aa453e04d6fd81a7f888c968edb0a6'), ('COLORTERM', 'truecolor'), ('IM_CONFIG_PHASE', '1'), ('WAYLAND_DISPLAY', 'wayland-0'), ('ROS_DISTRO', 'humble'), ('LOGNAME', 'user'), ('http_proxy', 'http://127.0.0.1:7890/'), ('_', '/usr/bin/colcon'), ('ROS_VERSION', '2'), ('XDG_SESSION_CLASS', 'user'), ('USERNAME', 'user'), ('TERM', 'xterm-256color'), ('GNOME_DESKTOP_SESSION_ID', 'this-is-deprecated'), ('ROS_LOCALHOST_ONLY', '0'), ('PATH', '/opt/ros/humble/bin:/usr/local/sbin:/usr/local/bin:/usr/sbin:/usr/bin:/sbin:/bin:/usr/games:/usr/local/games:/snap/bin:/snap/bin'), ('SESSION_MANAGER', 'local/user-Default-string:@/tmp/.ICE-unix/1152,unix/user-Default-string:/tmp/.ICE-unix/1152'), ('XDG_MENU_PREFIX', 'gnome-'), ('GNOME_TERMINAL_SCREEN', '/org/gnome/Terminal/screen/605294d2_5418_4e5f_b2e7_5a2a21147e6f'), ('GNOME_SETUP_DISPLAY', ':1'), ('XDG_RUNTIME_DIR', '/run/user/1000'), ('GDK_BACKEND', 'x11'), ('DISPLAY', ':0'), ('LANG', 'zh_CN.UTF-8'), ('XDG_CURRENT_DESKTOP', 'Unity'), ('PYTHONSTARTUP', '/home/user/.config/Code/User/workspaceStorage/0e147a0a2fd8792e328fcddb38a40cd9/ms-python.python/pythonrc.py'), ('XMODIFIERS', '@im=ibus'), ('XDG_SESSION_DESKTOP', 'ubuntu'), ('XAUTHORITY', '/run/user/1000/.mutter-Xwaylandauth.ATR2D3'), ('LS_COLORS', 'rs=0:di=01;34:ln=01;36:mh=00:pi=40;33:so=01;35:do=01;35:bd=40;33;01:cd=40;33;01:or=40;31;01:mi=00:su=37;41:sg=30;43:ca=30;41:tw=30;42:ow=34;42:st=37;44:ex=01;32:*.tar=01;31:*.tgz=01;31:*.arc=01;31:*.arj=01;31:*.taz=01;31:*.lha=01;31:*.lz4=01;31:*.lzh=01;31:*.lzma=01;31:*.tlz=01;31:*.txz=01;31:*.tzo=01;31:*.t7z=01;31:*.zip=01;31:*.z=01;31:*.dz=01;31:*.gz=01;31:*.lrz=01;31:*.lz=01;31:*.lzo=01;31:*.xz=01;31:*.zst=01;31:*.tzst=01;31:*.bz2=01;31:*.bz=01;31:*.tbz=01;31:*.tbz2=01;31:*.tz=01;31:*.deb=01;31:*.rpm=01;31:*.jar=01;31:*.war=01;31:*.ear=01;31:*.sar=01;31:*.rar=01;31:*.alz=01;31:*.ace=01;31:*.zoo=01;31:*.cpio=01;31:*.7z=01;31:*.rz=01;31:*.cab=01;31:*.wim=01;31:*.swm=01;31:*.dwm=01;31:*.esd=01;31:*.jpg=01;35:*.jpeg=01;35:*.mjpg=01;35:*.mjpeg=01;35:*.gif=01;35:*.bmp=01;35:*.pbm=01;35:*.pgm=01;35:*.ppm=01;35:*.tga=01;35:*.xbm=01;35:*.xpm=01;35:*.tif=01;35:*.tiff=01;35:*.png=01;35:*.svg=01;35:*.svgz=01;35:*.mng=01;35:*.pcx=01;35:*.mov=01;35:*.mpg=01;35:*.mpeg=01;35:*.m2v=01;35:*.mkv=01;35:*.webm=01;35:*.webp=01;35:*.ogm=01;35:*.mp4=01;35:*.m4v=01;35:*.mp4v=01;35:*.vob=01;35:*.qt=01;35:*.nuv=01;35:*.wmv=01;35:*.asf=01;35:*.rm=01;35:*.rmvb=01;35:*.flc=01;35:*.avi=01;35:*.fli=01;35:*.flv=01;35:*.gl=01;35:*.dl=01;35:*.xcf=01;35:*.xwd=01;35:*.yuv=01;35:*.cgm=01;35:*.emf=01;35:*.ogv=01;35:*.ogx=01;35:*.aac=00;36:*.au=00;36:*.flac=00;36:*.m4a=00;36:*.mid=00;36:*.midi=00;36:*.mka=00;36:*.mp3=00;36:*.mpc=00;36:*.ogg=00;36:*.ra=00;36:*.wav=00;36:*.oga=00;36:*.opus=00;36:*.spx=00;36:*.xspf=00;36:'), ('GNOME_TERMINAL_SERVICE', ':1.131'), ('TERM_PROGRAM', 'vscode'), ('SSH_AGENT_LAUNCHER', 'gnome-keyring'), ('SSH_AUTH_SOCK', '/run/user/1000/keyring/ssh'), ('AMENT_PREFIX_PATH', '/opt/ros/humble'), ('ORIGINAL_XDG_CURRENT_DESKTOP', 'ubuntu:GNOME'), ('SHELL', '/bin/bash'), ('QT_ACCESSIBILITY', '1'), ('GDMSESSION', 'ubuntu'), ('LESSCLOSE', '/usr/bin/lesspipe %s %s'), ('QT_IM_MODULE', 'ibus'), ('PWD', '/home/user/ws_siasun/build/aivt_interfaces'), ('XDG_CONFIG_DIRS', '/etc/xdg/xdg-ubuntu:/etc/xdg'), ('DBUS_STARTER_ADDRESS', 'unix:path=/run/user/1000/bus,guid=29aa453e04d6fd81a7f888c968edb0a6'), ('XDG_DATA_DIRS', '/usr/share/ubuntu:/usr/local/share/:/usr/share/:/var/lib/snapd/desktop'), ('PYTHONPATH', '/opt/ros/humble/lib/python3.10/site-packages:/opt/ros/humble/local/lib/python3.10/dist-packages'), ('HTTP_PROXY', 'http://127.0.0.1:7890/'), ('COLCON', '1'), ('VTE_VERSION', '6800'), ('CMAKE_PREFIX_PATH', '/opt/ros/humble')]), 'shell': False}
[2.549735] (aivt_interfaces) StdoutLine: {'line': b'-- Install configuration: ""\n'}
[2.549949] (aivt_interfaces) StdoutLine: {'line': b'-- Installing: /home/user/ws_siasun/install/aivt_interfaces/share/ament_index/resource_index/rosidl_interfaces/aivt_interfaces\n'}
[2.550036] (aivt_interfaces) StdoutLine: {'line': b'-- Installing: /home/user/ws_siasun/install/aivt_interfaces/include/aivt_interfaces/aivt_interfaces\n'}
[2.550104] (aivt_interfaces) StdoutLine: {'line': b'-- Installing: /home/user/ws_siasun/install/aivt_interfaces/include/aivt_interfaces/aivt_interfaces/msg\n'}
[2.550169] (aivt_interfaces) StdoutLine: {'line': b'-- Installing: /home/user/ws_siasun/install/aivt_interfaces/include/aivt_interfaces/aivt_interfaces/msg/target_pose.h\n'}
[2.550236] (aivt_interfaces) StdoutLine: {'line': b'-- Installing: /home/user/ws_siasun/install/aivt_interfaces/include/aivt_interfaces/aivt_interfaces/msg/rosidl_generator_c__visibility_control.h\n'}
[2.550302] (aivt_interfaces) StdoutLine: {'line': b'-- Installing: /home/user/ws_siasun/install/aivt_interfaces/include/aivt_interfaces/aivt_interfaces/msg/detail\n'}
[2.550368] (aivt_interfaces) StdoutLine: {'line': b'-- Installing: /home/user/ws_siasun/install/aivt_interfaces/include/aivt_interfaces/aivt_interfaces/msg/detail/target_pose__type_support.h\n'}
[2.550448] (aivt_interfaces) StdoutLine: {'line': b'-- Installing: /home/user/ws_siasun/install/aivt_interfaces/include/aivt_interfaces/aivt_interfaces/msg/detail/target_pose__struct.h\n'}
[2.550512] (aivt_interfaces) StdoutLine: {'line': b'-- Installing: /home/user/ws_siasun/install/aivt_interfaces/include/aivt_interfaces/aivt_interfaces/msg/detail/target_pose__functions.c\n'}
[2.550576] (aivt_interfaces) StdoutLine: {'line': b'-- Installing: /home/user/ws_siasun/install/aivt_interfaces/include/aivt_interfaces/aivt_interfaces/msg/detail/target_pose__functions.h\n'}
[2.550659] (aivt_interfaces) StdoutLine: {'line': b'-- Installing: /home/user/ws_siasun/install/aivt_interfaces/share/aivt_interfaces/environment/library_path.sh\n'}
[2.550736] (aivt_interfaces) StdoutLine: {'line': b'-- Installing: /home/user/ws_siasun/install/aivt_interfaces/share/aivt_interfaces/environment/library_path.dsv\n'}
[2.550805] (aivt_interfaces) StdoutLine: {'line': b'-- Installing: /home/user/ws_siasun/install/aivt_interfaces/lib/libaivt_interfaces__rosidl_generator_c.so\n'}
[2.550980] (aivt_interfaces) StdoutLine: {'line': b'-- Set runtime path of "/home/user/ws_siasun/install/aivt_interfaces/lib/libaivt_interfaces__rosidl_generator_c.so" to ""\n'}
[2.551060] (aivt_interfaces) StdoutLine: {'line': b'-- Up-to-date: /home/user/ws_siasun/install/aivt_interfaces/include/aivt_interfaces/aivt_interfaces\n'}
[2.551131] (aivt_interfaces) StdoutLine: {'line': b'-- Up-to-date: /home/user/ws_siasun/install/aivt_interfaces/include/aivt_interfaces/aivt_interfaces/msg\n'}
[2.551198] (aivt_interfaces) StdoutLine: {'line': b'-- Installing: /home/user/ws_siasun/install/aivt_interfaces/include/aivt_interfaces/aivt_interfaces/msg/rosidl_typesupport_fastrtps_c__visibility_control.h\n'}
[2.551266] (aivt_interfaces) StdoutLine: {'line': b'-- Up-to-date: /home/user/ws_siasun/install/aivt_interfaces/include/aivt_interfaces/aivt_interfaces/msg/detail\n'}
[2.551332] (aivt_interfaces) StdoutLine: {'line': b'-- Installing: /home/user/ws_siasun/install/aivt_interfaces/include/aivt_interfaces/aivt_interfaces/msg/detail/target_pose__rosidl_typesupport_fastrtps_c.h\n'}
[2.551398] (aivt_interfaces) StdoutLine: {'line': b'-- Installing: /home/user/ws_siasun/install/aivt_interfaces/lib/libaivt_interfaces__rosidl_typesupport_fastrtps_c.so\n'}
[2.551465] (aivt_interfaces) StdoutLine: {'line': b'-- Set runtime path of "/home/user/ws_siasun/install/aivt_interfaces/lib/libaivt_interfaces__rosidl_typesupport_fastrtps_c.so" to ""\n'}
[2.551535] (aivt_interfaces) StdoutLine: {'line': b'-- Up-to-date: /home/user/ws_siasun/install/aivt_interfaces/include/aivt_interfaces/aivt_interfaces\n'}
[2.551717] (aivt_interfaces) StdoutLine: {'line': b'-- Up-to-date: /home/user/ws_siasun/install/aivt_interfaces/include/aivt_interfaces/aivt_interfaces/msg\n'}
[2.551827] (aivt_interfaces) StdoutLine: {'line': b'-- Up-to-date: /home/user/ws_siasun/install/aivt_interfaces/include/aivt_interfaces/aivt_interfaces/msg/detail\n'}
[2.551948] (aivt_interfaces) StdoutLine: {'line': b'-- Installing: /home/user/ws_siasun/install/aivt_interfaces/include/aivt_interfaces/aivt_interfaces/msg/detail/target_pose__type_support.c\n'}
[2.552021] (aivt_interfaces) StdoutLine: {'line': b'-- Installing: /home/user/ws_siasun/install/aivt_interfaces/include/aivt_interfaces/aivt_interfaces/msg/detail/target_pose__rosidl_typesupport_introspection_c.h\n'}
[2.552103] (aivt_interfaces) StdoutLine: {'line': b'-- Installing: /home/user/ws_siasun/install/aivt_interfaces/include/aivt_interfaces/aivt_interfaces/msg/rosidl_typesupport_introspection_c__visibility_control.h\n'}
[2.552171] (aivt_interfaces) StdoutLine: {'line': b'-- Installing: /home/user/ws_siasun/install/aivt_interfaces/lib/libaivt_interfaces__rosidl_typesupport_introspection_c.so\n'}
[2.552238] (aivt_interfaces) StdoutLine: {'line': b'-- Set runtime path of "/home/user/ws_siasun/install/aivt_interfaces/lib/libaivt_interfaces__rosidl_typesupport_introspection_c.so" to ""\n'}
[2.552305] (aivt_interfaces) StdoutLine: {'line': b'-- Installing: /home/user/ws_siasun/install/aivt_interfaces/lib/libaivt_interfaces__rosidl_typesupport_c.so\n'}
[2.552371] (aivt_interfaces) StdoutLine: {'line': b'-- Set runtime path of "/home/user/ws_siasun/install/aivt_interfaces/lib/libaivt_interfaces__rosidl_typesupport_c.so" to ""\n'}
[2.552438] (aivt_interfaces) StdoutLine: {'line': b'-- Up-to-date: /home/user/ws_siasun/install/aivt_interfaces/include/aivt_interfaces/aivt_interfaces\n'}
[2.552504] (aivt_interfaces) StdoutLine: {'line': b'-- Up-to-date: /home/user/ws_siasun/install/aivt_interfaces/include/aivt_interfaces/aivt_interfaces/msg\n'}
[2.552570] (aivt_interfaces) StdoutLine: {'line': b'-- Installing: /home/user/ws_siasun/install/aivt_interfaces/include/aivt_interfaces/aivt_interfaces/msg/target_pose.hpp\n'}
[2.552738] (aivt_interfaces) StdoutLine: {'line': b'-- Up-to-date: /home/user/ws_siasun/install/aivt_interfaces/include/aivt_interfaces/aivt_interfaces/msg/detail\n'}
[2.552813] (aivt_interfaces) StdoutLine: {'line': b'-- Installing: /home/user/ws_siasun/install/aivt_interfaces/include/aivt_interfaces/aivt_interfaces/msg/detail/target_pose__struct.hpp\n'}
[2.552881] (aivt_interfaces) StdoutLine: {'line': b'-- Installing: /home/user/ws_siasun/install/aivt_interfaces/include/aivt_interfaces/aivt_interfaces/msg/detail/target_pose__type_support.hpp\n'}
[2.552948] (aivt_interfaces) StdoutLine: {'line': b'-- Installing: /home/user/ws_siasun/install/aivt_interfaces/include/aivt_interfaces/aivt_interfaces/msg/detail/target_pose__builder.hpp\n'}
[2.553013] (aivt_interfaces) StdoutLine: {'line': b'-- Installing: /home/user/ws_siasun/install/aivt_interfaces/include/aivt_interfaces/aivt_interfaces/msg/detail/target_pose__traits.hpp\n'}
[2.553079] (aivt_interfaces) StdoutLine: {'line': b'-- Installing: /home/user/ws_siasun/install/aivt_interfaces/include/aivt_interfaces/aivt_interfaces/msg/rosidl_generator_cpp__visibility_control.hpp\n'}
[2.553193] (aivt_interfaces) StdoutLine: {'line': b'-- Up-to-date: /home/user/ws_siasun/install/aivt_interfaces/include/aivt_interfaces/aivt_interfaces\n'}
[2.553255] (aivt_interfaces) StdoutLine: {'line': b'-- Up-to-date: /home/user/ws_siasun/install/aivt_interfaces/include/aivt_interfaces/aivt_interfaces/msg\n'}
[2.553314] (aivt_interfaces) StdoutLine: {'line': b'-- Installing: /home/user/ws_siasun/install/aivt_interfaces/include/aivt_interfaces/aivt_interfaces/msg/rosidl_typesupport_fastrtps_cpp__visibility_control.h\n'}
[2.553373] (aivt_interfaces) StdoutLine: {'line': b'-- Up-to-date: /home/user/ws_siasun/install/aivt_interfaces/include/aivt_interfaces/aivt_interfaces/msg/detail\n'}
[2.553433] (aivt_interfaces) StdoutLine: {'line': b'-- Installing: /home/user/ws_siasun/install/aivt_interfaces/include/aivt_interfaces/aivt_interfaces/msg/detail/dds_fastrtps\n'}
[2.553493] (aivt_interfaces) StdoutLine: {'line': b'-- Installing: /home/user/ws_siasun/install/aivt_interfaces/include/aivt_interfaces/aivt_interfaces/msg/detail/target_pose__rosidl_typesupport_fastrtps_cpp.hpp\n'}
[2.553555] (aivt_interfaces) StdoutLine: {'line': b'-- Installing: /home/user/ws_siasun/install/aivt_interfaces/lib/libaivt_interfaces__rosidl_typesupport_fastrtps_cpp.so\n'}
[2.553633] (aivt_interfaces) StdoutLine: {'line': b'-- Set runtime path of "/home/user/ws_siasun/install/aivt_interfaces/lib/libaivt_interfaces__rosidl_typesupport_fastrtps_cpp.so" to ""\n'}
[2.553699] (aivt_interfaces) StdoutLine: {'line': b'-- Up-to-date: /home/user/ws_siasun/install/aivt_interfaces/include/aivt_interfaces/aivt_interfaces\n'}
[2.553764] (aivt_interfaces) StdoutLine: {'line': b'-- Up-to-date: /home/user/ws_siasun/install/aivt_interfaces/include/aivt_interfaces/aivt_interfaces/msg\n'}
[2.553825] (aivt_interfaces) StdoutLine: {'line': b'-- Up-to-date: /home/user/ws_siasun/install/aivt_interfaces/include/aivt_interfaces/aivt_interfaces/msg/detail\n'}
[2.553886] (aivt_interfaces) StdoutLine: {'line': b'-- Installing: /home/user/ws_siasun/install/aivt_interfaces/include/aivt_interfaces/aivt_interfaces/msg/detail/target_pose__type_support.cpp\n'}
[2.553945] (aivt_interfaces) StdoutLine: {'line': b'-- Installing: /home/user/ws_siasun/install/aivt_interfaces/include/aivt_interfaces/aivt_interfaces/msg/detail/target_pose__rosidl_typesupport_introspection_cpp.hpp\n'}
[2.554005] (aivt_interfaces) StdoutLine: {'line': b'-- Installing: /home/user/ws_siasun/install/aivt_interfaces/lib/libaivt_interfaces__rosidl_typesupport_introspection_cpp.so\n'}
[2.554073] (aivt_interfaces) StdoutLine: {'line': b'-- Set runtime path of "/home/user/ws_siasun/install/aivt_interfaces/lib/libaivt_interfaces__rosidl_typesupport_introspection_cpp.so" to ""\n'}
[2.554135] (aivt_interfaces) StdoutLine: {'line': b'-- Installing: /home/user/ws_siasun/install/aivt_interfaces/lib/libaivt_interfaces__rosidl_typesupport_cpp.so\n'}
[2.554196] (aivt_interfaces) StdoutLine: {'line': b'-- Set runtime path of "/home/user/ws_siasun/install/aivt_interfaces/lib/libaivt_interfaces__rosidl_typesupport_cpp.so" to ""\n'}
[2.554263] (aivt_interfaces) StdoutLine: {'line': b'-- Installing: /home/user/ws_siasun/install/aivt_interfaces/share/aivt_interfaces/environment/pythonpath.sh\n'}
[2.554324] (aivt_interfaces) StdoutLine: {'line': b'-- Installing: /home/user/ws_siasun/install/aivt_interfaces/share/aivt_interfaces/environment/pythonpath.dsv\n'}
[2.554384] (aivt_interfaces) StdoutLine: {'line': b'-- Installing: /home/user/ws_siasun/install/aivt_interfaces/local/lib/python3.10/dist-packages/aivt_interfaces-0.0.0-py3.10.egg-info\n'}
[2.554444] (aivt_interfaces) StdoutLine: {'line': b'-- Installing: /home/user/ws_siasun/install/aivt_interfaces/local/lib/python3.10/dist-packages/aivt_interfaces-0.0.0-py3.10.egg-info/top_level.txt\n'}
[2.554504] (aivt_interfaces) StdoutLine: {'line': b'-- Installing: /home/user/ws_siasun/install/aivt_interfaces/local/lib/python3.10/dist-packages/aivt_interfaces-0.0.0-py3.10.egg-info/PKG-INFO\n'}
[2.554564] (aivt_interfaces) StdoutLine: {'line': b'-- Installing: /home/user/ws_siasun/install/aivt_interfaces/local/lib/python3.10/dist-packages/aivt_interfaces-0.0.0-py3.10.egg-info/SOURCES.txt\n'}
[2.554637] (aivt_interfaces) StdoutLine: {'line': b'-- Installing: /home/user/ws_siasun/install/aivt_interfaces/local/lib/python3.10/dist-packages/aivt_interfaces-0.0.0-py3.10.egg-info/dependency_links.txt\n'}
[2.554697] (aivt_interfaces) StdoutLine: {'line': b'-- Installing: /home/user/ws_siasun/install/aivt_interfaces/local/lib/python3.10/dist-packages/aivt_interfaces\n'}
[2.554757] (aivt_interfaces) StdoutLine: {'line': b'-- Installing: /home/user/ws_siasun/install/aivt_interfaces/local/lib/python3.10/dist-packages/aivt_interfaces/_aivt_interfaces_s.ep.rosidl_typesupport_introspection_c.c\n'}
[2.554817] (aivt_interfaces) StdoutLine: {'line': b'-- Installing: /home/user/ws_siasun/install/aivt_interfaces/local/lib/python3.10/dist-packages/aivt_interfaces/__init__.py\n'}
[2.554877] (aivt_interfaces) StdoutLine: {'line': b'-- Installing: /home/user/ws_siasun/install/aivt_interfaces/local/lib/python3.10/dist-packages/aivt_interfaces/aivt_interfaces_s__rosidl_typesupport_fastrtps_c.cpython-310-x86_64-linux-gnu.so\n'}
[2.554939] (aivt_interfaces) StdoutLine: {'line': b'-- Installing: /home/user/ws_siasun/install/aivt_interfaces/local/lib/python3.10/dist-packages/aivt_interfaces/aivt_interfaces_s__rosidl_typesupport_c.cpython-310-x86_64-linux-gnu.so\n'}
[2.554999] (aivt_interfaces) StdoutLine: {'line': b'-- Installing: /home/user/ws_siasun/install/aivt_interfaces/local/lib/python3.10/dist-packages/aivt_interfaces/msg\n'}
[2.555059] (aivt_interfaces) StdoutLine: {'line': b'-- Installing: /home/user/ws_siasun/install/aivt_interfaces/local/lib/python3.10/dist-packages/aivt_interfaces/msg/__init__.py\n'}
[2.555141] (aivt_interfaces) StdoutLine: {'line': b'-- Installing: /home/user/ws_siasun/install/aivt_interfaces/local/lib/python3.10/dist-packages/aivt_interfaces/msg/_target_pose.py\n'}
[2.555202] (aivt_interfaces) StdoutLine: {'line': b'-- Installing: /home/user/ws_siasun/install/aivt_interfaces/local/lib/python3.10/dist-packages/aivt_interfaces/msg/_target_pose_s.c\n'}
[2.555264] (aivt_interfaces) StdoutLine: {'line': b'-- Installing: /home/user/ws_siasun/install/aivt_interfaces/local/lib/python3.10/dist-packages/aivt_interfaces/aivt_interfaces_s__rosidl_typesupport_introspection_c.cpython-310-x86_64-linux-gnu.so\n'}
[2.555324] (aivt_interfaces) StdoutLine: {'line': b'-- Installing: /home/user/ws_siasun/install/aivt_interfaces/local/lib/python3.10/dist-packages/aivt_interfaces/_aivt_interfaces_s.ep.rosidl_typesupport_fastrtps_c.c\n'}
[2.555384] (aivt_interfaces) StdoutLine: {'line': b'-- Installing: /home/user/ws_siasun/install/aivt_interfaces/local/lib/python3.10/dist-packages/aivt_interfaces/_aivt_interfaces_s.ep.rosidl_typesupport_c.c\n'}
[2.555443] (aivt_interfaces) StdoutLine: {'line': b'-- Installing: /home/user/ws_siasun/install/aivt_interfaces/local/lib/python3.10/dist-packages/aivt_interfaces/libaivt_interfaces__rosidl_generator_py.so\n'}
[2.581927] (aivt_interfaces) StdoutLine: {'line': b"Listing '/home/user/ws_siasun/install/aivt_interfaces/local/lib/python3.10/dist-packages/aivt_interfaces'...\n"}
[2.582104] (aivt_interfaces) StdoutLine: {'line': b"Compiling '/home/user/ws_siasun/install/aivt_interfaces/local/lib/python3.10/dist-packages/aivt_interfaces/__init__.py'...\n"}
[2.582194] (aivt_interfaces) StdoutLine: {'line': b"Listing '/home/user/ws_siasun/install/aivt_interfaces/local/lib/python3.10/dist-packages/aivt_interfaces/msg'...\n"}
[2.582271] (aivt_interfaces) StdoutLine: {'line': b"Compiling '/home/user/ws_siasun/install/aivt_interfaces/local/lib/python3.10/dist-packages/aivt_interfaces/msg/__init__.py'...\n"}
[2.582382] (aivt_interfaces) StdoutLine: {'line': b"Compiling '/home/user/ws_siasun/install/aivt_interfaces/local/lib/python3.10/dist-packages/aivt_interfaces/msg/_target_pose.py'...\n"}
[2.586189] (aivt_interfaces) StdoutLine: {'line': b'-- Installing: /home/user/ws_siasun/install/aivt_interfaces/local/lib/python3.10/dist-packages/aivt_interfaces/aivt_interfaces_s__rosidl_typesupport_fastrtps_c.cpython-310-x86_64-linux-gnu.so\n'}
[2.586334] (aivt_interfaces) StdoutLine: {'line': b'-- Set runtime path of "/home/user/ws_siasun/install/aivt_interfaces/local/lib/python3.10/dist-packages/aivt_interfaces/aivt_interfaces_s__rosidl_typesupport_fastrtps_c.cpython-310-x86_64-linux-gnu.so" to ""\n'}
[2.586501] (aivt_interfaces) StdoutLine: {'line': b'-- Installing: /home/user/ws_siasun/install/aivt_interfaces/local/lib/python3.10/dist-packages/aivt_interfaces/aivt_interfaces_s__rosidl_typesupport_introspection_c.cpython-310-x86_64-linux-gnu.so\n'}
[2.586779] (aivt_interfaces) StdoutLine: {'line': b'-- Set runtime path of "/home/user/ws_siasun/install/aivt_interfaces/local/lib/python3.10/dist-packages/aivt_interfaces/aivt_interfaces_s__rosidl_typesupport_introspection_c.cpython-310-x86_64-linux-gnu.so" to ""\n'}
[2.586950] (aivt_interfaces) StdoutLine: {'line': b'-- Installing: /home/user/ws_siasun/install/aivt_interfaces/local/lib/python3.10/dist-packages/aivt_interfaces/aivt_interfaces_s__rosidl_typesupport_c.cpython-310-x86_64-linux-gnu.so\n'}
[2.587222] (aivt_interfaces) StdoutLine: {'line': b'-- Set runtime path of "/home/user/ws_siasun/install/aivt_interfaces/local/lib/python3.10/dist-packages/aivt_interfaces/aivt_interfaces_s__rosidl_typesupport_c.cpython-310-x86_64-linux-gnu.so" to ""\n'}
[2.587302] (aivt_interfaces) StdoutLine: {'line': b'-- Installing: /home/user/ws_siasun/install/aivt_interfaces/lib/libaivt_interfaces__rosidl_generator_py.so\n'}
[2.587559] (aivt_interfaces) StdoutLine: {'line': b'-- Set runtime path of "/home/user/ws_siasun/install/aivt_interfaces/lib/libaivt_interfaces__rosidl_generator_py.so" to ""\n'}
[2.587692] (aivt_interfaces) StdoutLine: {'line': b'-- Installing: /home/user/ws_siasun/install/aivt_interfaces/share/aivt_interfaces/msg/TargetPose.idl\n'}
[2.587811] (aivt_interfaces) StdoutLine: {'line': b'-- Installing: /home/user/ws_siasun/install/aivt_interfaces/share/aivt_interfaces/msg/TargetPose.msg\n'}
[2.587984] (aivt_interfaces) StdoutLine: {'line': b'-- Installing: /home/user/ws_siasun/install/aivt_interfaces/share/ament_index/resource_index/package_run_dependencies/aivt_interfaces\n'}
[2.588150] (aivt_interfaces) StdoutLine: {'line': b'-- Installing: /home/user/ws_siasun/install/aivt_interfaces/share/ament_index/resource_index/parent_prefix_path/aivt_interfaces\n'}
[2.588272] (aivt_interfaces) StdoutLine: {'line': b'-- Installing: /home/user/ws_siasun/install/aivt_interfaces/share/aivt_interfaces/environment/ament_prefix_path.sh\n'}
[2.588387] (aivt_interfaces) StdoutLine: {'line': b'-- Installing: /home/user/ws_siasun/install/aivt_interfaces/share/aivt_interfaces/environment/ament_prefix_path.dsv\n'}
[2.588501] (aivt_interfaces) StdoutLine: {'line': b'-- Installing: /home/user/ws_siasun/install/aivt_interfaces/share/aivt_interfaces/environment/path.sh\n'}
[2.588613] (aivt_interfaces) StdoutLine: {'line': b'-- Installing: /home/user/ws_siasun/install/aivt_interfaces/share/aivt_interfaces/environment/path.dsv\n'}
[2.588731] (aivt_interfaces) StdoutLine: {'line': b'-- Installing: /home/user/ws_siasun/install/aivt_interfaces/share/aivt_interfaces/local_setup.bash\n'}
[2.588850] (aivt_interfaces) StdoutLine: {'line': b'-- Installing: /home/user/ws_siasun/install/aivt_interfaces/share/aivt_interfaces/local_setup.sh\n'}
[2.588966] (aivt_interfaces) StdoutLine: {'line': b'-- Installing: /home/user/ws_siasun/install/aivt_interfaces/share/aivt_interfaces/local_setup.zsh\n'}
[2.589080] (aivt_interfaces) StdoutLine: {'line': b'-- Installing: /home/user/ws_siasun/install/aivt_interfaces/share/aivt_interfaces/local_setup.dsv\n'}
[2.589186] (aivt_interfaces) StdoutLine: {'line': b'-- Installing: /home/user/ws_siasun/install/aivt_interfaces/share/aivt_interfaces/package.dsv\n'}
[2.589345] (aivt_interfaces) StdoutLine: {'line': b'-- Installing: /home/user/ws_siasun/install/aivt_interfaces/share/ament_index/resource_index/packages/aivt_interfaces\n'}
[2.589549] (aivt_interfaces) StdoutLine: {'line': b'-- Installing: /home/user/ws_siasun/install/aivt_interfaces/share/aivt_interfaces/cmake/export_aivt_interfaces__rosidl_generator_cExport.cmake\n'}
[2.589653] (aivt_interfaces) StdoutLine: {'line': b'-- Installing: /home/user/ws_siasun/install/aivt_interfaces/share/aivt_interfaces/cmake/export_aivt_interfaces__rosidl_generator_cExport-noconfig.cmake\n'}
[2.589777] (aivt_interfaces) StdoutLine: {'line': b'-- Installing: /home/user/ws_siasun/install/aivt_interfaces/share/aivt_interfaces/cmake/export_aivt_interfaces__rosidl_typesupport_fastrtps_cExport.cmake\n'}
[2.589892] (aivt_interfaces) StdoutLine: {'line': b'-- Installing: /home/user/ws_siasun/install/aivt_interfaces/share/aivt_interfaces/cmake/export_aivt_interfaces__rosidl_typesupport_fastrtps_cExport-noconfig.cmake\n'}
[2.590012] (aivt_interfaces) StdoutLine: {'line': b'-- Installing: /home/user/ws_siasun/install/aivt_interfaces/share/aivt_interfaces/cmake/aivt_interfaces__rosidl_typesupport_introspection_cExport.cmake\n'}
[2.590131] (aivt_interfaces) StdoutLine: {'line': b'-- Installing: /home/user/ws_siasun/install/aivt_interfaces/share/aivt_interfaces/cmake/aivt_interfaces__rosidl_typesupport_introspection_cExport-noconfig.cmake\n'}
[2.590252] (aivt_interfaces) StdoutLine: {'line': b'-- Installing: /home/user/ws_siasun/install/aivt_interfaces/share/aivt_interfaces/cmake/aivt_interfaces__rosidl_typesupport_cExport.cmake\n'}
[2.590374] (aivt_interfaces) StdoutLine: {'line': b'-- Installing: /home/user/ws_siasun/install/aivt_interfaces/share/aivt_interfaces/cmake/aivt_interfaces__rosidl_typesupport_cExport-noconfig.cmake\n'}
[2.590493] (aivt_interfaces) StdoutLine: {'line': b'-- Installing: /home/user/ws_siasun/install/aivt_interfaces/share/aivt_interfaces/cmake/export_aivt_interfaces__rosidl_generator_cppExport.cmake\n'}
[2.590635] (aivt_interfaces) StdoutLine: {'line': b'-- Installing: /home/user/ws_siasun/install/aivt_interfaces/share/aivt_interfaces/cmake/export_aivt_interfaces__rosidl_typesupport_fastrtps_cppExport.cmake\n'}
[2.590853] (aivt_interfaces) StdoutLine: {'line': b'-- Installing: /home/user/ws_siasun/install/aivt_interfaces/share/aivt_interfaces/cmake/export_aivt_interfaces__rosidl_typesupport_fastrtps_cppExport-noconfig.cmake\n'}
[2.591005] (aivt_interfaces) StdoutLine: {'line': b'-- Installing: /home/user/ws_siasun/install/aivt_interfaces/share/aivt_interfaces/cmake/aivt_interfaces__rosidl_typesupport_introspection_cppExport.cmake\n'}
[2.591128] (aivt_interfaces) StdoutLine: {'line': b'-- Installing: /home/user/ws_siasun/install/aivt_interfaces/share/aivt_interfaces/cmake/aivt_interfaces__rosidl_typesupport_introspection_cppExport-noconfig.cmake\n'}
[2.591213] (aivt_interfaces) StdoutLine: {'line': b'-- Installing: /home/user/ws_siasun/install/aivt_interfaces/share/aivt_interfaces/cmake/aivt_interfaces__rosidl_typesupport_cppExport.cmake\n'}
[2.591283] (aivt_interfaces) StdoutLine: {'line': b'-- Installing: /home/user/ws_siasun/install/aivt_interfaces/share/aivt_interfaces/cmake/aivt_interfaces__rosidl_typesupport_cppExport-noconfig.cmake\n'}
[2.591376] (aivt_interfaces) StdoutLine: {'line': b'-- Installing: /home/user/ws_siasun/install/aivt_interfaces/share/aivt_interfaces/cmake/export_aivt_interfaces__rosidl_generator_pyExport.cmake\n'}
[2.591443] (aivt_interfaces) StdoutLine: {'line': b'-- Installing: /home/user/ws_siasun/install/aivt_interfaces/share/aivt_interfaces/cmake/export_aivt_interfaces__rosidl_generator_pyExport-noconfig.cmake\n'}
[2.591508] (aivt_interfaces) StdoutLine: {'line': b'-- Installing: /home/user/ws_siasun/install/aivt_interfaces/share/aivt_interfaces/cmake/rosidl_cmake-extras.cmake\n'}
[2.591572] (aivt_interfaces) StdoutLine: {'line': b'-- Installing: /home/user/ws_siasun/install/aivt_interfaces/share/aivt_interfaces/cmake/ament_cmake_export_include_directories-extras.cmake\n'}
[2.591680] (aivt_interfaces) StdoutLine: {'line': b'-- Installing: /home/user/ws_siasun/install/aivt_interfaces/share/aivt_interfaces/cmake/ament_cmake_export_libraries-extras.cmake\n'}
[2.591746] (aivt_interfaces) StdoutLine: {'line': b'-- Installing: /home/user/ws_siasun/install/aivt_interfaces/share/aivt_interfaces/cmake/ament_cmake_export_targets-extras.cmake\n'}
[2.591809] (aivt_interfaces) StdoutLine: {'line': b'-- Installing: /home/user/ws_siasun/install/aivt_interfaces/share/aivt_interfaces/cmake/rosidl_cmake_export_typesupport_targets-extras.cmake\n'}
[2.591872] (aivt_interfaces) StdoutLine: {'line': b'-- Installing: /home/user/ws_siasun/install/aivt_interfaces/share/aivt_interfaces/cmake/ament_cmake_export_dependencies-extras.cmake\n'}
[2.591935] (aivt_interfaces) StdoutLine: {'line': b'-- Installing: /home/user/ws_siasun/install/aivt_interfaces/share/aivt_interfaces/cmake/rosidl_cmake_export_typesupport_libraries-extras.cmake\n'}
[2.591997] (aivt_interfaces) StdoutLine: {'line': b'-- Installing: /home/user/ws_siasun/install/aivt_interfaces/share/aivt_interfaces/cmake/aivt_interfacesConfig.cmake\n'}
[2.592056] (aivt_interfaces) StdoutLine: {'line': b'-- Installing: /home/user/ws_siasun/install/aivt_interfaces/share/aivt_interfaces/cmake/aivt_interfacesConfig-version.cmake\n'}
[2.592153] (aivt_interfaces) StdoutLine: {'line': b'-- Installing: /home/user/ws_siasun/install/aivt_interfaces/share/aivt_interfaces/package.xml\n'}
[2.593298] (aivt_interfaces) CommandEnded: {'returncode': 0}
[2.602595] (-) TimerEvent: {}
[2.607099] (aivt_interfaces) JobEnded: {'identifier': 'aivt_interfaces', 'rc': 0}
[2.702806] (-) TimerEvent: {}
[2.803019] (-) TimerEvent: {}
[2.903278] (-) TimerEvent: {}
[2.952495] (duco_msg) StdoutLine: {'line': b'[ 18%] \x1b[32mBuilding CXX object CMakeFiles/duco_msg__rosidl_typesupport_cpp.dir/rosidl_typesupport_cpp/duco_msg/msg/virtual_servo_pose__type_support.cpp.o\x1b[0m\n'}
[2.953087] (duco_msg) StdoutLine: {'line': b'[ 20%] \x1b[32mBuilding CXX object CMakeFiles/duco_msg__rosidl_typesupport_cpp.dir/rosidl_typesupport_cpp/duco_msg/msg/duco_robot_state__type_support.cpp.o\x1b[0m\n'}
[2.953197] (duco_msg) StdoutLine: {'line': b'[ 20%] \x1b[32mBuilding CXX object CMakeFiles/duco_msg__rosidl_typesupport_cpp.dir/rosidl_typesupport_cpp/duco_msg/msg/virtual_servo_point_cloud__type_support.cpp.o\x1b[0m\n'}
[2.954686] (duco_msg) StdoutLine: {'line': b'[ 22%] \x1b[32mBuilding CXX object CMakeFiles/duco_msg__rosidl_typesupport_cpp.dir/rosidl_typesupport_cpp/duco_msg/srv/duco_robot_states__type_support.cpp.o\x1b[0m\n'}
[2.954834] (duco_msg) StdoutLine: {'line': b'[ 22%] \x1b[32mBuilding CXX object CMakeFiles/duco_msg__rosidl_typesupport_cpp.dir/rosidl_typesupport_cpp/duco_msg/srv/robot_control__type_support.cpp.o\x1b[0m\n'}
[2.954900] (duco_msg) StdoutLine: {'line': b'[ 23%] \x1b[32mBuilding CXX object CMakeFiles/duco_msg__rosidl_typesupport_cpp.dir/rosidl_typesupport_cpp/duco_msg/srv/pose_estimation__type_support.cpp.o\x1b[0m\n'}
[2.954959] (duco_msg) StdoutLine: {'line': b'[ 25%] \x1b[32mBuilding CXX object CMakeFiles/duco_msg__rosidl_typesupport_cpp.dir/rosidl_typesupport_cpp/duco_msg/srv/robot_task_state_rquest__type_support.cpp.o\x1b[0m\n'}
[2.955013] (duco_msg) StdoutLine: {'line': b'[ 25%] \x1b[32mBuilding CXX object CMakeFiles/duco_msg__rosidl_typesupport_cpp.dir/rosidl_typesupport_cpp/duco_msg/srv/robot_move__type_support.cpp.o\x1b[0m\n'}
[2.955073] (duco_msg) StdoutLine: {'line': b'[ 25%] \x1b[32mBuilding CXX object CMakeFiles/duco_msg__rosidl_typesupport_cpp.dir/rosidl_typesupport_cpp/duco_msg/srv/robot_io_control__type_support.cpp.o\x1b[0m\n'}
[2.958696] (duco_msg) StdoutLine: {'line': b'[ 26%] \x1b[32mBuilding CXX object CMakeFiles/duco_msg__rosidl_typesupport_cpp.dir/rosidl_typesupport_cpp/duco_msg/srv/speech__type_support.cpp.o\x1b[0m\n'}
[2.960406] (duco_msg) StdoutLine: {'line': b'[ 27%] \x1b[32mBuilding CXX object CMakeFiles/duco_msg__rosidl_typesupport_cpp.dir/rosidl_typesupport_cpp/duco_msg/srv/grippers__type_support.cpp.o\x1b[0m\n'}
[3.005634] (-) TimerEvent: {}
[3.105906] (-) TimerEvent: {}
[3.184731] (duco_msg) StdoutLine: {'line': b'[ 28%] \x1b[32mBuilding CXX object CMakeFiles/duco_msg__rosidl_typesupport_c.dir/rosidl_typesupport_c/duco_msg/msg/duco_robot_state__type_support.cpp.o\x1b[0m\n'}
[3.206016] (-) TimerEvent: {}
[3.221852] (duco_msg) StdoutLine: {'line': b'[ 29%] \x1b[32mBuilding CXX object CMakeFiles/duco_msg__rosidl_typesupport_c.dir/rosidl_typesupport_c/duco_msg/msg/virtual_servo_point_cloud__type_support.cpp.o\x1b[0m\n'}
[3.238223] (duco_msg) StdoutLine: {'line': b'[ 29%] \x1b[32mBuilding CXX object CMakeFiles/duco_msg__rosidl_typesupport_c.dir/rosidl_typesupport_c/duco_msg/msg/virtual_servo_pose__type_support.cpp.o\x1b[0m\n'}
[3.252432] (duco_msg) StdoutLine: {'line': b'[ 30%] \x1b[32mBuilding CXX object CMakeFiles/duco_msg__rosidl_typesupport_c.dir/rosidl_typesupport_c/duco_msg/srv/duco_robot_states__type_support.cpp.o\x1b[0m\n'}
[3.253110] (duco_msg) StdoutLine: {'line': b'[ 31%] \x1b[32mBuilding CXX object CMakeFiles/duco_msg__rosidl_typesupport_c.dir/rosidl_typesupport_c/duco_msg/srv/pose_estimation__type_support.cpp.o\x1b[0m\n'}
[3.258442] (duco_msg) StdoutLine: {'line': b'[ 32%] \x1b[32mBuilding CXX object CMakeFiles/duco_msg__rosidl_typesupport_c.dir/rosidl_typesupport_c/duco_msg/srv/robot_control__type_support.cpp.o\x1b[0m\n'}
[3.261654] (duco_msg) StdoutLine: {'line': b'[ 33%] \x1b[32mBuilding CXX object CMakeFiles/duco_msg__rosidl_typesupport_c.dir/rosidl_typesupport_c/duco_msg/srv/robot_move__type_support.cpp.o\x1b[0m\n'}
[3.271464] (duco_msg) StdoutLine: {'line': b'[ 34%] \x1b[32mBuilding CXX object CMakeFiles/duco_msg__rosidl_typesupport_c.dir/rosidl_typesupport_c/duco_msg/srv/robot_io_control__type_support.cpp.o\x1b[0m\n'}
[3.272502] (duco_msg) StdoutLine: {'line': b'[ 35%] \x1b[32mBuilding CXX object CMakeFiles/duco_msg__rosidl_typesupport_c.dir/rosidl_typesupport_c/duco_msg/srv/robot_task_state_rquest__type_support.cpp.o\x1b[0m\n'}
[3.273428] (duco_msg) StdoutLine: {'line': b'[ 36%] \x1b[32mBuilding CXX object CMakeFiles/duco_msg__rosidl_typesupport_fastrtps_cpp.dir/rosidl_typesupport_fastrtps_cpp/duco_msg/msg/detail/dds_fastrtps/duco_robot_state__type_support.cpp.o\x1b[0m\n'}
[3.277471] (duco_msg) StdoutLine: {'line': b'[ 37%] \x1b[32mBuilding CXX object CMakeFiles/duco_msg__rosidl_typesupport_c.dir/rosidl_typesupport_c/duco_msg/srv/speech__type_support.cpp.o\x1b[0m\n'}
[3.280251] (duco_msg) StdoutLine: {'line': b'[ 38%] \x1b[32mBuilding CXX object CMakeFiles/duco_msg__rosidl_typesupport_c.dir/rosidl_typesupport_c/duco_msg/srv/grippers__type_support.cpp.o\x1b[0m\n'}
[3.291085] (duco_msg) StdoutLine: {'line': b'[ 39%] \x1b[32mBuilding CXX object CMakeFiles/duco_msg__rosidl_typesupport_fastrtps_cpp.dir/rosidl_typesupport_fastrtps_cpp/duco_msg/msg/detail/dds_fastrtps/virtual_servo_point_cloud__type_support.cpp.o\x1b[0m\n'}
[3.291372] (duco_msg) StdoutLine: {'line': b'[ 40%] \x1b[32mBuilding CXX object CMakeFiles/duco_msg__rosidl_typesupport_fastrtps_cpp.dir/rosidl_typesupport_fastrtps_cpp/duco_msg/msg/detail/dds_fastrtps/virtual_servo_pose__type_support.cpp.o\x1b[0m\n'}
[3.298659] (duco_msg) StdoutLine: {'line': b'[ 41%] \x1b[32mBuilding CXX object CMakeFiles/duco_msg__rosidl_typesupport_fastrtps_cpp.dir/rosidl_typesupport_fastrtps_cpp/duco_msg/srv/detail/dds_fastrtps/duco_robot_states__type_support.cpp.o\x1b[0m\n'}
[3.299765] (duco_msg) StdoutLine: {'line': b'[ 42%] \x1b[32mBuilding CXX object CMakeFiles/duco_msg__rosidl_typesupport_fastrtps_cpp.dir/rosidl_typesupport_fastrtps_cpp/duco_msg/srv/detail/dds_fastrtps/pose_estimation__type_support.cpp.o\x1b[0m\n'}
[3.299947] (duco_msg) StdoutLine: {'line': b'[ 43%] \x1b[32mBuilding CXX object CMakeFiles/duco_msg__rosidl_typesupport_fastrtps_cpp.dir/rosidl_typesupport_fastrtps_cpp/duco_msg/srv/detail/dds_fastrtps/robot_control__type_support.cpp.o\x1b[0m\n'}
[3.300756] (duco_msg) StdoutLine: {'line': b'[ 44%] \x1b[32mBuilding CXX object CMakeFiles/duco_msg__rosidl_typesupport_fastrtps_cpp.dir/rosidl_typesupport_fastrtps_cpp/duco_msg/srv/detail/dds_fastrtps/robot_io_control__type_support.cpp.o\x1b[0m\n'}
[3.302655] (duco_msg) StdoutLine: {'line': b'[ 45%] \x1b[32mBuilding CXX object CMakeFiles/duco_msg__rosidl_typesupport_fastrtps_cpp.dir/rosidl_typesupport_fastrtps_cpp/duco_msg/srv/detail/dds_fastrtps/robot_move__type_support.cpp.o\x1b[0m\n'}
[3.306123] (-) TimerEvent: {}
[3.308092] (duco_msg) StdoutLine: {'line': b'[ 46%] \x1b[32mBuilding CXX object CMakeFiles/duco_msg__rosidl_typesupport_fastrtps_cpp.dir/rosidl_typesupport_fastrtps_cpp/duco_msg/srv/detail/dds_fastrtps/robot_task_state_rquest__type_support.cpp.o\x1b[0m\n'}
[3.308390] (duco_msg) StdoutLine: {'line': b'[ 47%] \x1b[32mBuilding C object CMakeFiles/duco_msg__rosidl_typesupport_introspection_c.dir/rosidl_typesupport_introspection_c/duco_msg/msg/detail/duco_robot_state__type_support.c.o\x1b[0m\n'}
[3.308781] (duco_msg) StdoutLine: {'line': b'[ 48%] \x1b[32mBuilding C object CMakeFiles/duco_msg__rosidl_typesupport_introspection_c.dir/rosidl_typesupport_introspection_c/duco_msg/msg/detail/virtual_servo_point_cloud__type_support.c.o\x1b[0m\n'}
[3.311255] (duco_msg) StdoutLine: {'line': b'[ 49%] \x1b[32mBuilding CXX object CMakeFiles/duco_msg__rosidl_typesupport_introspection_cpp.dir/rosidl_typesupport_introspection_cpp/duco_msg/msg/detail/duco_robot_state__type_support.cpp.o\x1b[0m\n'}
[3.313053] (duco_msg) StdoutLine: {'line': b'[ 50%] \x1b[32m\x1b[1mLinking CXX shared library libduco_msg__rosidl_typesupport_c.so\x1b[0m\n'}
[3.332437] (duco_msg) StdoutLine: {'line': b'[ 50%] \x1b[32mBuilding CXX object CMakeFiles/duco_msg__rosidl_typesupport_fastrtps_cpp.dir/rosidl_typesupport_fastrtps_cpp/duco_msg/srv/detail/dds_fastrtps/speech__type_support.cpp.o\x1b[0m\n'}
[3.333492] (duco_msg) StdoutLine: {'line': b'[ 51%] \x1b[32m\x1b[1mLinking CXX shared library libduco_msg__rosidl_typesupport_cpp.so\x1b[0m\n'}
[3.348236] (duco_msg) StdoutLine: {'line': b'[ 52%] \x1b[32mBuilding C object CMakeFiles/duco_msg__rosidl_typesupport_introspection_c.dir/rosidl_typesupport_introspection_c/duco_msg/msg/detail/virtual_servo_pose__type_support.c.o\x1b[0m\n'}
[3.363644] (duco_msg) StdoutLine: {'line': b'[ 52%] Built target duco_msg__rosidl_typesupport_c\n'}
[3.370693] (duco_msg) StdoutLine: {'line': b'[ 53%] \x1b[32mBuilding CXX object CMakeFiles/duco_msg__rosidl_typesupport_fastrtps_cpp.dir/rosidl_typesupport_fastrtps_cpp/duco_msg/srv/detail/dds_fastrtps/grippers__type_support.cpp.o\x1b[0m\n'}
[3.371910] (duco_msg) StdoutLine: {'line': b'[ 53%] \x1b[32mBuilding CXX object CMakeFiles/duco_msg__rosidl_typesupport_introspection_cpp.dir/rosidl_typesupport_introspection_cpp/duco_msg/msg/detail/virtual_servo_point_cloud__type_support.cpp.o\x1b[0m\n'}
[3.383498] (duco_msg) StdoutLine: {'line': b'[ 54%] \x1b[32mBuilding C object CMakeFiles/duco_msg__rosidl_typesupport_introspection_c.dir/rosidl_typesupport_introspection_c/duco_msg/srv/detail/duco_robot_states__type_support.c.o\x1b[0m\n'}
[3.386193] (duco_msg) StdoutLine: {'line': b'[ 54%] Built target duco_msg__rosidl_typesupport_cpp\n'}
[3.395647] (duco_msg) StdoutLine: {'line': b'[ 55%] \x1b[32mBuilding C object CMakeFiles/duco_msg__rosidl_typesupport_introspection_c.dir/rosidl_typesupport_introspection_c/duco_msg/srv/detail/pose_estimation__type_support.c.o\x1b[0m\n'}
[3.406999] (-) TimerEvent: {}
[3.430103] (duco_msg) StdoutLine: {'line': b'[ 56%] \x1b[32mBuilding CXX object CMakeFiles/duco_msg__rosidl_typesupport_introspection_cpp.dir/rosidl_typesupport_introspection_cpp/duco_msg/msg/detail/virtual_servo_pose__type_support.cpp.o\x1b[0m\n'}
[3.457465] (duco_msg) StdoutLine: {'line': b'[ 57%] \x1b[32mBuilding C object CMakeFiles/duco_msg__rosidl_typesupport_introspection_c.dir/rosidl_typesupport_introspection_c/duco_msg/srv/detail/robot_control__type_support.c.o\x1b[0m\n'}
[3.504300] (duco_msg) StdoutLine: {'line': b'[ 57%] \x1b[32mBuilding C object CMakeFiles/duco_msg__rosidl_typesupport_introspection_c.dir/rosidl_typesupport_introspection_c/duco_msg/srv/detail/robot_move__type_support.c.o\x1b[0m\n'}
[3.507141] (-) TimerEvent: {}
[3.518220] (duco_msg) StdoutLine: {'line': b'[ 58%] \x1b[32mBuilding CXX object CMakeFiles/duco_msg__rosidl_typesupport_fastrtps_c.dir/rosidl_typesupport_fastrtps_c/duco_msg/msg/detail/duco_robot_state__type_support_c.cpp.o\x1b[0m\n'}
[3.550176] (duco_msg) StdoutLine: {'line': b'[ 59%] \x1b[32mBuilding C object CMakeFiles/duco_msg__rosidl_typesupport_introspection_c.dir/rosidl_typesupport_introspection_c/duco_msg/srv/detail/robot_io_control__type_support.c.o\x1b[0m\n'}
[3.599946] (duco_msg) StdoutLine: {'line': b'[ 60%] \x1b[32mBuilding C object CMakeFiles/duco_msg__rosidl_typesupport_introspection_c.dir/rosidl_typesupport_introspection_c/duco_msg/srv/detail/robot_task_state_rquest__type_support.c.o\x1b[0m\n'}
[3.610659] (-) TimerEvent: {}
[3.666029] (duco_msg) StdoutLine: {'line': b'[ 61%] \x1b[32mBuilding C object CMakeFiles/duco_msg__rosidl_typesupport_introspection_c.dir/rosidl_typesupport_introspection_c/duco_msg/srv/detail/speech__type_support.c.o\x1b[0m\n'}
[3.688670] (duco_msg) StdoutLine: {'line': b'[ 62%] \x1b[32mBuilding C object CMakeFiles/duco_msg__rosidl_typesupport_introspection_c.dir/rosidl_typesupport_introspection_c/duco_msg/srv/detail/grippers__type_support.c.o\x1b[0m\n'}
[3.710775] (-) TimerEvent: {}
[3.721996] (duco_msg) StdoutLine: {'line': b'[ 63%] \x1b[32mBuilding CXX object CMakeFiles/duco_msg__rosidl_typesupport_introspection_cpp.dir/rosidl_typesupport_introspection_cpp/duco_msg/srv/detail/duco_robot_states__type_support.cpp.o\x1b[0m\n'}
[3.733700] (duco_msg) StdoutLine: {'line': b'[ 64%] \x1b[32mBuilding CXX object CMakeFiles/duco_msg__rosidl_typesupport_introspection_cpp.dir/rosidl_typesupport_introspection_cpp/duco_msg/srv/detail/pose_estimation__type_support.cpp.o\x1b[0m\n'}
[3.734495] (duco_msg) StdoutLine: {'line': b'[ 65%] \x1b[32m\x1b[1mLinking C shared library libduco_msg__rosidl_typesupport_introspection_c.so\x1b[0m\n'}
[3.754135] (duco_msg) StdoutLine: {'line': b'[ 66%] \x1b[32mBuilding CXX object CMakeFiles/duco_msg__rosidl_typesupport_fastrtps_c.dir/rosidl_typesupport_fastrtps_c/duco_msg/msg/detail/virtual_servo_point_cloud__type_support_c.cpp.o\x1b[0m\n'}
[3.759265] (duco_msg) StdoutLine: {'line': b'[ 67%] \x1b[32mBuilding CXX object CMakeFiles/duco_msg__rosidl_typesupport_introspection_cpp.dir/rosidl_typesupport_introspection_cpp/duco_msg/srv/detail/robot_control__type_support.cpp.o\x1b[0m\n'}
[3.772951] (duco_msg) StdoutLine: {'line': b'[ 67%] Built target duco_msg__rosidl_typesupport_introspection_c\n'}
[3.780988] (duco_msg) StdoutLine: {'line': b'[ 68%] \x1b[32mBuilding CXX object CMakeFiles/duco_msg__rosidl_typesupport_fastrtps_c.dir/rosidl_typesupport_fastrtps_c/duco_msg/msg/detail/virtual_servo_pose__type_support_c.cpp.o\x1b[0m\n'}
[3.795962] (duco_msg) StdoutLine: {'line': b'[ 69%] \x1b[32mBuilding CXX object CMakeFiles/duco_msg__rosidl_typesupport_fastrtps_c.dir/rosidl_typesupport_fastrtps_c/duco_msg/srv/detail/duco_robot_states__type_support_c.cpp.o\x1b[0m\n'}
[3.800661] (duco_msg) StdoutLine: {'line': b'[ 69%] \x1b[32mBuilding CXX object CMakeFiles/duco_msg__rosidl_typesupport_fastrtps_c.dir/rosidl_typesupport_fastrtps_c/duco_msg/srv/detail/pose_estimation__type_support_c.cpp.o\x1b[0m\n'}
[3.810882] (-) TimerEvent: {}
[3.814240] (duco_msg) StdoutLine: {'line': b'[ 70%] \x1b[32mBuilding CXX object CMakeFiles/duco_msg__rosidl_typesupport_fastrtps_c.dir/rosidl_typesupport_fastrtps_c/duco_msg/srv/detail/robot_control__type_support_c.cpp.o\x1b[0m\n'}
[3.818274] (duco_msg) StdoutLine: {'line': b'[ 72%] \x1b[32mBuilding CXX object CMakeFiles/duco_msg__rosidl_typesupport_introspection_cpp.dir/rosidl_typesupport_introspection_cpp/duco_msg/srv/detail/robot_move__type_support.cpp.o\x1b[0m\n'}
[3.818481] (duco_msg) StdoutLine: {'line': b'[ 72%] \x1b[32mBuilding CXX object CMakeFiles/duco_msg__rosidl_typesupport_fastrtps_c.dir/rosidl_typesupport_fastrtps_c/duco_msg/srv/detail/robot_move__type_support_c.cpp.o\x1b[0m\n'}
[3.833606] (duco_msg) StdoutLine: {'line': b'[ 73%] \x1b[32mBuilding CXX object CMakeFiles/duco_msg__rosidl_typesupport_fastrtps_c.dir/rosidl_typesupport_fastrtps_c/duco_msg/srv/detail/robot_io_control__type_support_c.cpp.o\x1b[0m\n'}
[3.835101] (duco_msg) StdoutLine: {'line': b'[ 74%] \x1b[32mBuilding CXX object CMakeFiles/duco_msg__rosidl_typesupport_introspection_cpp.dir/rosidl_typesupport_introspection_cpp/duco_msg/srv/detail/robot_io_control__type_support.cpp.o\x1b[0m\n'}
[3.845191] (duco_msg) StdoutLine: {'line': b'[ 75%] \x1b[32mBuilding CXX object CMakeFiles/duco_msg__rosidl_typesupport_fastrtps_c.dir/rosidl_typesupport_fastrtps_c/duco_msg/srv/detail/robot_task_state_rquest__type_support_c.cpp.o\x1b[0m\n'}
[3.911800] (-) TimerEvent: {}
[3.923327] (duco_msg) StdoutLine: {'line': b'[ 76%] \x1b[32mBuilding CXX object CMakeFiles/duco_msg__rosidl_typesupport_fastrtps_c.dir/rosidl_typesupport_fastrtps_c/duco_msg/srv/detail/speech__type_support_c.cpp.o\x1b[0m\n'}
[3.935673] (duco_msg) StdoutLine: {'line': b'[ 77%] \x1b[32mBuilding CXX object CMakeFiles/duco_msg__rosidl_typesupport_introspection_cpp.dir/rosidl_typesupport_introspection_cpp/duco_msg/srv/detail/robot_task_state_rquest__type_support.cpp.o\x1b[0m\n'}
[3.968120] (duco_msg) StdoutLine: {'line': b'[ 78%] \x1b[32m\x1b[1mLinking CXX shared library libduco_msg__rosidl_typesupport_fastrtps_cpp.so\x1b[0m\n'}
[4.011760] (-) TimerEvent: {}
[4.112560] (-) TimerEvent: {}
[4.133701] (duco_msg) StdoutLine: {'line': b'[ 79%] \x1b[32mBuilding CXX object CMakeFiles/duco_msg__rosidl_typesupport_fastrtps_c.dir/rosidl_typesupport_fastrtps_c/duco_msg/srv/detail/grippers__type_support_c.cpp.o\x1b[0m\n'}
[4.134443] (duco_msg) StdoutLine: {'line': b'[ 79%] Built target duco_msg__rosidl_typesupport_fastrtps_cpp\n'}
[4.148492] (duco_msg) StdoutLine: {'line': b'[ 80%] \x1b[32mBuilding CXX object CMakeFiles/duco_msg__rosidl_typesupport_introspection_cpp.dir/rosidl_typesupport_introspection_cpp/duco_msg/srv/detail/speech__type_support.cpp.o\x1b[0m\n'}
[4.171527] (duco_msg) StdoutLine: {'line': b'[ 81%] \x1b[32mBuilding CXX object CMakeFiles/duco_msg__rosidl_typesupport_introspection_cpp.dir/rosidl_typesupport_introspection_cpp/duco_msg/srv/detail/grippers__type_support.cpp.o\x1b[0m\n'}
[4.212762] (-) TimerEvent: {}
[4.313000] (-) TimerEvent: {}
[4.413253] (-) TimerEvent: {}
[4.419296] (duco_msg) StdoutLine: {'line': b'[ 82%] \x1b[32m\x1b[1mLinking CXX shared library libduco_msg__rosidl_typesupport_fastrtps_c.so\x1b[0m\n'}
[4.434806] (duco_msg) StdoutLine: {'line': b'[ 83%] \x1b[32m\x1b[1mLinking CXX shared library libduco_msg__rosidl_typesupport_introspection_cpp.so\x1b[0m\n'}
[4.476085] (duco_msg) StdoutLine: {'line': b'[ 83%] Built target duco_msg__rosidl_typesupport_fastrtps_c\n'}
[4.495152] (duco_msg) StdoutLine: {'line': b'[ 83%] Built target duco_msg__rosidl_typesupport_introspection_cpp\n'}
[4.511014] (duco_msg) StdoutLine: {'line': b'[ 83%] Built target duco_msg\n'}
[4.513332] (-) TimerEvent: {}
[4.525870] (duco_msg) StdoutLine: {'line': b'[ 84%] \x1b[34m\x1b[1mGenerating Python code for ROS interfaces\x1b[0m\n'}
[4.613563] (-) TimerEvent: {}
[4.713920] (-) TimerEvent: {}
[4.814149] (-) TimerEvent: {}
[4.914523] (-) TimerEvent: {}
[5.014810] (-) TimerEvent: {}
[5.115167] (-) TimerEvent: {}
[5.215432] (-) TimerEvent: {}
[5.315798] (-) TimerEvent: {}
[5.416159] (-) TimerEvent: {}
[5.516402] (-) TimerEvent: {}
[5.519099] (duco_msg) StdoutLine: {'line': b'[ 84%] Built target duco_msg__py\n'}
[5.533531] (duco_msg) StdoutLine: {'line': b'[ 85%] \x1b[32mBuilding C object CMakeFiles/duco_msg__rosidl_generator_py.dir/rosidl_generator_py/duco_msg/srv/_robot_control_s.c.o\x1b[0m\n'}
[5.533740] (duco_msg) StdoutLine: {'line': b'[ 85%] \x1b[32mBuilding C object CMakeFiles/duco_msg__rosidl_generator_py.dir/rosidl_generator_py/duco_msg/srv/_robot_io_control_s.c.o\x1b[0m\n'}
[5.533924] (duco_msg) StdoutLine: {'line': b'[ 86%] \x1b[32mBuilding C object CMakeFiles/duco_msg__rosidl_generator_py.dir/rosidl_generator_py/duco_msg/srv/_duco_robot_states_s.c.o\x1b[0m\n'}
[5.534624] (duco_msg) StdoutLine: {'line': b'[ 88%] \x1b[32mBuilding C object CMakeFiles/duco_msg__rosidl_generator_py.dir/rosidl_generator_py/duco_msg/msg/_duco_robot_state_s.c.o\x1b[0m\n'}
[5.534770] (duco_msg) StdoutLine: {'line': b'[ 88%] \x1b[32mBuilding C object CMakeFiles/duco_msg__rosidl_generator_py.dir/rosidl_generator_py/duco_msg/msg/_virtual_servo_point_cloud_s.c.o\x1b[0m\n'}
[5.534831] (duco_msg) StdoutLine: {'line': b'[ 89%] \x1b[32mBuilding C object CMakeFiles/duco_msg__rosidl_generator_py.dir/rosidl_generator_py/duco_msg/msg/_virtual_servo_pose_s.c.o\x1b[0m\n'}
[5.535117] (duco_msg) StdoutLine: {'line': b'[ 90%] \x1b[32mBuilding C object CMakeFiles/duco_msg__rosidl_generator_py.dir/rosidl_generator_py/duco_msg/srv/_pose_estimation_s.c.o\x1b[0m\n'}
[5.535410] (duco_msg) StdoutLine: {'line': b'[ 91%] \x1b[32mBuilding C object CMakeFiles/duco_msg__rosidl_generator_py.dir/rosidl_generator_py/duco_msg/srv/_grippers_s.c.o\x1b[0m\n'}
[5.535766] (duco_msg) StdoutLine: {'line': b'[ 92%] \x1b[32mBuilding C object CMakeFiles/duco_msg__rosidl_generator_py.dir/rosidl_generator_py/duco_msg/srv/_robot_move_s.c.o\x1b[0m\n'}
[5.535946] (duco_msg) StdoutLine: {'line': b'[ 93%] \x1b[32mBuilding C object CMakeFiles/duco_msg__rosidl_generator_py.dir/rosidl_generator_py/duco_msg/srv/_speech_s.c.o\x1b[0m\n'}
[5.536055] (duco_msg) StdoutLine: {'line': b'[ 94%] \x1b[32mBuilding C object CMakeFiles/duco_msg__rosidl_generator_py.dir/rosidl_generator_py/duco_msg/srv/_robot_task_state_rquest_s.c.o\x1b[0m\n'}
[5.616543] (-) TimerEvent: {}
[5.671629] (duco_msg) StdoutLine: {'line': b'[ 95%] \x1b[32m\x1b[1mLinking C shared library rosidl_generator_py/duco_msg/libduco_msg__rosidl_generator_py.so\x1b[0m\n'}
[5.705774] (duco_msg) StdoutLine: {'line': b'[ 95%] Built target duco_msg__rosidl_generator_py\n'}
[5.716663] (-) TimerEvent: {}
[5.721477] (duco_msg) StdoutLine: {'line': b'[ 96%] \x1b[32mBuilding C object CMakeFiles/duco_msg__rosidl_typesupport_introspection_c__pyext.dir/rosidl_generator_py/duco_msg/_duco_msg_s.ep.rosidl_typesupport_introspection_c.c.o\x1b[0m\n'}
[5.722068] (duco_msg) StdoutLine: {'line': b'[ 96%] \x1b[32mBuilding C object CMakeFiles/duco_msg__rosidl_typesupport_c__pyext.dir/rosidl_generator_py/duco_msg/_duco_msg_s.ep.rosidl_typesupport_c.c.o\x1b[0m\n'}
[5.722251] (duco_msg) StdoutLine: {'line': b'[ 97%] \x1b[32mBuilding C object CMakeFiles/duco_msg__rosidl_typesupport_fastrtps_c__pyext.dir/rosidl_generator_py/duco_msg/_duco_msg_s.ep.rosidl_typesupport_fastrtps_c.c.o\x1b[0m\n'}
[5.816757] (-) TimerEvent: {}
[5.821315] (duco_msg) StdoutLine: {'line': b'[ 98%] \x1b[32m\x1b[1mLinking C shared library rosidl_generator_py/duco_msg/duco_msg_s__rosidl_typesupport_fastrtps_c.cpython-310-x86_64-linux-gnu.so\x1b[0m\n'}
[5.823130] (duco_msg) StdoutLine: {'line': b'[ 99%] \x1b[32m\x1b[1mLinking C shared library rosidl_generator_py/duco_msg/duco_msg_s__rosidl_typesupport_c.cpython-310-x86_64-linux-gnu.so\x1b[0m\n'}
[5.847847] (duco_msg) StdoutLine: {'line': b'[100%] \x1b[32m\x1b[1mLinking C shared library rosidl_generator_py/duco_msg/duco_msg_s__rosidl_typesupport_introspection_c.cpython-310-x86_64-linux-gnu.so\x1b[0m\n'}
[5.853684] (duco_msg) StdoutLine: {'line': b'[100%] Built target duco_msg__rosidl_typesupport_c__pyext\n'}
[5.861279] (duco_msg) StdoutLine: {'line': b'[100%] Built target duco_msg__rosidl_typesupport_fastrtps_c__pyext\n'}
[5.879782] (duco_msg) StdoutLine: {'line': b'[100%] Built target duco_msg__rosidl_typesupport_introspection_c__pyext\n'}
[5.889322] (duco_msg) CommandEnded: {'returncode': 0}
[5.889918] (duco_msg) JobProgress: {'identifier': 'duco_msg', 'progress': 'install'}
[5.890125] (duco_msg) Command: {'cmd': ['/usr/bin/cmake', '--install', '/home/user/ws_siasun/build/duco_msg'], 'cwd': '/home/user/ws_siasun/build/duco_msg', 'env': OrderedDict([('PYTHON_BASIC_REPL', '1'), ('LESSOPEN', '| /usr/bin/lesspipe %s'), ('no_proxy', 'localhost,127.0.0.0/8,::1'), ('LANGUAGE', 'zh_CN:zh'), ('USER', 'user'), ('XDG_SESSION_TYPE', 'wayland'), ('SHLVL', '2'), ('LD_LIBRARY_PATH', '/opt/ros/humble/opt/rviz_ogre_vendor/lib:/opt/ros/humble/lib/x86_64-linux-gnu:/opt/ros/humble/lib'), ('HOME', '/home/user'), ('CHROME_DESKTOP', 'code.desktop'), ('TERM_PROGRAM_VERSION', '1.98.2'), ('DESKTOP_SESSION', 'ubuntu'), ('NO_PROXY', 'localhost,127.0.0.0/8,::1'), ('ROS_PYTHON_VERSION', '3'), ('GNOME_SHELL_SESSION_MODE', 'ubuntu'), ('GTK_MODULES', 'gail:atk-bridge'), ('DBUS_STARTER_BUS_TYPE', 'session'), ('SYSTEMD_EXEC_PID', '1152'), ('DBUS_SESSION_BUS_ADDRESS', 'unix:path=/run/user/1000/bus,guid=29aa453e04d6fd81a7f888c968edb0a6'), ('COLORTERM', 'truecolor'), ('IM_CONFIG_PHASE', '1'), ('WAYLAND_DISPLAY', 'wayland-0'), ('ROS_DISTRO', 'humble'), ('LOGNAME', 'user'), ('http_proxy', 'http://127.0.0.1:7890/'), ('_', '/usr/bin/colcon'), ('ROS_VERSION', '2'), ('XDG_SESSION_CLASS', 'user'), ('USERNAME', 'user'), ('TERM', 'xterm-256color'), ('GNOME_DESKTOP_SESSION_ID', 'this-is-deprecated'), ('ROS_LOCALHOST_ONLY', '0'), ('PATH', '/opt/ros/humble/bin:/usr/local/sbin:/usr/local/bin:/usr/sbin:/usr/bin:/sbin:/bin:/usr/games:/usr/local/games:/snap/bin:/snap/bin'), ('SESSION_MANAGER', 'local/user-Default-string:@/tmp/.ICE-unix/1152,unix/user-Default-string:/tmp/.ICE-unix/1152'), ('XDG_MENU_PREFIX', 'gnome-'), ('GNOME_TERMINAL_SCREEN', '/org/gnome/Terminal/screen/605294d2_5418_4e5f_b2e7_5a2a21147e6f'), ('GNOME_SETUP_DISPLAY', ':1'), ('XDG_RUNTIME_DIR', '/run/user/1000'), ('GDK_BACKEND', 'x11'), ('DISPLAY', ':0'), ('LANG', 'zh_CN.UTF-8'), ('XDG_CURRENT_DESKTOP', 'Unity'), ('PYTHONSTARTUP', '/home/user/.config/Code/User/workspaceStorage/0e147a0a2fd8792e328fcddb38a40cd9/ms-python.python/pythonrc.py'), ('XMODIFIERS', '@im=ibus'), ('XDG_SESSION_DESKTOP', 'ubuntu'), ('XAUTHORITY', '/run/user/1000/.mutter-Xwaylandauth.ATR2D3'), ('LS_COLORS', 'rs=0:di=01;34:ln=01;36:mh=00:pi=40;33:so=01;35:do=01;35:bd=40;33;01:cd=40;33;01:or=40;31;01:mi=00:su=37;41:sg=30;43:ca=30;41:tw=30;42:ow=34;42:st=37;44:ex=01;32:*.tar=01;31:*.tgz=01;31:*.arc=01;31:*.arj=01;31:*.taz=01;31:*.lha=01;31:*.lz4=01;31:*.lzh=01;31:*.lzma=01;31:*.tlz=01;31:*.txz=01;31:*.tzo=01;31:*.t7z=01;31:*.zip=01;31:*.z=01;31:*.dz=01;31:*.gz=01;31:*.lrz=01;31:*.lz=01;31:*.lzo=01;31:*.xz=01;31:*.zst=01;31:*.tzst=01;31:*.bz2=01;31:*.bz=01;31:*.tbz=01;31:*.tbz2=01;31:*.tz=01;31:*.deb=01;31:*.rpm=01;31:*.jar=01;31:*.war=01;31:*.ear=01;31:*.sar=01;31:*.rar=01;31:*.alz=01;31:*.ace=01;31:*.zoo=01;31:*.cpio=01;31:*.7z=01;31:*.rz=01;31:*.cab=01;31:*.wim=01;31:*.swm=01;31:*.dwm=01;31:*.esd=01;31:*.jpg=01;35:*.jpeg=01;35:*.mjpg=01;35:*.mjpeg=01;35:*.gif=01;35:*.bmp=01;35:*.pbm=01;35:*.pgm=01;35:*.ppm=01;35:*.tga=01;35:*.xbm=01;35:*.xpm=01;35:*.tif=01;35:*.tiff=01;35:*.png=01;35:*.svg=01;35:*.svgz=01;35:*.mng=01;35:*.pcx=01;35:*.mov=01;35:*.mpg=01;35:*.mpeg=01;35:*.m2v=01;35:*.mkv=01;35:*.webm=01;35:*.webp=01;35:*.ogm=01;35:*.mp4=01;35:*.m4v=01;35:*.mp4v=01;35:*.vob=01;35:*.qt=01;35:*.nuv=01;35:*.wmv=01;35:*.asf=01;35:*.rm=01;35:*.rmvb=01;35:*.flc=01;35:*.avi=01;35:*.fli=01;35:*.flv=01;35:*.gl=01;35:*.dl=01;35:*.xcf=01;35:*.xwd=01;35:*.yuv=01;35:*.cgm=01;35:*.emf=01;35:*.ogv=01;35:*.ogx=01;35:*.aac=00;36:*.au=00;36:*.flac=00;36:*.m4a=00;36:*.mid=00;36:*.midi=00;36:*.mka=00;36:*.mp3=00;36:*.mpc=00;36:*.ogg=00;36:*.ra=00;36:*.wav=00;36:*.oga=00;36:*.opus=00;36:*.spx=00;36:*.xspf=00;36:'), ('GNOME_TERMINAL_SERVICE', ':1.131'), ('TERM_PROGRAM', 'vscode'), ('SSH_AGENT_LAUNCHER', 'gnome-keyring'), ('SSH_AUTH_SOCK', '/run/user/1000/keyring/ssh'), ('AMENT_PREFIX_PATH', '/opt/ros/humble'), ('ORIGINAL_XDG_CURRENT_DESKTOP', 'ubuntu:GNOME'), ('SHELL', '/bin/bash'), ('QT_ACCESSIBILITY', '1'), ('GDMSESSION', 'ubuntu'), ('LESSCLOSE', '/usr/bin/lesspipe %s %s'), ('QT_IM_MODULE', 'ibus'), ('PWD', '/home/user/ws_siasun/build/duco_msg'), ('XDG_CONFIG_DIRS', '/etc/xdg/xdg-ubuntu:/etc/xdg'), ('DBUS_STARTER_ADDRESS', 'unix:path=/run/user/1000/bus,guid=29aa453e04d6fd81a7f888c968edb0a6'), ('XDG_DATA_DIRS', '/usr/share/ubuntu:/usr/local/share/:/usr/share/:/var/lib/snapd/desktop'), ('PYTHONPATH', '/opt/ros/humble/lib/python3.10/site-packages:/opt/ros/humble/local/lib/python3.10/dist-packages'), ('HTTP_PROXY', 'http://127.0.0.1:7890/'), ('COLCON', '1'), ('VTE_VERSION', '6800'), ('CMAKE_PREFIX_PATH', '/opt/ros/humble')]), 'shell': False}
[5.898696] (duco_msg) StdoutLine: {'line': b'-- Install configuration: ""\n'}
[5.898884] (duco_msg) StdoutLine: {'line': b'-- Installing: /home/user/ws_siasun/install/duco_msg/share/ament_index/resource_index/rosidl_interfaces/duco_msg\n'}
[5.898986] (duco_msg) StdoutLine: {'line': b'-- Installing: /home/user/ws_siasun/install/duco_msg/include/duco_msg/duco_msg\n'}
[5.899076] (duco_msg) StdoutLine: {'line': b'-- Installing: /home/user/ws_siasun/install/duco_msg/include/duco_msg/duco_msg/msg\n'}
[5.899164] (duco_msg) StdoutLine: {'line': b'-- Installing: /home/user/ws_siasun/install/duco_msg/include/duco_msg/duco_msg/msg/rosidl_generator_c__visibility_control.h\n'}
[5.899252] (duco_msg) StdoutLine: {'line': b'-- Installing: /home/user/ws_siasun/install/duco_msg/include/duco_msg/duco_msg/msg/virtual_servo_pose.h\n'}
[5.899342] (duco_msg) StdoutLine: {'line': b'-- Installing: /home/user/ws_siasun/install/duco_msg/include/duco_msg/duco_msg/msg/detail\n'}
[5.899406] (duco_msg) StdoutLine: {'line': b'-- Installing: /home/user/ws_siasun/install/duco_msg/include/duco_msg/duco_msg/msg/detail/duco_robot_state__struct.h\n'}
[5.899488] (duco_msg) StdoutLine: {'line': b'-- Installing: /home/user/ws_siasun/install/duco_msg/include/duco_msg/duco_msg/msg/detail/duco_robot_state__functions.c\n'}
[5.899575] (duco_msg) StdoutLine: {'line': b'-- Installing: /home/user/ws_siasun/install/duco_msg/include/duco_msg/duco_msg/msg/detail/virtual_servo_point_cloud__functions.c\n'}
[5.899659] (duco_msg) StdoutLine: {'line': b'-- Installing: /home/user/ws_siasun/install/duco_msg/include/duco_msg/duco_msg/msg/detail/virtual_servo_pose__functions.h\n'}
[5.899741] (duco_msg) StdoutLine: {'line': b'-- Installing: /home/user/ws_siasun/install/duco_msg/include/duco_msg/duco_msg/msg/detail/duco_robot_state__type_support.h\n'}
[5.899815] (duco_msg) StdoutLine: {'line': b'-- Installing: /home/user/ws_siasun/install/duco_msg/include/duco_msg/duco_msg/msg/detail/virtual_servo_pose__functions.c\n'}
[5.899886] (duco_msg) StdoutLine: {'line': b'-- Installing: /home/user/ws_siasun/install/duco_msg/include/duco_msg/duco_msg/msg/detail/virtual_servo_pose__type_support.h\n'}
[5.899955] (duco_msg) StdoutLine: {'line': b'-- Installing: /home/user/ws_siasun/install/duco_msg/include/duco_msg/duco_msg/msg/detail/virtual_servo_point_cloud__functions.h\n'}
[5.900030] (duco_msg) StdoutLine: {'line': b'-- Installing: /home/user/ws_siasun/install/duco_msg/include/duco_msg/duco_msg/msg/detail/virtual_servo_point_cloud__type_support.h\n'}
[5.900106] (duco_msg) StdoutLine: {'line': b'-- Installing: /home/user/ws_siasun/install/duco_msg/include/duco_msg/duco_msg/msg/detail/virtual_servo_point_cloud__struct.h\n'}
[5.900181] (duco_msg) StdoutLine: {'line': b'-- Installing: /home/user/ws_siasun/install/duco_msg/include/duco_msg/duco_msg/msg/detail/duco_robot_state__functions.h\n'}
[5.900256] (duco_msg) StdoutLine: {'line': b'-- Installing: /home/user/ws_siasun/install/duco_msg/include/duco_msg/duco_msg/msg/detail/virtual_servo_pose__struct.h\n'}
[5.900344] (duco_msg) StdoutLine: {'line': b'-- Installing: /home/user/ws_siasun/install/duco_msg/include/duco_msg/duco_msg/msg/virtual_servo_point_cloud.h\n'}
[5.900421] (duco_msg) StdoutLine: {'line': b'-- Installing: /home/user/ws_siasun/install/duco_msg/include/duco_msg/duco_msg/msg/duco_robot_state.h\n'}
[5.900495] (duco_msg) StdoutLine: {'line': b'-- Installing: /home/user/ws_siasun/install/duco_msg/include/duco_msg/duco_msg/srv\n'}
[5.900570] (duco_msg) StdoutLine: {'line': b'-- Installing: /home/user/ws_siasun/install/duco_msg/include/duco_msg/duco_msg/srv/robot_move.h\n'}
[5.900661] (duco_msg) StdoutLine: {'line': b'-- Installing: /home/user/ws_siasun/install/duco_msg/include/duco_msg/duco_msg/srv/robot_task_state_rquest.h\n'}
[5.900739] (duco_msg) StdoutLine: {'line': b'-- Installing: /home/user/ws_siasun/install/duco_msg/include/duco_msg/duco_msg/srv/speech.h\n'}
[5.900816] (duco_msg) StdoutLine: {'line': b'-- Installing: /home/user/ws_siasun/install/duco_msg/include/duco_msg/duco_msg/srv/robot_io_control.h\n'}
[5.900885] (duco_msg) StdoutLine: {'line': b'-- Installing: /home/user/ws_siasun/install/duco_msg/include/duco_msg/duco_msg/srv/detail\n'}
[5.900960] (duco_msg) StdoutLine: {'line': b'-- Installing: /home/user/ws_siasun/install/duco_msg/include/duco_msg/duco_msg/srv/detail/duco_robot_states__type_support.h\n'}
[5.901036] (duco_msg) StdoutLine: {'line': b'-- Installing: /home/user/ws_siasun/install/duco_msg/include/duco_msg/duco_msg/srv/detail/robot_task_state_rquest__type_support.h\n'}
[5.901112] (duco_msg) StdoutLine: {'line': b'-- Installing: /home/user/ws_siasun/install/duco_msg/include/duco_msg/duco_msg/srv/detail/speech__functions.c\n'}
[5.901198] (duco_msg) StdoutLine: {'line': b'-- Installing: /home/user/ws_siasun/install/duco_msg/include/duco_msg/duco_msg/srv/detail/pose_estimation__functions.c\n'}
[5.901296] (duco_msg) StdoutLine: {'line': b'-- Installing: /home/user/ws_siasun/install/duco_msg/include/duco_msg/duco_msg/srv/detail/robot_control__functions.h\n'}
[5.901382] (duco_msg) StdoutLine: {'line': b'-- Installing: /home/user/ws_siasun/install/duco_msg/include/duco_msg/duco_msg/srv/detail/robot_control__type_support.h\n'}
[5.901461] (duco_msg) StdoutLine: {'line': b'-- Installing: /home/user/ws_siasun/install/duco_msg/include/duco_msg/duco_msg/srv/detail/pose_estimation__type_support.h\n'}
[5.901538] (duco_msg) StdoutLine: {'line': b'-- Installing: /home/user/ws_siasun/install/duco_msg/include/duco_msg/duco_msg/srv/detail/robot_move__type_support.h\n'}
[5.901723] (duco_msg) StdoutLine: {'line': b'-- Installing: /home/user/ws_siasun/install/duco_msg/include/duco_msg/duco_msg/srv/detail/robot_move__struct.h\n'}
[5.901930] (duco_msg) StdoutLine: {'line': b'-- Installing: /home/user/ws_siasun/install/duco_msg/include/duco_msg/duco_msg/srv/detail/speech__type_support.h\n'}
[5.902029] (duco_msg) StdoutLine: {'line': b'-- Installing: /home/user/ws_siasun/install/duco_msg/include/duco_msg/duco_msg/srv/detail/robot_io_control__functions.h\n'}
[5.902138] (duco_msg) StdoutLine: {'line': b'-- Installing: /home/user/ws_siasun/install/duco_msg/include/duco_msg/duco_msg/srv/detail/robot_io_control__functions.c\n'}
[5.902187] (duco_msg) StdoutLine: {'line': b'-- Installing: /home/user/ws_siasun/install/duco_msg/include/duco_msg/duco_msg/srv/detail/robot_task_state_rquest__functions.c\n'}
[5.902254] (duco_msg) StdoutLine: {'line': b'-- Installing: /home/user/ws_siasun/install/duco_msg/include/duco_msg/duco_msg/srv/detail/robot_control__functions.c\n'}
[5.902329] (duco_msg) StdoutLine: {'line': b'-- Installing: /home/user/ws_siasun/install/duco_msg/include/duco_msg/duco_msg/srv/detail/robot_task_state_rquest__functions.h\n'}
[5.902365] (duco_msg) StdoutLine: {'line': b'-- Installing: /home/user/ws_siasun/install/duco_msg/include/duco_msg/duco_msg/srv/detail/pose_estimation__functions.h\n'}
[5.902396] (duco_msg) StdoutLine: {'line': b'-- Installing: /home/user/ws_siasun/install/duco_msg/include/duco_msg/duco_msg/srv/detail/grippers__type_support.h\n'}
[5.902426] (duco_msg) StdoutLine: {'line': b'-- Installing: /home/user/ws_siasun/install/duco_msg/include/duco_msg/duco_msg/srv/detail/robot_io_control__struct.h\n'}
[5.902504] (duco_msg) StdoutLine: {'line': b'-- Installing: /home/user/ws_siasun/install/duco_msg/include/duco_msg/duco_msg/srv/detail/speech__struct.h\n'}
[5.902540] (duco_msg) StdoutLine: {'line': b'-- Installing: /home/user/ws_siasun/install/duco_msg/include/duco_msg/duco_msg/srv/detail/duco_robot_states__struct.h\n'}
[5.902571] (duco_msg) StdoutLine: {'line': b'-- Installing: /home/user/ws_siasun/install/duco_msg/include/duco_msg/duco_msg/srv/detail/robot_move__functions.h\n'}
[5.902613] (duco_msg) StdoutLine: {'line': b'-- Installing: /home/user/ws_siasun/install/duco_msg/include/duco_msg/duco_msg/srv/detail/duco_robot_states__functions.c\n'}
[5.902643] (duco_msg) StdoutLine: {'line': b'-- Installing: /home/user/ws_siasun/install/duco_msg/include/duco_msg/duco_msg/srv/detail/pose_estimation__struct.h\n'}
[5.902672] (duco_msg) StdoutLine: {'line': b'-- Installing: /home/user/ws_siasun/install/duco_msg/include/duco_msg/duco_msg/srv/detail/robot_control__struct.h\n'}
[5.902701] (duco_msg) StdoutLine: {'line': b'-- Installing: /home/user/ws_siasun/install/duco_msg/include/duco_msg/duco_msg/srv/detail/duco_robot_states__functions.h\n'}
[5.902729] (duco_msg) StdoutLine: {'line': b'-- Installing: /home/user/ws_siasun/install/duco_msg/include/duco_msg/duco_msg/srv/detail/grippers__struct.h\n'}
[5.902781] (duco_msg) StdoutLine: {'line': b'-- Installing: /home/user/ws_siasun/install/duco_msg/include/duco_msg/duco_msg/srv/detail/robot_move__functions.c\n'}
[5.902863] (duco_msg) StdoutLine: {'line': b'-- Installing: /home/user/ws_siasun/install/duco_msg/include/duco_msg/duco_msg/srv/detail/grippers__functions.h\n'}
[5.902896] (duco_msg) StdoutLine: {'line': b'-- Installing: /home/user/ws_siasun/install/duco_msg/include/duco_msg/duco_msg/srv/detail/robot_io_control__type_support.h\n'}
[5.902927] (duco_msg) StdoutLine: {'line': b'-- Installing: /home/user/ws_siasun/install/duco_msg/include/duco_msg/duco_msg/srv/detail/robot_task_state_rquest__struct.h\n'}
[5.902957] (duco_msg) StdoutLine: {'line': b'-- Installing: /home/user/ws_siasun/install/duco_msg/include/duco_msg/duco_msg/srv/detail/grippers__functions.c\n'}
[5.902986] (duco_msg) StdoutLine: {'line': b'-- Installing: /home/user/ws_siasun/install/duco_msg/include/duco_msg/duco_msg/srv/detail/speech__functions.h\n'}
[5.903015] (duco_msg) StdoutLine: {'line': b'-- Installing: /home/user/ws_siasun/install/duco_msg/include/duco_msg/duco_msg/srv/grippers.h\n'}
[5.903043] (duco_msg) StdoutLine: {'line': b'-- Installing: /home/user/ws_siasun/install/duco_msg/include/duco_msg/duco_msg/srv/robot_control.h\n'}
[5.903073] (duco_msg) StdoutLine: {'line': b'-- Installing: /home/user/ws_siasun/install/duco_msg/include/duco_msg/duco_msg/srv/duco_robot_states.h\n'}
[5.903136] (duco_msg) StdoutLine: {'line': b'-- Installing: /home/user/ws_siasun/install/duco_msg/include/duco_msg/duco_msg/srv/pose_estimation.h\n'}
[5.903220] (duco_msg) StdoutLine: {'line': b'-- Installing: /home/user/ws_siasun/install/duco_msg/share/duco_msg/environment/library_path.sh\n'}
[5.903270] (duco_msg) StdoutLine: {'line': b'-- Installing: /home/user/ws_siasun/install/duco_msg/share/duco_msg/environment/library_path.dsv\n'}
[5.903316] (duco_msg) StdoutLine: {'line': b'-- Installing: /home/user/ws_siasun/install/duco_msg/lib/libduco_msg__rosidl_generator_c.so\n'}
[5.903391] (duco_msg) StdoutLine: {'line': b'-- Set runtime path of "/home/user/ws_siasun/install/duco_msg/lib/libduco_msg__rosidl_generator_c.so" to ""\n'}
[5.903460] (duco_msg) StdoutLine: {'line': b'-- Up-to-date: /home/user/ws_siasun/install/duco_msg/include/duco_msg/duco_msg\n'}
[5.903545] (duco_msg) StdoutLine: {'line': b'-- Up-to-date: /home/user/ws_siasun/install/duco_msg/include/duco_msg/duco_msg/msg\n'}
[5.903578] (duco_msg) StdoutLine: {'line': b'-- Installing: /home/user/ws_siasun/install/duco_msg/include/duco_msg/duco_msg/msg/rosidl_typesupport_fastrtps_c__visibility_control.h\n'}
[5.903623] (duco_msg) StdoutLine: {'line': b'-- Up-to-date: /home/user/ws_siasun/install/duco_msg/include/duco_msg/duco_msg/msg/detail\n'}
[5.903655] (duco_msg) StdoutLine: {'line': b'-- Installing: /home/user/ws_siasun/install/duco_msg/include/duco_msg/duco_msg/msg/detail/virtual_servo_pose__rosidl_typesupport_fastrtps_c.h\n'}
[5.903711] (duco_msg) StdoutLine: {'line': b'-- Installing: /home/user/ws_siasun/install/duco_msg/include/duco_msg/duco_msg/msg/detail/virtual_servo_point_cloud__rosidl_typesupport_fastrtps_c.h\n'}
[5.903777] (duco_msg) StdoutLine: {'line': b'-- Installing: /home/user/ws_siasun/install/duco_msg/include/duco_msg/duco_msg/msg/detail/duco_robot_state__rosidl_typesupport_fastrtps_c.h\n'}
[5.903813] (duco_msg) StdoutLine: {'line': b'-- Up-to-date: /home/user/ws_siasun/install/duco_msg/include/duco_msg/duco_msg/srv\n'}
[5.903843] (duco_msg) StdoutLine: {'line': b'-- Up-to-date: /home/user/ws_siasun/install/duco_msg/include/duco_msg/duco_msg/srv/detail\n'}
[5.903874] (duco_msg) StdoutLine: {'line': b'-- Installing: /home/user/ws_siasun/install/duco_msg/include/duco_msg/duco_msg/srv/detail/robot_move__rosidl_typesupport_fastrtps_c.h\n'}
[5.903904] (duco_msg) StdoutLine: {'line': b'-- Installing: /home/user/ws_siasun/install/duco_msg/include/duco_msg/duco_msg/srv/detail/robot_control__rosidl_typesupport_fastrtps_c.h\n'}
[5.903952] (duco_msg) StdoutLine: {'line': b'-- Installing: /home/user/ws_siasun/install/duco_msg/include/duco_msg/duco_msg/srv/detail/robot_io_control__rosidl_typesupport_fastrtps_c.h\n'}
[5.904020] (duco_msg) StdoutLine: {'line': b'-- Installing: /home/user/ws_siasun/install/duco_msg/include/duco_msg/duco_msg/srv/detail/robot_task_state_rquest__rosidl_typesupport_fastrtps_c.h\n'}
[5.904052] (duco_msg) StdoutLine: {'line': b'-- Installing: /home/user/ws_siasun/install/duco_msg/include/duco_msg/duco_msg/srv/detail/pose_estimation__rosidl_typesupport_fastrtps_c.h\n'}
[5.904084] (duco_msg) StdoutLine: {'line': b'-- Installing: /home/user/ws_siasun/install/duco_msg/include/duco_msg/duco_msg/srv/detail/grippers__rosidl_typesupport_fastrtps_c.h\n'}
[5.904134] (duco_msg) StdoutLine: {'line': b'-- Installing: /home/user/ws_siasun/install/duco_msg/include/duco_msg/duco_msg/srv/detail/speech__rosidl_typesupport_fastrtps_c.h\n'}
[5.904182] (duco_msg) StdoutLine: {'line': b'-- Installing: /home/user/ws_siasun/install/duco_msg/include/duco_msg/duco_msg/srv/detail/duco_robot_states__rosidl_typesupport_fastrtps_c.h\n'}
[5.904249] (duco_msg) StdoutLine: {'line': b'-- Installing: /home/user/ws_siasun/install/duco_msg/lib/libduco_msg__rosidl_typesupport_fastrtps_c.so\n'}
[5.904315] (duco_msg) StdoutLine: {'line': b'-- Set runtime path of "/home/user/ws_siasun/install/duco_msg/lib/libduco_msg__rosidl_typesupport_fastrtps_c.so" to ""\n'}
[5.904384] (duco_msg) StdoutLine: {'line': b'-- Up-to-date: /home/user/ws_siasun/install/duco_msg/include/duco_msg/duco_msg\n'}
[5.904472] (duco_msg) StdoutLine: {'line': b'-- Up-to-date: /home/user/ws_siasun/install/duco_msg/include/duco_msg/duco_msg/msg\n'}
[5.904523] (duco_msg) StdoutLine: {'line': b'-- Installing: /home/user/ws_siasun/install/duco_msg/include/duco_msg/duco_msg/msg/virtual_servo_point_cloud.hpp\n'}
[5.904572] (duco_msg) StdoutLine: {'line': b'-- Installing: /home/user/ws_siasun/install/duco_msg/include/duco_msg/duco_msg/msg/virtual_servo_pose.hpp\n'}
[5.904627] (duco_msg) StdoutLine: {'line': b'-- Up-to-date: /home/user/ws_siasun/install/duco_msg/include/duco_msg/duco_msg/msg/detail\n'}
[5.904664] (duco_msg) StdoutLine: {'line': b'-- Installing: /home/user/ws_siasun/install/duco_msg/include/duco_msg/duco_msg/msg/detail/duco_robot_state__traits.hpp\n'}
[5.904717] (duco_msg) StdoutLine: {'line': b'-- Installing: /home/user/ws_siasun/install/duco_msg/include/duco_msg/duco_msg/msg/detail/virtual_servo_point_cloud__builder.hpp\n'}
[5.904791] (duco_msg) StdoutLine: {'line': b'-- Installing: /home/user/ws_siasun/install/duco_msg/include/duco_msg/duco_msg/msg/detail/virtual_servo_pose__struct.hpp\n'}
[5.904821] (duco_msg) StdoutLine: {'line': b'-- Installing: /home/user/ws_siasun/install/duco_msg/include/duco_msg/duco_msg/msg/detail/duco_robot_state__struct.hpp\n'}
[5.904850] (duco_msg) StdoutLine: {'line': b'-- Installing: /home/user/ws_siasun/install/duco_msg/include/duco_msg/duco_msg/msg/detail/virtual_servo_point_cloud__traits.hpp\n'}
[5.904880] (duco_msg) StdoutLine: {'line': b'-- Installing: /home/user/ws_siasun/install/duco_msg/include/duco_msg/duco_msg/msg/detail/virtual_servo_pose__traits.hpp\n'}
[5.904931] (duco_msg) StdoutLine: {'line': b'-- Installing: /home/user/ws_siasun/install/duco_msg/include/duco_msg/duco_msg/msg/detail/virtual_servo_pose__builder.hpp\n'}
[5.904963] (duco_msg) StdoutLine: {'line': b'-- Installing: /home/user/ws_siasun/install/duco_msg/include/duco_msg/duco_msg/msg/detail/duco_robot_state__type_support.hpp\n'}
[5.904991] (duco_msg) StdoutLine: {'line': b'-- Installing: /home/user/ws_siasun/install/duco_msg/include/duco_msg/duco_msg/msg/detail/virtual_servo_point_cloud__type_support.hpp\n'}
[5.905020] (duco_msg) StdoutLine: {'line': b'-- Installing: /home/user/ws_siasun/install/duco_msg/include/duco_msg/duco_msg/msg/detail/virtual_servo_pose__type_support.hpp\n'}
[5.905048] (duco_msg) StdoutLine: {'line': b'-- Installing: /home/user/ws_siasun/install/duco_msg/include/duco_msg/duco_msg/msg/detail/duco_robot_state__builder.hpp\n'}
[5.905078] (duco_msg) StdoutLine: {'line': b'-- Installing: /home/user/ws_siasun/install/duco_msg/include/duco_msg/duco_msg/msg/detail/virtual_servo_point_cloud__struct.hpp\n'}
[5.905128] (duco_msg) StdoutLine: {'line': b'-- Installing: /home/user/ws_siasun/install/duco_msg/include/duco_msg/duco_msg/msg/rosidl_generator_cpp__visibility_control.hpp\n'}
[5.905198] (duco_msg) StdoutLine: {'line': b'-- Installing: /home/user/ws_siasun/install/duco_msg/include/duco_msg/duco_msg/msg/duco_robot_state.hpp\n'}
[5.905230] (duco_msg) StdoutLine: {'line': b'-- Up-to-date: /home/user/ws_siasun/install/duco_msg/include/duco_msg/duco_msg/srv\n'}
[5.905265] (duco_msg) StdoutLine: {'line': b'-- Installing: /home/user/ws_siasun/install/duco_msg/include/duco_msg/duco_msg/srv/duco_robot_states.hpp\n'}
[5.905295] (duco_msg) StdoutLine: {'line': b'-- Installing: /home/user/ws_siasun/install/duco_msg/include/duco_msg/duco_msg/srv/pose_estimation.hpp\n'}
[5.905324] (duco_msg) StdoutLine: {'line': b'-- Installing: /home/user/ws_siasun/install/duco_msg/include/duco_msg/duco_msg/srv/speech.hpp\n'}
[5.905365] (duco_msg) StdoutLine: {'line': b'-- Installing: /home/user/ws_siasun/install/duco_msg/include/duco_msg/duco_msg/srv/robot_io_control.hpp\n'}
[5.905395] (duco_msg) StdoutLine: {'line': b'-- Up-to-date: /home/user/ws_siasun/install/duco_msg/include/duco_msg/duco_msg/srv/detail\n'}
[5.905424] (duco_msg) StdoutLine: {'line': b'-- Installing: /home/user/ws_siasun/install/duco_msg/include/duco_msg/duco_msg/srv/detail/robot_control__struct.hpp\n'}
[5.905482] (duco_msg) StdoutLine: {'line': b'-- Installing: /home/user/ws_siasun/install/duco_msg/include/duco_msg/duco_msg/srv/detail/robot_control__traits.hpp\n'}
[5.905514] (duco_msg) StdoutLine: {'line': b'-- Installing: /home/user/ws_siasun/install/duco_msg/include/duco_msg/duco_msg/srv/detail/robot_io_control__type_support.hpp\n'}
[5.905544] (duco_msg) StdoutLine: {'line': b'-- Installing: /home/user/ws_siasun/install/duco_msg/include/duco_msg/duco_msg/srv/detail/robot_task_state_rquest__traits.hpp\n'}
[5.905603] (duco_msg) StdoutLine: {'line': b'-- Installing: /home/user/ws_siasun/install/duco_msg/include/duco_msg/duco_msg/srv/detail/robot_move__struct.hpp\n'}
[5.905640] (duco_msg) StdoutLine: {'line': b'-- Installing: /home/user/ws_siasun/install/duco_msg/include/duco_msg/duco_msg/srv/detail/robot_task_state_rquest__struct.hpp\n'}
[5.905669] (duco_msg) StdoutLine: {'line': b'-- Installing: /home/user/ws_siasun/install/duco_msg/include/duco_msg/duco_msg/srv/detail/robot_control__builder.hpp\n'}
[5.905727] (duco_msg) StdoutLine: {'line': b'-- Installing: /home/user/ws_siasun/install/duco_msg/include/duco_msg/duco_msg/srv/detail/pose_estimation__builder.hpp\n'}
[5.905760] (duco_msg) StdoutLine: {'line': b'-- Installing: /home/user/ws_siasun/install/duco_msg/include/duco_msg/duco_msg/srv/detail/pose_estimation__traits.hpp\n'}
[5.905817] (duco_msg) StdoutLine: {'line': b'-- Installing: /home/user/ws_siasun/install/duco_msg/include/duco_msg/duco_msg/srv/detail/grippers__builder.hpp\n'}
[5.905856] (duco_msg) StdoutLine: {'line': b'-- Installing: /home/user/ws_siasun/install/duco_msg/include/duco_msg/duco_msg/srv/detail/robot_move__traits.hpp\n'}
[5.905888] (duco_msg) StdoutLine: {'line': b'-- Installing: /home/user/ws_siasun/install/duco_msg/include/duco_msg/duco_msg/srv/detail/duco_robot_states__builder.hpp\n'}
[5.905955] (duco_msg) StdoutLine: {'line': b'-- Installing: /home/user/ws_siasun/install/duco_msg/include/duco_msg/duco_msg/srv/detail/robot_io_control__traits.hpp\n'}
[5.905985] (duco_msg) StdoutLine: {'line': b'-- Installing: /home/user/ws_siasun/install/duco_msg/include/duco_msg/duco_msg/srv/detail/speech__builder.hpp\n'}
[5.906014] (duco_msg) StdoutLine: {'line': b'-- Installing: /home/user/ws_siasun/install/duco_msg/include/duco_msg/duco_msg/srv/detail/robot_io_control__builder.hpp\n'}
[5.906043] (duco_msg) StdoutLine: {'line': b'-- Installing: /home/user/ws_siasun/install/duco_msg/include/duco_msg/duco_msg/srv/detail/grippers__traits.hpp\n'}
[5.906090] (duco_msg) StdoutLine: {'line': b'-- Installing: /home/user/ws_siasun/install/duco_msg/include/duco_msg/duco_msg/srv/detail/duco_robot_states__struct.hpp\n'}
[5.906117] (duco_msg) StdoutLine: {'line': b'-- Installing: /home/user/ws_siasun/install/duco_msg/include/duco_msg/duco_msg/srv/detail/speech__struct.hpp\n'}
[5.906168] (duco_msg) StdoutLine: {'line': b'-- Installing: /home/user/ws_siasun/install/duco_msg/include/duco_msg/duco_msg/srv/detail/pose_estimation__type_support.hpp\n'}
[5.906218] (duco_msg) StdoutLine: {'line': b'-- Installing: /home/user/ws_siasun/install/duco_msg/include/duco_msg/duco_msg/srv/detail/robot_task_state_rquest__builder.hpp\n'}
[5.906263] (duco_msg) StdoutLine: {'line': b'-- Installing: /home/user/ws_siasun/install/duco_msg/include/duco_msg/duco_msg/srv/detail/duco_robot_states__traits.hpp\n'}
[5.906322] (duco_msg) StdoutLine: {'line': b'-- Installing: /home/user/ws_siasun/install/duco_msg/include/duco_msg/duco_msg/srv/detail/robot_move__builder.hpp\n'}
[5.906411] (duco_msg) StdoutLine: {'line': b'-- Installing: /home/user/ws_siasun/install/duco_msg/include/duco_msg/duco_msg/srv/detail/speech__traits.hpp\n'}
[5.906489] (duco_msg) StdoutLine: {'line': b'-- Installing: /home/user/ws_siasun/install/duco_msg/include/duco_msg/duco_msg/srv/detail/robot_io_control__struct.hpp\n'}
[5.906589] (duco_msg) StdoutLine: {'line': b'-- Installing: /home/user/ws_siasun/install/duco_msg/include/duco_msg/duco_msg/srv/detail/grippers__type_support.hpp\n'}
[5.906764] (duco_msg) StdoutLine: {'line': b'-- Installing: /home/user/ws_siasun/install/duco_msg/include/duco_msg/duco_msg/srv/detail/pose_estimation__struct.hpp\n'}
[5.906849] (duco_msg) StdoutLine: {'line': b'-- Installing: /home/user/ws_siasun/install/duco_msg/include/duco_msg/duco_msg/srv/detail/speech__type_support.hpp\n'}
[5.906949] (duco_msg) StdoutLine: {'line': b'-- Installing: /home/user/ws_siasun/install/duco_msg/include/duco_msg/duco_msg/srv/detail/grippers__struct.hpp\n'}
[5.907056] (duco_msg) StdoutLine: {'line': b'-- Installing: /home/user/ws_siasun/install/duco_msg/include/duco_msg/duco_msg/srv/detail/robot_move__type_support.hpp\n'}
[5.907124] (duco_msg) StdoutLine: {'line': b'-- Installing: /home/user/ws_siasun/install/duco_msg/include/duco_msg/duco_msg/srv/detail/robot_control__type_support.hpp\n'}
[5.907193] (duco_msg) StdoutLine: {'line': b'-- Installing: /home/user/ws_siasun/install/duco_msg/include/duco_msg/duco_msg/srv/detail/robot_task_state_rquest__type_support.hpp\n'}
[5.907318] (duco_msg) StdoutLine: {'line': b'-- Installing: /home/user/ws_siasun/install/duco_msg/include/duco_msg/duco_msg/srv/detail/duco_robot_states__type_support.hpp\n'}
[5.907396] (duco_msg) StdoutLine: {'line': b'-- Installing: /home/user/ws_siasun/install/duco_msg/include/duco_msg/duco_msg/srv/grippers.hpp\n'}
[5.907503] (duco_msg) StdoutLine: {'line': b'-- Installing: /home/user/ws_siasun/install/duco_msg/include/duco_msg/duco_msg/srv/robot_move.hpp\n'}
[5.907580] (duco_msg) StdoutLine: {'line': b'-- Installing: /home/user/ws_siasun/install/duco_msg/include/duco_msg/duco_msg/srv/robot_task_state_rquest.hpp\n'}
[5.907728] (duco_msg) StdoutLine: {'line': b'-- Installing: /home/user/ws_siasun/install/duco_msg/include/duco_msg/duco_msg/srv/robot_control.hpp\n'}
[5.907800] (duco_msg) StdoutLine: {'line': b'-- Up-to-date: /home/user/ws_siasun/install/duco_msg/include/duco_msg/duco_msg\n'}
[5.907907] (duco_msg) StdoutLine: {'line': b'-- Up-to-date: /home/user/ws_siasun/install/duco_msg/include/duco_msg/duco_msg/msg\n'}
[5.907973] (duco_msg) StdoutLine: {'line': b'-- Installing: /home/user/ws_siasun/install/duco_msg/include/duco_msg/duco_msg/msg/rosidl_typesupport_fastrtps_cpp__visibility_control.h\n'}
[5.908039] (duco_msg) StdoutLine: {'line': b'-- Up-to-date: /home/user/ws_siasun/install/duco_msg/include/duco_msg/duco_msg/msg/detail\n'}
[5.908103] (duco_msg) StdoutLine: {'line': b'-- Installing: /home/user/ws_siasun/install/duco_msg/include/duco_msg/duco_msg/msg/detail/virtual_servo_pose__rosidl_typesupport_fastrtps_cpp.hpp\n'}
[5.908167] (duco_msg) StdoutLine: {'line': b'-- Installing: /home/user/ws_siasun/install/duco_msg/include/duco_msg/duco_msg/msg/detail/dds_fastrtps\n'}
[5.908234] (duco_msg) StdoutLine: {'line': b'-- Installing: /home/user/ws_siasun/install/duco_msg/include/duco_msg/duco_msg/msg/detail/virtual_servo_point_cloud__rosidl_typesupport_fastrtps_cpp.hpp\n'}
[5.908302] (duco_msg) StdoutLine: {'line': b'-- Installing: /home/user/ws_siasun/install/duco_msg/include/duco_msg/duco_msg/msg/detail/duco_robot_state__rosidl_typesupport_fastrtps_cpp.hpp\n'}
[5.908396] (duco_msg) StdoutLine: {'line': b'-- Up-to-date: /home/user/ws_siasun/install/duco_msg/include/duco_msg/duco_msg/srv\n'}
[5.908550] (duco_msg) StdoutLine: {'line': b'-- Up-to-date: /home/user/ws_siasun/install/duco_msg/include/duco_msg/duco_msg/srv/detail\n'}
[5.908639] (duco_msg) StdoutLine: {'line': b'-- Installing: /home/user/ws_siasun/install/duco_msg/include/duco_msg/duco_msg/srv/detail/robot_move__rosidl_typesupport_fastrtps_cpp.hpp\n'}
[5.908703] (duco_msg) StdoutLine: {'line': b'-- Installing: /home/user/ws_siasun/install/duco_msg/include/duco_msg/duco_msg/srv/detail/robot_task_state_rquest__rosidl_typesupport_fastrtps_cpp.hpp\n'}
[5.908763] (duco_msg) StdoutLine: {'line': b'-- Installing: /home/user/ws_siasun/install/duco_msg/include/duco_msg/duco_msg/srv/detail/speech__rosidl_typesupport_fastrtps_cpp.hpp\n'}
[5.908823] (duco_msg) StdoutLine: {'line': b'-- Installing: /home/user/ws_siasun/install/duco_msg/include/duco_msg/duco_msg/srv/detail/pose_estimation__rosidl_typesupport_fastrtps_cpp.hpp\n'}
[5.908881] (duco_msg) StdoutLine: {'line': b'-- Installing: /home/user/ws_siasun/install/duco_msg/include/duco_msg/duco_msg/srv/detail/duco_robot_states__rosidl_typesupport_fastrtps_cpp.hpp\n'}
[5.908944] (duco_msg) StdoutLine: {'line': b'-- Installing: /home/user/ws_siasun/install/duco_msg/include/duco_msg/duco_msg/srv/detail/grippers__rosidl_typesupport_fastrtps_cpp.hpp\n'}
[5.909009] (duco_msg) StdoutLine: {'line': b'-- Installing: /home/user/ws_siasun/install/duco_msg/include/duco_msg/duco_msg/srv/detail/dds_fastrtps\n'}
[5.909073] (duco_msg) StdoutLine: {'line': b'-- Installing: /home/user/ws_siasun/install/duco_msg/include/duco_msg/duco_msg/srv/detail/robot_io_control__rosidl_typesupport_fastrtps_cpp.hpp\n'}
[5.909138] (duco_msg) StdoutLine: {'line': b'-- Installing: /home/user/ws_siasun/install/duco_msg/include/duco_msg/duco_msg/srv/detail/robot_control__rosidl_typesupport_fastrtps_cpp.hpp\n'}
[5.909201] (duco_msg) StdoutLine: {'line': b'-- Installing: /home/user/ws_siasun/install/duco_msg/lib/libduco_msg__rosidl_typesupport_fastrtps_cpp.so\n'}
[5.909310] (duco_msg) StdoutLine: {'line': b'-- Set runtime path of "/home/user/ws_siasun/install/duco_msg/lib/libduco_msg__rosidl_typesupport_fastrtps_cpp.so" to ""\n'}
[5.909375] (duco_msg) StdoutLine: {'line': b'-- Up-to-date: /home/user/ws_siasun/install/duco_msg/include/duco_msg/duco_msg\n'}
[5.909509] (duco_msg) StdoutLine: {'line': b'-- Up-to-date: /home/user/ws_siasun/install/duco_msg/include/duco_msg/duco_msg/msg\n'}
[5.909572] (duco_msg) StdoutLine: {'line': b'-- Up-to-date: /home/user/ws_siasun/install/duco_msg/include/duco_msg/duco_msg/msg/detail\n'}
[5.909670] (duco_msg) StdoutLine: {'line': b'-- Installing: /home/user/ws_siasun/install/duco_msg/include/duco_msg/duco_msg/msg/detail/duco_robot_state__type_support.c\n'}
[5.909734] (duco_msg) StdoutLine: {'line': b'-- Installing: /home/user/ws_siasun/install/duco_msg/include/duco_msg/duco_msg/msg/detail/virtual_servo_pose__type_support.c\n'}
[5.909829] (duco_msg) StdoutLine: {'line': b'-- Installing: /home/user/ws_siasun/install/duco_msg/include/duco_msg/duco_msg/msg/detail/virtual_servo_point_cloud__rosidl_typesupport_introspection_c.h\n'}
[5.909893] (duco_msg) StdoutLine: {'line': b'-- Installing: /home/user/ws_siasun/install/duco_msg/include/duco_msg/duco_msg/msg/detail/duco_robot_state__rosidl_typesupport_introspection_c.h\n'}
[5.909955] (duco_msg) StdoutLine: {'line': b'-- Installing: /home/user/ws_siasun/install/duco_msg/include/duco_msg/duco_msg/msg/detail/virtual_servo_pose__rosidl_typesupport_introspection_c.h\n'}
[5.910051] (duco_msg) StdoutLine: {'line': b'-- Installing: /home/user/ws_siasun/install/duco_msg/include/duco_msg/duco_msg/msg/detail/virtual_servo_point_cloud__type_support.c\n'}
[5.910112] (duco_msg) StdoutLine: {'line': b'-- Installing: /home/user/ws_siasun/install/duco_msg/include/duco_msg/duco_msg/msg/rosidl_typesupport_introspection_c__visibility_control.h\n'}
[5.910170] (duco_msg) StdoutLine: {'line': b'-- Up-to-date: /home/user/ws_siasun/install/duco_msg/include/duco_msg/duco_msg/srv\n'}
[5.910227] (duco_msg) StdoutLine: {'line': b'-- Up-to-date: /home/user/ws_siasun/install/duco_msg/include/duco_msg/duco_msg/srv/detail\n'}
[5.910288] (duco_msg) StdoutLine: {'line': b'-- Installing: /home/user/ws_siasun/install/duco_msg/include/duco_msg/duco_msg/srv/detail/duco_robot_states__type_support.c\n'}
[5.910350] (duco_msg) StdoutLine: {'line': b'-- Installing: /home/user/ws_siasun/install/duco_msg/include/duco_msg/duco_msg/srv/detail/robot_task_state_rquest__type_support.c\n'}
[5.910413] (duco_msg) StdoutLine: {'line': b'-- Installing: /home/user/ws_siasun/install/duco_msg/include/duco_msg/duco_msg/srv/detail/robot_task_state_rquest__rosidl_typesupport_introspection_c.h\n'}
[5.910477] (duco_msg) StdoutLine: {'line': b'-- Installing: /home/user/ws_siasun/install/duco_msg/include/duco_msg/duco_msg/srv/detail/robot_control__type_support.c\n'}
[5.910539] (duco_msg) StdoutLine: {'line': b'-- Installing: /home/user/ws_siasun/install/duco_msg/include/duco_msg/duco_msg/srv/detail/robot_io_control__rosidl_typesupport_introspection_c.h\n'}
[5.910658] (duco_msg) StdoutLine: {'line': b'-- Installing: /home/user/ws_siasun/install/duco_msg/include/duco_msg/duco_msg/srv/detail/speech__type_support.c\n'}
[5.910725] (duco_msg) StdoutLine: {'line': b'-- Installing: /home/user/ws_siasun/install/duco_msg/include/duco_msg/duco_msg/srv/detail/pose_estimation__rosidl_typesupport_introspection_c.h\n'}
[5.910785] (duco_msg) StdoutLine: {'line': b'-- Installing: /home/user/ws_siasun/install/duco_msg/include/duco_msg/duco_msg/srv/detail/grippers__type_support.c\n'}
[5.910845] (duco_msg) StdoutLine: {'line': b'-- Installing: /home/user/ws_siasun/install/duco_msg/include/duco_msg/duco_msg/srv/detail/speech__rosidl_typesupport_introspection_c.h\n'}
[5.910905] (duco_msg) StdoutLine: {'line': b'-- Installing: /home/user/ws_siasun/install/duco_msg/include/duco_msg/duco_msg/srv/detail/robot_move__rosidl_typesupport_introspection_c.h\n'}
[5.910965] (duco_msg) StdoutLine: {'line': b'-- Installing: /home/user/ws_siasun/install/duco_msg/include/duco_msg/duco_msg/srv/detail/robot_io_control__type_support.c\n'}
[5.911025] (duco_msg) StdoutLine: {'line': b'-- Installing: /home/user/ws_siasun/install/duco_msg/include/duco_msg/duco_msg/srv/detail/grippers__rosidl_typesupport_introspection_c.h\n'}
[5.911084] (duco_msg) StdoutLine: {'line': b'-- Installing: /home/user/ws_siasun/install/duco_msg/include/duco_msg/duco_msg/srv/detail/robot_control__rosidl_typesupport_introspection_c.h\n'}
[5.911144] (duco_msg) StdoutLine: {'line': b'-- Installing: /home/user/ws_siasun/install/duco_msg/include/duco_msg/duco_msg/srv/detail/duco_robot_states__rosidl_typesupport_introspection_c.h\n'}
[5.911203] (duco_msg) StdoutLine: {'line': b'-- Installing: /home/user/ws_siasun/install/duco_msg/include/duco_msg/duco_msg/srv/detail/robot_move__type_support.c\n'}
[5.911262] (duco_msg) StdoutLine: {'line': b'-- Installing: /home/user/ws_siasun/install/duco_msg/include/duco_msg/duco_msg/srv/detail/pose_estimation__type_support.c\n'}
[5.911379] (duco_msg) StdoutLine: {'line': b'-- Installing: /home/user/ws_siasun/install/duco_msg/lib/libduco_msg__rosidl_typesupport_introspection_c.so\n'}
[5.911440] (duco_msg) StdoutLine: {'line': b'-- Set runtime path of "/home/user/ws_siasun/install/duco_msg/lib/libduco_msg__rosidl_typesupport_introspection_c.so" to ""\n'}
[5.911501] (duco_msg) StdoutLine: {'line': b'-- Installing: /home/user/ws_siasun/install/duco_msg/lib/libduco_msg__rosidl_typesupport_c.so\n'}
[5.911561] (duco_msg) StdoutLine: {'line': b'-- Set runtime path of "/home/user/ws_siasun/install/duco_msg/lib/libduco_msg__rosidl_typesupport_c.so" to ""\n'}
[5.911657] (duco_msg) StdoutLine: {'line': b'-- Up-to-date: /home/user/ws_siasun/install/duco_msg/include/duco_msg/duco_msg\n'}
[5.911715] (duco_msg) StdoutLine: {'line': b'-- Up-to-date: /home/user/ws_siasun/install/duco_msg/include/duco_msg/duco_msg/msg\n'}
[5.911770] (duco_msg) StdoutLine: {'line': b'-- Up-to-date: /home/user/ws_siasun/install/duco_msg/include/duco_msg/duco_msg/msg/detail\n'}
[5.911826] (duco_msg) StdoutLine: {'line': b'-- Installing: /home/user/ws_siasun/install/duco_msg/include/duco_msg/duco_msg/msg/detail/virtual_servo_point_cloud__type_support.cpp\n'}
[5.911881] (duco_msg) StdoutLine: {'line': b'-- Installing: /home/user/ws_siasun/install/duco_msg/include/duco_msg/duco_msg/msg/detail/virtual_servo_pose__type_support.cpp\n'}
[5.911936] (duco_msg) StdoutLine: {'line': b'-- Installing: /home/user/ws_siasun/install/duco_msg/include/duco_msg/duco_msg/msg/detail/duco_robot_state__rosidl_typesupport_introspection_cpp.hpp\n'}
[5.911997] (duco_msg) StdoutLine: {'line': b'-- Installing: /home/user/ws_siasun/install/duco_msg/include/duco_msg/duco_msg/msg/detail/virtual_servo_point_cloud__rosidl_typesupport_introspection_cpp.hpp\n'}
[5.912080] (duco_msg) StdoutLine: {'line': b'-- Installing: /home/user/ws_siasun/install/duco_msg/include/duco_msg/duco_msg/msg/detail/virtual_servo_pose__rosidl_typesupport_introspection_cpp.hpp\n'}
[5.912151] (duco_msg) StdoutLine: {'line': b'-- Installing: /home/user/ws_siasun/install/duco_msg/include/duco_msg/duco_msg/msg/detail/duco_robot_state__type_support.cpp\n'}
[5.912232] (duco_msg) StdoutLine: {'line': b'-- Up-to-date: /home/user/ws_siasun/install/duco_msg/include/duco_msg/duco_msg/srv\n'}
[5.912292] (duco_msg) StdoutLine: {'line': b'-- Up-to-date: /home/user/ws_siasun/install/duco_msg/include/duco_msg/duco_msg/srv/detail\n'}
[5.912352] (duco_msg) StdoutLine: {'line': b'-- Installing: /home/user/ws_siasun/install/duco_msg/include/duco_msg/duco_msg/srv/detail/speech__rosidl_typesupport_introspection_cpp.hpp\n'}
[5.912411] (duco_msg) StdoutLine: {'line': b'-- Installing: /home/user/ws_siasun/install/duco_msg/include/duco_msg/duco_msg/srv/detail/pose_estimation__rosidl_typesupport_introspection_cpp.hpp\n'}
[5.912471] (duco_msg) StdoutLine: {'line': b'-- Installing: /home/user/ws_siasun/install/duco_msg/include/duco_msg/duco_msg/srv/detail/speech__type_support.cpp\n'}
[5.912531] (duco_msg) StdoutLine: {'line': b'-- Installing: /home/user/ws_siasun/install/duco_msg/include/duco_msg/duco_msg/srv/detail/robot_move__rosidl_typesupport_introspection_cpp.hpp\n'}
[5.912595] (duco_msg) StdoutLine: {'line': b'-- Installing: /home/user/ws_siasun/install/duco_msg/include/duco_msg/duco_msg/srv/detail/grippers__type_support.cpp\n'}
[5.912703] (duco_msg) StdoutLine: {'line': b'-- Installing: /home/user/ws_siasun/install/duco_msg/include/duco_msg/duco_msg/srv/detail/robot_control__rosidl_typesupport_introspection_cpp.hpp\n'}
[5.912763] (duco_msg) StdoutLine: {'line': b'-- Installing: /home/user/ws_siasun/install/duco_msg/include/duco_msg/duco_msg/srv/detail/robot_io_control__type_support.cpp\n'}
[5.912823] (duco_msg) StdoutLine: {'line': b'-- Installing: /home/user/ws_siasun/install/duco_msg/include/duco_msg/duco_msg/srv/detail/grippers__rosidl_typesupport_introspection_cpp.hpp\n'}
[5.912883] (duco_msg) StdoutLine: {'line': b'-- Installing: /home/user/ws_siasun/install/duco_msg/include/duco_msg/duco_msg/srv/detail/duco_robot_states__type_support.cpp\n'}
[5.912984] (duco_msg) StdoutLine: {'line': b'-- Installing: /home/user/ws_siasun/install/duco_msg/include/duco_msg/duco_msg/srv/detail/duco_robot_states__rosidl_typesupport_introspection_cpp.hpp\n'}
[5.913045] (duco_msg) StdoutLine: {'line': b'-- Installing: /home/user/ws_siasun/install/duco_msg/include/duco_msg/duco_msg/srv/detail/robot_task_state_rquest__rosidl_typesupport_introspection_cpp.hpp\n'}
[5.913106] (duco_msg) StdoutLine: {'line': b'-- Installing: /home/user/ws_siasun/install/duco_msg/include/duco_msg/duco_msg/srv/detail/robot_control__type_support.cpp\n'}
[5.913166] (duco_msg) StdoutLine: {'line': b'-- Installing: /home/user/ws_siasun/install/duco_msg/include/duco_msg/duco_msg/srv/detail/pose_estimation__type_support.cpp\n'}
[5.913226] (duco_msg) StdoutLine: {'line': b'-- Installing: /home/user/ws_siasun/install/duco_msg/include/duco_msg/duco_msg/srv/detail/robot_move__type_support.cpp\n'}
[5.913286] (duco_msg) StdoutLine: {'line': b'-- Installing: /home/user/ws_siasun/install/duco_msg/include/duco_msg/duco_msg/srv/detail/robot_io_control__rosidl_typesupport_introspection_cpp.hpp\n'}
[5.913346] (duco_msg) StdoutLine: {'line': b'-- Installing: /home/user/ws_siasun/install/duco_msg/include/duco_msg/duco_msg/srv/detail/robot_task_state_rquest__type_support.cpp\n'}
[5.913406] (duco_msg) StdoutLine: {'line': b'-- Installing: /home/user/ws_siasun/install/duco_msg/lib/libduco_msg__rosidl_typesupport_introspection_cpp.so\n'}
[5.913466] (duco_msg) StdoutLine: {'line': b'-- Set runtime path of "/home/user/ws_siasun/install/duco_msg/lib/libduco_msg__rosidl_typesupport_introspection_cpp.so" to ""\n'}
[5.913527] (duco_msg) StdoutLine: {'line': b'-- Installing: /home/user/ws_siasun/install/duco_msg/lib/libduco_msg__rosidl_typesupport_cpp.so\n'}
[5.913591] (duco_msg) StdoutLine: {'line': b'-- Set runtime path of "/home/user/ws_siasun/install/duco_msg/lib/libduco_msg__rosidl_typesupport_cpp.so" to ""\n'}
[5.913714] (duco_msg) StdoutLine: {'line': b'-- Installing: /home/user/ws_siasun/install/duco_msg/share/duco_msg/environment/pythonpath.sh\n'}
[5.913776] (duco_msg) StdoutLine: {'line': b'-- Installing: /home/user/ws_siasun/install/duco_msg/share/duco_msg/environment/pythonpath.dsv\n'}
[5.913837] (duco_msg) StdoutLine: {'line': b'-- Installing: /home/user/ws_siasun/install/duco_msg/local/lib/python3.10/dist-packages/duco_msg-0.0.0-py3.10.egg-info\n'}
[5.913897] (duco_msg) StdoutLine: {'line': b'-- Installing: /home/user/ws_siasun/install/duco_msg/local/lib/python3.10/dist-packages/duco_msg-0.0.0-py3.10.egg-info/top_level.txt\n'}
[5.913957] (duco_msg) StdoutLine: {'line': b'-- Installing: /home/user/ws_siasun/install/duco_msg/local/lib/python3.10/dist-packages/duco_msg-0.0.0-py3.10.egg-info/PKG-INFO\n'}
[5.914018] (duco_msg) StdoutLine: {'line': b'-- Installing: /home/user/ws_siasun/install/duco_msg/local/lib/python3.10/dist-packages/duco_msg-0.0.0-py3.10.egg-info/SOURCES.txt\n'}
[5.914078] (duco_msg) StdoutLine: {'line': b'-- Installing: /home/user/ws_siasun/install/duco_msg/local/lib/python3.10/dist-packages/duco_msg-0.0.0-py3.10.egg-info/dependency_links.txt\n'}
[5.914180] (duco_msg) StdoutLine: {'line': b'-- Installing: /home/user/ws_siasun/install/duco_msg/local/lib/python3.10/dist-packages/duco_msg\n'}
[5.914242] (duco_msg) StdoutLine: {'line': b'-- Installing: /home/user/ws_siasun/install/duco_msg/local/lib/python3.10/dist-packages/duco_msg/_duco_msg_s.ep.rosidl_typesupport_fastrtps_c.c\n'}
[5.914302] (duco_msg) StdoutLine: {'line': b'-- Installing: /home/user/ws_siasun/install/duco_msg/local/lib/python3.10/dist-packages/duco_msg/libduco_msg__rosidl_generator_py.so\n'}
[5.914362] (duco_msg) StdoutLine: {'line': b'-- Installing: /home/user/ws_siasun/install/duco_msg/local/lib/python3.10/dist-packages/duco_msg/duco_msg_s__rosidl_typesupport_introspection_c.cpython-310-x86_64-linux-gnu.so\n'}
[5.914443] (duco_msg) StdoutLine: {'line': b'-- Installing: /home/user/ws_siasun/install/duco_msg/local/lib/python3.10/dist-packages/duco_msg/duco_msg_s__rosidl_typesupport_c.cpython-310-x86_64-linux-gnu.so\n'}
[5.914503] (duco_msg) StdoutLine: {'line': b'-- Installing: /home/user/ws_siasun/install/duco_msg/local/lib/python3.10/dist-packages/duco_msg/__init__.py\n'}
[5.914560] (duco_msg) StdoutLine: {'line': b'-- Installing: /home/user/ws_siasun/install/duco_msg/local/lib/python3.10/dist-packages/duco_msg/msg\n'}
[5.914630] (duco_msg) StdoutLine: {'line': b'-- Installing: /home/user/ws_siasun/install/duco_msg/local/lib/python3.10/dist-packages/duco_msg/msg/_virtual_servo_point_cloud.py\n'}
[5.914691] (duco_msg) StdoutLine: {'line': b'-- Installing: /home/user/ws_siasun/install/duco_msg/local/lib/python3.10/dist-packages/duco_msg/msg/_duco_robot_state.py\n'}
[5.914749] (duco_msg) StdoutLine: {'line': b'-- Installing: /home/user/ws_siasun/install/duco_msg/local/lib/python3.10/dist-packages/duco_msg/msg/_virtual_servo_pose_s.c\n'}
[5.914806] (duco_msg) StdoutLine: {'line': b'-- Installing: /home/user/ws_siasun/install/duco_msg/local/lib/python3.10/dist-packages/duco_msg/msg/_duco_robot_state_s.c\n'}
[5.914862] (duco_msg) StdoutLine: {'line': b'-- Installing: /home/user/ws_siasun/install/duco_msg/local/lib/python3.10/dist-packages/duco_msg/msg/__init__.py\n'}
[5.914918] (duco_msg) StdoutLine: {'line': b'-- Installing: /home/user/ws_siasun/install/duco_msg/local/lib/python3.10/dist-packages/duco_msg/msg/_virtual_servo_pose.py\n'}
[5.914974] (duco_msg) StdoutLine: {'line': b'-- Installing: /home/user/ws_siasun/install/duco_msg/local/lib/python3.10/dist-packages/duco_msg/msg/_virtual_servo_point_cloud_s.c\n'}
[5.915030] (duco_msg) StdoutLine: {'line': b'-- Installing: /home/user/ws_siasun/install/duco_msg/local/lib/python3.10/dist-packages/duco_msg/_duco_msg_s.ep.rosidl_typesupport_introspection_c.c\n'}
[5.915086] (duco_msg) StdoutLine: {'line': b'-- Installing: /home/user/ws_siasun/install/duco_msg/local/lib/python3.10/dist-packages/duco_msg/srv\n'}
[5.915141] (duco_msg) StdoutLine: {'line': b'-- Installing: /home/user/ws_siasun/install/duco_msg/local/lib/python3.10/dist-packages/duco_msg/srv/_duco_robot_states.py\n'}
[5.915196] (duco_msg) StdoutLine: {'line': b'-- Installing: /home/user/ws_siasun/install/duco_msg/local/lib/python3.10/dist-packages/duco_msg/srv/_robot_move_s.c\n'}
[5.915251] (duco_msg) StdoutLine: {'line': b'-- Installing: /home/user/ws_siasun/install/duco_msg/local/lib/python3.10/dist-packages/duco_msg/srv/_robot_control.py\n'}
[5.915307] (duco_msg) StdoutLine: {'line': b'-- Installing: /home/user/ws_siasun/install/duco_msg/local/lib/python3.10/dist-packages/duco_msg/srv/_grippers.py\n'}
[5.915364] (duco_msg) StdoutLine: {'line': b'-- Installing: /home/user/ws_siasun/install/duco_msg/local/lib/python3.10/dist-packages/duco_msg/srv/_robot_control_s.c\n'}
[5.915421] (duco_msg) StdoutLine: {'line': b'-- Installing: /home/user/ws_siasun/install/duco_msg/local/lib/python3.10/dist-packages/duco_msg/srv/__init__.py\n'}
[5.915477] (duco_msg) StdoutLine: {'line': b'-- Installing: /home/user/ws_siasun/install/duco_msg/local/lib/python3.10/dist-packages/duco_msg/srv/_pose_estimation.py\n'}
[5.915533] (duco_msg) StdoutLine: {'line': b'-- Installing: /home/user/ws_siasun/install/duco_msg/local/lib/python3.10/dist-packages/duco_msg/srv/_robot_task_state_rquest_s.c\n'}
[5.915594] (duco_msg) StdoutLine: {'line': b'-- Installing: /home/user/ws_siasun/install/duco_msg/local/lib/python3.10/dist-packages/duco_msg/srv/_duco_robot_states_s.c\n'}
[5.915656] (duco_msg) StdoutLine: {'line': b'-- Installing: /home/user/ws_siasun/install/duco_msg/local/lib/python3.10/dist-packages/duco_msg/srv/_speech_s.c\n'}
[5.915715] (duco_msg) StdoutLine: {'line': b'-- Installing: /home/user/ws_siasun/install/duco_msg/local/lib/python3.10/dist-packages/duco_msg/srv/_pose_estimation_s.c\n'}
[5.915771] (duco_msg) StdoutLine: {'line': b'-- Installing: /home/user/ws_siasun/install/duco_msg/local/lib/python3.10/dist-packages/duco_msg/srv/_robot_io_control.py\n'}
[5.915827] (duco_msg) StdoutLine: {'line': b'-- Installing: /home/user/ws_siasun/install/duco_msg/local/lib/python3.10/dist-packages/duco_msg/srv/_robot_move.py\n'}
[5.915886] (duco_msg) StdoutLine: {'line': b'-- Installing: /home/user/ws_siasun/install/duco_msg/local/lib/python3.10/dist-packages/duco_msg/srv/_grippers_s.c\n'}
[5.915942] (duco_msg) StdoutLine: {'line': b'-- Installing: /home/user/ws_siasun/install/duco_msg/local/lib/python3.10/dist-packages/duco_msg/srv/_robot_task_state_rquest.py\n'}
[5.916001] (duco_msg) StdoutLine: {'line': b'-- Installing: /home/user/ws_siasun/install/duco_msg/local/lib/python3.10/dist-packages/duco_msg/srv/_speech.py\n'}
[5.916057] (duco_msg) StdoutLine: {'line': b'-- Installing: /home/user/ws_siasun/install/duco_msg/local/lib/python3.10/dist-packages/duco_msg/srv/_robot_io_control_s.c\n'}
[5.916112] (duco_msg) StdoutLine: {'line': b'-- Installing: /home/user/ws_siasun/install/duco_msg/local/lib/python3.10/dist-packages/duco_msg/_duco_msg_s.ep.rosidl_typesupport_c.c\n'}
[5.916168] (duco_msg) StdoutLine: {'line': b'-- Installing: /home/user/ws_siasun/install/duco_msg/local/lib/python3.10/dist-packages/duco_msg/duco_msg_s__rosidl_typesupport_fastrtps_c.cpython-310-x86_64-linux-gnu.so\n'}
[5.916814] (-) TimerEvent: {}
[5.954783] (duco_msg) StdoutLine: {'line': b"Listing '/home/user/ws_siasun/install/duco_msg/local/lib/python3.10/dist-packages/duco_msg'...\n"}
[5.954925] (duco_msg) StdoutLine: {'line': b"Compiling '/home/user/ws_siasun/install/duco_msg/local/lib/python3.10/dist-packages/duco_msg/__init__.py'...\n"}
[5.954997] (duco_msg) StdoutLine: {'line': b"Listing '/home/user/ws_siasun/install/duco_msg/local/lib/python3.10/dist-packages/duco_msg/msg'...\n"}
[5.955053] (duco_msg) StdoutLine: {'line': b"Compiling '/home/user/ws_siasun/install/duco_msg/local/lib/python3.10/dist-packages/duco_msg/msg/__init__.py'...\n"}
[5.955107] (duco_msg) StdoutLine: {'line': b"Compiling '/home/user/ws_siasun/install/duco_msg/local/lib/python3.10/dist-packages/duco_msg/msg/_duco_robot_state.py'...\n"}
[5.955159] (duco_msg) StdoutLine: {'line': b"Compiling '/home/user/ws_siasun/install/duco_msg/local/lib/python3.10/dist-packages/duco_msg/msg/_virtual_servo_point_cloud.py'...\n"}
[5.955211] (duco_msg) StdoutLine: {'line': b"Compiling '/home/user/ws_siasun/install/duco_msg/local/lib/python3.10/dist-packages/duco_msg/msg/_virtual_servo_pose.py'...\n"}
[5.955262] (duco_msg) StdoutLine: {'line': b"Listing '/home/user/ws_siasun/install/duco_msg/local/lib/python3.10/dist-packages/duco_msg/srv'...\n"}
[5.955314] (duco_msg) StdoutLine: {'line': b"Compiling '/home/user/ws_siasun/install/duco_msg/local/lib/python3.10/dist-packages/duco_msg/srv/__init__.py'...\n"}
[5.955366] (duco_msg) StdoutLine: {'line': b"Compiling '/home/user/ws_siasun/install/duco_msg/local/lib/python3.10/dist-packages/duco_msg/srv/_duco_robot_states.py'...\n"}
[5.955418] (duco_msg) StdoutLine: {'line': b"Compiling '/home/user/ws_siasun/install/duco_msg/local/lib/python3.10/dist-packages/duco_msg/srv/_grippers.py'...\n"}
[5.955469] (duco_msg) StdoutLine: {'line': b"Compiling '/home/user/ws_siasun/install/duco_msg/local/lib/python3.10/dist-packages/duco_msg/srv/_pose_estimation.py'...\n"}
[5.955520] (duco_msg) StdoutLine: {'line': b"Compiling '/home/user/ws_siasun/install/duco_msg/local/lib/python3.10/dist-packages/duco_msg/srv/_robot_control.py'...\n"}
[5.955571] (duco_msg) StdoutLine: {'line': b"Compiling '/home/user/ws_siasun/install/duco_msg/local/lib/python3.10/dist-packages/duco_msg/srv/_robot_io_control.py'...\n"}
[5.955632] (duco_msg) StdoutLine: {'line': b"Compiling '/home/user/ws_siasun/install/duco_msg/local/lib/python3.10/dist-packages/duco_msg/srv/_robot_move.py'...\n"}
[5.955685] (duco_msg) StdoutLine: {'line': b"Compiling '/home/user/ws_siasun/install/duco_msg/local/lib/python3.10/dist-packages/duco_msg/srv/_robot_task_state_rquest.py'...\n"}
[5.955736] (duco_msg) StdoutLine: {'line': b"Compiling '/home/user/ws_siasun/install/duco_msg/local/lib/python3.10/dist-packages/duco_msg/srv/_speech.py'...\n"}
[5.957954] (duco_msg) StdoutLine: {'line': b'-- Installing: /home/user/ws_siasun/install/duco_msg/local/lib/python3.10/dist-packages/duco_msg/duco_msg_s__rosidl_typesupport_fastrtps_c.cpython-310-x86_64-linux-gnu.so\n'}
[5.958249] (duco_msg) StdoutLine: {'line': b'-- Set runtime path of "/home/user/ws_siasun/install/duco_msg/local/lib/python3.10/dist-packages/duco_msg/duco_msg_s__rosidl_typesupport_fastrtps_c.cpython-310-x86_64-linux-gnu.so" to ""\n'}
[5.958339] (duco_msg) StdoutLine: {'line': b'-- Installing: /home/user/ws_siasun/install/duco_msg/local/lib/python3.10/dist-packages/duco_msg/duco_msg_s__rosidl_typesupport_introspection_c.cpython-310-x86_64-linux-gnu.so\n'}
[5.958404] (duco_msg) StdoutLine: {'line': b'-- Set runtime path of "/home/user/ws_siasun/install/duco_msg/local/lib/python3.10/dist-packages/duco_msg/duco_msg_s__rosidl_typesupport_introspection_c.cpython-310-x86_64-linux-gnu.so" to ""\n'}
[5.958572] (duco_msg) StdoutLine: {'line': b'-- Installing: /home/user/ws_siasun/install/duco_msg/local/lib/python3.10/dist-packages/duco_msg/duco_msg_s__rosidl_typesupport_c.cpython-310-x86_64-linux-gnu.so\n'}
[5.958705] (duco_msg) StdoutLine: {'line': b'-- Set runtime path of "/home/user/ws_siasun/install/duco_msg/local/lib/python3.10/dist-packages/duco_msg/duco_msg_s__rosidl_typesupport_c.cpython-310-x86_64-linux-gnu.so" to ""\n'}
[5.958770] (duco_msg) StdoutLine: {'line': b'-- Installing: /home/user/ws_siasun/install/duco_msg/lib/libduco_msg__rosidl_generator_py.so\n'}
[5.958919] (duco_msg) StdoutLine: {'line': b'-- Set runtime path of "/home/user/ws_siasun/install/duco_msg/lib/libduco_msg__rosidl_generator_py.so" to ""\n'}
[5.959046] (duco_msg) StdoutLine: {'line': b'-- Installing: /home/user/ws_siasun/install/duco_msg/share/duco_msg/msg/DucoRobotState.idl\n'}
[5.959118] (duco_msg) StdoutLine: {'line': b'-- Installing: /home/user/ws_siasun/install/duco_msg/share/duco_msg/msg/VirtualServoPointCloud.idl\n'}
[5.959182] (duco_msg) StdoutLine: {'line': b'-- Installing: /home/user/ws_siasun/install/duco_msg/share/duco_msg/msg/VirtualServoPose.idl\n'}
[5.959243] (duco_msg) StdoutLine: {'line': b'-- Installing: /home/user/ws_siasun/install/duco_msg/share/duco_msg/srv/DucoRobotStates.idl\n'}
[5.959305] (duco_msg) StdoutLine: {'line': b'-- Installing: /home/user/ws_siasun/install/duco_msg/share/duco_msg/srv/PoseEstimation.idl\n'}
[5.959449] (duco_msg) StdoutLine: {'line': b'-- Installing: /home/user/ws_siasun/install/duco_msg/share/duco_msg/srv/RobotControl.idl\n'}
[5.959544] (duco_msg) StdoutLine: {'line': b'-- Installing: /home/user/ws_siasun/install/duco_msg/share/duco_msg/srv/RobotMove.idl\n'}
[5.959649] (duco_msg) StdoutLine: {'line': b'-- Installing: /home/user/ws_siasun/install/duco_msg/share/duco_msg/srv/RobotIoControl.idl\n'}
[5.959859] (duco_msg) StdoutLine: {'line': b'-- Installing: /home/user/ws_siasun/install/duco_msg/share/duco_msg/srv/RobotTaskStateRquest.idl\n'}
[5.959934] (duco_msg) StdoutLine: {'line': b'-- Installing: /home/user/ws_siasun/install/duco_msg/share/duco_msg/srv/Speech.idl\n'}
[5.959994] (duco_msg) StdoutLine: {'line': b'-- Installing: /home/user/ws_siasun/install/duco_msg/share/duco_msg/srv/Grippers.idl\n'}
[5.960049] (duco_msg) StdoutLine: {'line': b'-- Installing: /home/user/ws_siasun/install/duco_msg/share/duco_msg/msg/DucoRobotState.msg\n'}
[5.960162] (duco_msg) StdoutLine: {'line': b'-- Installing: /home/user/ws_siasun/install/duco_msg/share/duco_msg/msg/VirtualServoPointCloud.msg\n'}
[5.960222] (duco_msg) StdoutLine: {'line': b'-- Installing: /home/user/ws_siasun/install/duco_msg/share/duco_msg/msg/VirtualServoPose.msg\n'}
[5.960279] (duco_msg) StdoutLine: {'line': b'-- Installing: /home/user/ws_siasun/install/duco_msg/share/duco_msg/srv/DucoRobotStates.srv\n'}
[5.960337] (duco_msg) StdoutLine: {'line': b'-- Installing: /home/user/ws_siasun/install/duco_msg/share/duco_msg/srv/DucoRobotStates_Request.msg\n'}
[5.960394] (duco_msg) StdoutLine: {'line': b'-- Installing: /home/user/ws_siasun/install/duco_msg/share/duco_msg/srv/DucoRobotStates_Response.msg\n'}
[5.960451] (duco_msg) StdoutLine: {'line': b'-- Installing: /home/user/ws_siasun/install/duco_msg/share/duco_msg/srv/PoseEstimation.srv\n'}
[5.960533] (duco_msg) StdoutLine: {'line': b'-- Installing: /home/user/ws_siasun/install/duco_msg/share/duco_msg/srv/PoseEstimation_Request.msg\n'}
[5.960598] (duco_msg) StdoutLine: {'line': b'-- Installing: /home/user/ws_siasun/install/duco_msg/share/duco_msg/srv/PoseEstimation_Response.msg\n'}
[5.960683] (duco_msg) StdoutLine: {'line': b'-- Installing: /home/user/ws_siasun/install/duco_msg/share/duco_msg/srv/RobotControl.srv\n'}
[5.960742] (duco_msg) StdoutLine: {'line': b'-- Installing: /home/user/ws_siasun/install/duco_msg/share/duco_msg/srv/RobotControl_Request.msg\n'}
[5.960799] (duco_msg) StdoutLine: {'line': b'-- Installing: /home/user/ws_siasun/install/duco_msg/share/duco_msg/srv/RobotControl_Response.msg\n'}
[5.960854] (duco_msg) StdoutLine: {'line': b'-- Installing: /home/user/ws_siasun/install/duco_msg/share/duco_msg/srv/RobotMove.srv\n'}
[5.960910] (duco_msg) StdoutLine: {'line': b'-- Installing: /home/user/ws_siasun/install/duco_msg/share/duco_msg/srv/RobotMove_Request.msg\n'}
[5.960969] (duco_msg) StdoutLine: {'line': b'-- Installing: /home/user/ws_siasun/install/duco_msg/share/duco_msg/srv/RobotMove_Response.msg\n'}
[5.961024] (duco_msg) StdoutLine: {'line': b'-- Installing: /home/user/ws_siasun/install/duco_msg/share/duco_msg/srv/RobotIoControl.srv\n'}
[5.961082] (duco_msg) StdoutLine: {'line': b'-- Installing: /home/user/ws_siasun/install/duco_msg/share/duco_msg/srv/RobotIoControl_Request.msg\n'}
[5.961137] (duco_msg) StdoutLine: {'line': b'-- Installing: /home/user/ws_siasun/install/duco_msg/share/duco_msg/srv/RobotIoControl_Response.msg\n'}
[5.961192] (duco_msg) StdoutLine: {'line': b'-- Installing: /home/user/ws_siasun/install/duco_msg/share/duco_msg/srv/RobotTaskStateRquest.srv\n'}
[5.961248] (duco_msg) StdoutLine: {'line': b'-- Installing: /home/user/ws_siasun/install/duco_msg/share/duco_msg/srv/RobotTaskStateRquest_Request.msg\n'}
[5.961303] (duco_msg) StdoutLine: {'line': b'-- Installing: /home/user/ws_siasun/install/duco_msg/share/duco_msg/srv/RobotTaskStateRquest_Response.msg\n'}
[5.961358] (duco_msg) StdoutLine: {'line': b'-- Installing: /home/user/ws_siasun/install/duco_msg/share/duco_msg/srv/Speech.srv\n'}
[5.961412] (duco_msg) StdoutLine: {'line': b'-- Installing: /home/user/ws_siasun/install/duco_msg/share/duco_msg/srv/Speech_Request.msg\n'}
[5.961467] (duco_msg) StdoutLine: {'line': b'-- Installing: /home/user/ws_siasun/install/duco_msg/share/duco_msg/srv/Speech_Response.msg\n'}
[5.961521] (duco_msg) StdoutLine: {'line': b'-- Installing: /home/user/ws_siasun/install/duco_msg/share/duco_msg/srv/Grippers.srv\n'}
[5.961576] (duco_msg) StdoutLine: {'line': b'-- Installing: /home/user/ws_siasun/install/duco_msg/share/duco_msg/srv/Grippers_Request.msg\n'}
[5.961677] (duco_msg) StdoutLine: {'line': b'-- Installing: /home/user/ws_siasun/install/duco_msg/share/duco_msg/srv/Grippers_Response.msg\n'}
[5.961735] (duco_msg) StdoutLine: {'line': b'-- Installing: /home/user/ws_siasun/install/duco_msg/share/ament_index/resource_index/package_run_dependencies/duco_msg\n'}
[5.961790] (duco_msg) StdoutLine: {'line': b'-- Installing: /home/user/ws_siasun/install/duco_msg/share/ament_index/resource_index/parent_prefix_path/duco_msg\n'}
[5.961861] (duco_msg) StdoutLine: {'line': b'-- Installing: /home/user/ws_siasun/install/duco_msg/share/duco_msg/environment/ament_prefix_path.sh\n'}
[5.961918] (duco_msg) StdoutLine: {'line': b'-- Installing: /home/user/ws_siasun/install/duco_msg/share/duco_msg/environment/ament_prefix_path.dsv\n'}
[5.961973] (duco_msg) StdoutLine: {'line': b'-- Installing: /home/user/ws_siasun/install/duco_msg/share/duco_msg/environment/path.sh\n'}
[5.962028] (duco_msg) StdoutLine: {'line': b'-- Installing: /home/user/ws_siasun/install/duco_msg/share/duco_msg/environment/path.dsv\n'}
[5.962083] (duco_msg) StdoutLine: {'line': b'-- Installing: /home/user/ws_siasun/install/duco_msg/share/duco_msg/local_setup.bash\n'}
[5.962138] (duco_msg) StdoutLine: {'line': b'-- Installing: /home/user/ws_siasun/install/duco_msg/share/duco_msg/local_setup.sh\n'}
[5.962192] (duco_msg) StdoutLine: {'line': b'-- Installing: /home/user/ws_siasun/install/duco_msg/share/duco_msg/local_setup.zsh\n'}
[5.962272] (duco_msg) StdoutLine: {'line': b'-- Installing: /home/user/ws_siasun/install/duco_msg/share/duco_msg/local_setup.dsv\n'}
[5.962328] (duco_msg) StdoutLine: {'line': b'-- Installing: /home/user/ws_siasun/install/duco_msg/share/duco_msg/package.dsv\n'}
[5.962382] (duco_msg) StdoutLine: {'line': b'-- Installing: /home/user/ws_siasun/install/duco_msg/share/ament_index/resource_index/packages/duco_msg\n'}
[5.962438] (duco_msg) StdoutLine: {'line': b'-- Installing: /home/user/ws_siasun/install/duco_msg/share/duco_msg/cmake/export_duco_msg__rosidl_generator_cExport.cmake\n'}
[5.962493] (duco_msg) StdoutLine: {'line': b'-- Installing: /home/user/ws_siasun/install/duco_msg/share/duco_msg/cmake/export_duco_msg__rosidl_generator_cExport-noconfig.cmake\n'}
[5.962549] (duco_msg) StdoutLine: {'line': b'-- Installing: /home/user/ws_siasun/install/duco_msg/share/duco_msg/cmake/export_duco_msg__rosidl_typesupport_fastrtps_cExport.cmake\n'}
[5.962633] (duco_msg) StdoutLine: {'line': b'-- Installing: /home/user/ws_siasun/install/duco_msg/share/duco_msg/cmake/export_duco_msg__rosidl_typesupport_fastrtps_cExport-noconfig.cmake\n'}
[5.962695] (duco_msg) StdoutLine: {'line': b'-- Installing: /home/user/ws_siasun/install/duco_msg/share/duco_msg/cmake/export_duco_msg__rosidl_generator_cppExport.cmake\n'}
[5.962746] (duco_msg) StdoutLine: {'line': b'-- Installing: /home/user/ws_siasun/install/duco_msg/share/duco_msg/cmake/export_duco_msg__rosidl_typesupport_fastrtps_cppExport.cmake\n'}
[5.962798] (duco_msg) StdoutLine: {'line': b'-- Installing: /home/user/ws_siasun/install/duco_msg/share/duco_msg/cmake/export_duco_msg__rosidl_typesupport_fastrtps_cppExport-noconfig.cmake\n'}
[5.962849] (duco_msg) StdoutLine: {'line': b'-- Installing: /home/user/ws_siasun/install/duco_msg/share/duco_msg/cmake/duco_msg__rosidl_typesupport_introspection_cExport.cmake\n'}
[5.962900] (duco_msg) StdoutLine: {'line': b'-- Installing: /home/user/ws_siasun/install/duco_msg/share/duco_msg/cmake/duco_msg__rosidl_typesupport_introspection_cExport-noconfig.cmake\n'}
[5.962954] (duco_msg) StdoutLine: {'line': b'-- Installing: /home/user/ws_siasun/install/duco_msg/share/duco_msg/cmake/duco_msg__rosidl_typesupport_cExport.cmake\n'}
[5.963007] (duco_msg) StdoutLine: {'line': b'-- Installing: /home/user/ws_siasun/install/duco_msg/share/duco_msg/cmake/duco_msg__rosidl_typesupport_cExport-noconfig.cmake\n'}
[5.963059] (duco_msg) StdoutLine: {'line': b'-- Installing: /home/user/ws_siasun/install/duco_msg/share/duco_msg/cmake/duco_msg__rosidl_typesupport_introspection_cppExport.cmake\n'}
[5.963112] (duco_msg) StdoutLine: {'line': b'-- Installing: /home/user/ws_siasun/install/duco_msg/share/duco_msg/cmake/duco_msg__rosidl_typesupport_introspection_cppExport-noconfig.cmake\n'}
[5.963164] (duco_msg) StdoutLine: {'line': b'-- Installing: /home/user/ws_siasun/install/duco_msg/share/duco_msg/cmake/duco_msg__rosidl_typesupport_cppExport.cmake\n'}
[5.963216] (duco_msg) StdoutLine: {'line': b'-- Installing: /home/user/ws_siasun/install/duco_msg/share/duco_msg/cmake/duco_msg__rosidl_typesupport_cppExport-noconfig.cmake\n'}
[5.963267] (duco_msg) StdoutLine: {'line': b'-- Installing: /home/user/ws_siasun/install/duco_msg/share/duco_msg/cmake/export_duco_msg__rosidl_generator_pyExport.cmake\n'}
[5.963319] (duco_msg) StdoutLine: {'line': b'-- Installing: /home/user/ws_siasun/install/duco_msg/share/duco_msg/cmake/export_duco_msg__rosidl_generator_pyExport-noconfig.cmake\n'}
[5.963371] (duco_msg) StdoutLine: {'line': b'-- Installing: /home/user/ws_siasun/install/duco_msg/share/duco_msg/cmake/rosidl_cmake-extras.cmake\n'}
[5.963422] (duco_msg) StdoutLine: {'line': b'-- Installing: /home/user/ws_siasun/install/duco_msg/share/duco_msg/cmake/ament_cmake_export_dependencies-extras.cmake\n'}
[5.963473] (duco_msg) StdoutLine: {'line': b'-- Installing: /home/user/ws_siasun/install/duco_msg/share/duco_msg/cmake/ament_cmake_export_include_directories-extras.cmake\n'}
[5.963524] (duco_msg) StdoutLine: {'line': b'-- Installing: /home/user/ws_siasun/install/duco_msg/share/duco_msg/cmake/ament_cmake_export_libraries-extras.cmake\n'}
[5.963579] (duco_msg) StdoutLine: {'line': b'-- Installing: /home/user/ws_siasun/install/duco_msg/share/duco_msg/cmake/ament_cmake_export_targets-extras.cmake\n'}
[5.963647] (duco_msg) StdoutLine: {'line': b'-- Installing: /home/user/ws_siasun/install/duco_msg/share/duco_msg/cmake/rosidl_cmake_export_typesupport_targets-extras.cmake\n'}
[5.963731] (duco_msg) StdoutLine: {'line': b'-- Installing: /home/user/ws_siasun/install/duco_msg/share/duco_msg/cmake/rosidl_cmake_export_typesupport_libraries-extras.cmake\n'}
[5.963831] (duco_msg) StdoutLine: {'line': b'-- Installing: /home/user/ws_siasun/install/duco_msg/share/duco_msg/cmake/duco_msgConfig.cmake\n'}
[5.963892] (duco_msg) StdoutLine: {'line': b'-- Installing: /home/user/ws_siasun/install/duco_msg/share/duco_msg/cmake/duco_msgConfig-version.cmake\n'}
[5.963952] (duco_msg) StdoutLine: {'line': b'-- Installing: /home/user/ws_siasun/install/duco_msg/share/duco_msg/package.xml\n'}
[5.964505] (duco_msg) CommandEnded: {'returncode': 0}
[5.972733] (duco_msg) JobEnded: {'identifier': 'duco_msg', 'rc': 0}
[5.973295] (duco_ros_driver) JobStarted: {'identifier': 'duco_ros_driver'}
[5.974887] (robot_control) JobStarted: {'identifier': 'robot_control'}
[5.978401] (duco_ros_driver) JobProgress: {'identifier': 'duco_ros_driver', 'progress': 'cmake'}
[5.978859] (duco_ros_driver) Command: {'cmd': ['/usr/bin/cmake', '/home/user/ws_siasun/src/duco_ros_driver', '-DCMAKE_INSTALL_PREFIX=/home/user/ws_siasun/install/duco_ros_driver'], 'cwd': '/home/user/ws_siasun/build/duco_ros_driver', 'env': OrderedDict([('PYTHON_BASIC_REPL', '1'), ('LESSOPEN', '| /usr/bin/lesspipe %s'), ('no_proxy', 'localhost,127.0.0.0/8,::1'), ('LANGUAGE', 'zh_CN:zh'), ('USER', 'user'), ('XDG_SESSION_TYPE', 'wayland'), ('SHLVL', '2'), ('LD_LIBRARY_PATH', '/home/user/ws_siasun/install/duco_msg/lib:/opt/ros/humble/opt/rviz_ogre_vendor/lib:/opt/ros/humble/lib/x86_64-linux-gnu:/opt/ros/humble/lib'), ('HOME', '/home/user'), ('CHROME_DESKTOP', 'code.desktop'), ('TERM_PROGRAM_VERSION', '1.98.2'), ('DESKTOP_SESSION', 'ubuntu'), ('NO_PROXY', 'localhost,127.0.0.0/8,::1'), ('ROS_PYTHON_VERSION', '3'), ('GNOME_SHELL_SESSION_MODE', 'ubuntu'), ('GTK_MODULES', 'gail:atk-bridge'), ('DBUS_STARTER_BUS_TYPE', 'session'), ('SYSTEMD_EXEC_PID', '1152'), ('DBUS_SESSION_BUS_ADDRESS', 'unix:path=/run/user/1000/bus,guid=29aa453e04d6fd81a7f888c968edb0a6'), ('COLORTERM', 'truecolor'), ('IM_CONFIG_PHASE', '1'), ('WAYLAND_DISPLAY', 'wayland-0'), ('ROS_DISTRO', 'humble'), ('LOGNAME', 'user'), ('http_proxy', 'http://127.0.0.1:7890/'), ('_', '/usr/bin/colcon'), ('ROS_VERSION', '2'), ('XDG_SESSION_CLASS', 'user'), ('USERNAME', 'user'), ('TERM', 'xterm-256color'), ('GNOME_DESKTOP_SESSION_ID', 'this-is-deprecated'), ('ROS_LOCALHOST_ONLY', '0'), ('PATH', '/opt/ros/humble/bin:/usr/local/sbin:/usr/local/bin:/usr/sbin:/usr/bin:/sbin:/bin:/usr/games:/usr/local/games:/snap/bin:/snap/bin'), ('SESSION_MANAGER', 'local/user-Default-string:@/tmp/.ICE-unix/1152,unix/user-Default-string:/tmp/.ICE-unix/1152'), ('XDG_MENU_PREFIX', 'gnome-'), ('GNOME_TERMINAL_SCREEN', '/org/gnome/Terminal/screen/605294d2_5418_4e5f_b2e7_5a2a21147e6f'), ('GNOME_SETUP_DISPLAY', ':1'), ('XDG_RUNTIME_DIR', '/run/user/1000'), ('GDK_BACKEND', 'x11'), ('DISPLAY', ':0'), ('LANG', 'zh_CN.UTF-8'), ('XDG_CURRENT_DESKTOP', 'Unity'), ('PYTHONSTARTUP', '/home/user/.config/Code/User/workspaceStorage/0e147a0a2fd8792e328fcddb38a40cd9/ms-python.python/pythonrc.py'), ('XMODIFIERS', '@im=ibus'), ('XDG_SESSION_DESKTOP', 'ubuntu'), ('XAUTHORITY', '/run/user/1000/.mutter-Xwaylandauth.ATR2D3'), ('LS_COLORS', 'rs=0:di=01;34:ln=01;36:mh=00:pi=40;33:so=01;35:do=01;35:bd=40;33;01:cd=40;33;01:or=40;31;01:mi=00:su=37;41:sg=30;43:ca=30;41:tw=30;42:ow=34;42:st=37;44:ex=01;32:*.tar=01;31:*.tgz=01;31:*.arc=01;31:*.arj=01;31:*.taz=01;31:*.lha=01;31:*.lz4=01;31:*.lzh=01;31:*.lzma=01;31:*.tlz=01;31:*.txz=01;31:*.tzo=01;31:*.t7z=01;31:*.zip=01;31:*.z=01;31:*.dz=01;31:*.gz=01;31:*.lrz=01;31:*.lz=01;31:*.lzo=01;31:*.xz=01;31:*.zst=01;31:*.tzst=01;31:*.bz2=01;31:*.bz=01;31:*.tbz=01;31:*.tbz2=01;31:*.tz=01;31:*.deb=01;31:*.rpm=01;31:*.jar=01;31:*.war=01;31:*.ear=01;31:*.sar=01;31:*.rar=01;31:*.alz=01;31:*.ace=01;31:*.zoo=01;31:*.cpio=01;31:*.7z=01;31:*.rz=01;31:*.cab=01;31:*.wim=01;31:*.swm=01;31:*.dwm=01;31:*.esd=01;31:*.jpg=01;35:*.jpeg=01;35:*.mjpg=01;35:*.mjpeg=01;35:*.gif=01;35:*.bmp=01;35:*.pbm=01;35:*.pgm=01;35:*.ppm=01;35:*.tga=01;35:*.xbm=01;35:*.xpm=01;35:*.tif=01;35:*.tiff=01;35:*.png=01;35:*.svg=01;35:*.svgz=01;35:*.mng=01;35:*.pcx=01;35:*.mov=01;35:*.mpg=01;35:*.mpeg=01;35:*.m2v=01;35:*.mkv=01;35:*.webm=01;35:*.webp=01;35:*.ogm=01;35:*.mp4=01;35:*.m4v=01;35:*.mp4v=01;35:*.vob=01;35:*.qt=01;35:*.nuv=01;35:*.wmv=01;35:*.asf=01;35:*.rm=01;35:*.rmvb=01;35:*.flc=01;35:*.avi=01;35:*.fli=01;35:*.flv=01;35:*.gl=01;35:*.dl=01;35:*.xcf=01;35:*.xwd=01;35:*.yuv=01;35:*.cgm=01;35:*.emf=01;35:*.ogv=01;35:*.ogx=01;35:*.aac=00;36:*.au=00;36:*.flac=00;36:*.m4a=00;36:*.mid=00;36:*.midi=00;36:*.mka=00;36:*.mp3=00;36:*.mpc=00;36:*.ogg=00;36:*.ra=00;36:*.wav=00;36:*.oga=00;36:*.opus=00;36:*.spx=00;36:*.xspf=00;36:'), ('GNOME_TERMINAL_SERVICE', ':1.131'), ('TERM_PROGRAM', 'vscode'), ('SSH_AGENT_LAUNCHER', 'gnome-keyring'), ('SSH_AUTH_SOCK', '/run/user/1000/keyring/ssh'), ('AMENT_PREFIX_PATH', '/home/user/ws_siasun/install/duco_arms:/home/user/ws_siasun/install/duco_support:/home/user/ws_siasun/install/duco_msg:/opt/ros/humble'), ('ORIGINAL_XDG_CURRENT_DESKTOP', 'ubuntu:GNOME'), ('SHELL', '/bin/bash'), ('QT_ACCESSIBILITY', '1'), ('GDMSESSION', 'ubuntu'), ('LESSCLOSE', '/usr/bin/lesspipe %s %s'), ('QT_IM_MODULE', 'ibus'), ('PWD', '/home/user/ws_siasun/build/duco_ros_driver'), ('XDG_CONFIG_DIRS', '/etc/xdg/xdg-ubuntu:/etc/xdg'), ('DBUS_STARTER_ADDRESS', 'unix:path=/run/user/1000/bus,guid=29aa453e04d6fd81a7f888c968edb0a6'), ('XDG_DATA_DIRS', '/usr/share/ubuntu:/usr/local/share/:/usr/share/:/var/lib/snapd/desktop'), ('PYTHONPATH', '/home/user/ws_siasun/install/duco_msg/local/lib/python3.10/dist-packages:/opt/ros/humble/lib/python3.10/site-packages:/opt/ros/humble/local/lib/python3.10/dist-packages'), ('HTTP_PROXY', 'http://127.0.0.1:7890/'), ('COLCON', '1'), ('VTE_VERSION', '6800'), ('CMAKE_PREFIX_PATH', '/home/user/ws_siasun/install/duco_arms:/home/user/ws_siasun/install/duco_support:/home/user/ws_siasun/install/duco_msg:/opt/ros/humble')]), 'shell': False}
[5.980975] (robot_control) JobProgress: {'identifier': 'robot_control', 'progress': 'cmake'}
[5.981239] (robot_control) Command: {'cmd': ['/usr/bin/cmake', '/home/user/ws_siasun/src/robot_control', '-DCMAKE_INSTALL_PREFIX=/home/user/ws_siasun/install/robot_control'], 'cwd': '/home/user/ws_siasun/build/robot_control', 'env': OrderedDict([('PYTHON_BASIC_REPL', '1'), ('LESSOPEN', '| /usr/bin/lesspipe %s'), ('no_proxy', 'localhost,127.0.0.0/8,::1'), ('LANGUAGE', 'zh_CN:zh'), ('USER', 'user'), ('XDG_SESSION_TYPE', 'wayland'), ('SHLVL', '2'), ('LD_LIBRARY_PATH', '/home/user/ws_siasun/install/duco_msg/lib:/opt/ros/humble/opt/rviz_ogre_vendor/lib:/opt/ros/humble/lib/x86_64-linux-gnu:/opt/ros/humble/lib'), ('HOME', '/home/user'), ('CHROME_DESKTOP', 'code.desktop'), ('TERM_PROGRAM_VERSION', '1.98.2'), ('DESKTOP_SESSION', 'ubuntu'), ('NO_PROXY', 'localhost,127.0.0.0/8,::1'), ('ROS_PYTHON_VERSION', '3'), ('GNOME_SHELL_SESSION_MODE', 'ubuntu'), ('GTK_MODULES', 'gail:atk-bridge'), ('DBUS_STARTER_BUS_TYPE', 'session'), ('SYSTEMD_EXEC_PID', '1152'), ('DBUS_SESSION_BUS_ADDRESS', 'unix:path=/run/user/1000/bus,guid=29aa453e04d6fd81a7f888c968edb0a6'), ('COLORTERM', 'truecolor'), ('IM_CONFIG_PHASE', '1'), ('WAYLAND_DISPLAY', 'wayland-0'), ('ROS_DISTRO', 'humble'), ('LOGNAME', 'user'), ('http_proxy', 'http://127.0.0.1:7890/'), ('_', '/usr/bin/colcon'), ('ROS_VERSION', '2'), ('XDG_SESSION_CLASS', 'user'), ('USERNAME', 'user'), ('TERM', 'xterm-256color'), ('GNOME_DESKTOP_SESSION_ID', 'this-is-deprecated'), ('ROS_LOCALHOST_ONLY', '0'), ('PATH', '/opt/ros/humble/bin:/usr/local/sbin:/usr/local/bin:/usr/sbin:/usr/bin:/sbin:/bin:/usr/games:/usr/local/games:/snap/bin:/snap/bin'), ('SESSION_MANAGER', 'local/user-Default-string:@/tmp/.ICE-unix/1152,unix/user-Default-string:/tmp/.ICE-unix/1152'), ('XDG_MENU_PREFIX', 'gnome-'), ('GNOME_TERMINAL_SCREEN', '/org/gnome/Terminal/screen/605294d2_5418_4e5f_b2e7_5a2a21147e6f'), ('GNOME_SETUP_DISPLAY', ':1'), ('XDG_RUNTIME_DIR', '/run/user/1000'), ('GDK_BACKEND', 'x11'), ('DISPLAY', ':0'), ('LANG', 'zh_CN.UTF-8'), ('XDG_CURRENT_DESKTOP', 'Unity'), ('PYTHONSTARTUP', '/home/user/.config/Code/User/workspaceStorage/0e147a0a2fd8792e328fcddb38a40cd9/ms-python.python/pythonrc.py'), ('XMODIFIERS', '@im=ibus'), ('XDG_SESSION_DESKTOP', 'ubuntu'), ('XAUTHORITY', '/run/user/1000/.mutter-Xwaylandauth.ATR2D3'), ('LS_COLORS', 'rs=0:di=01;34:ln=01;36:mh=00:pi=40;33:so=01;35:do=01;35:bd=40;33;01:cd=40;33;01:or=40;31;01:mi=00:su=37;41:sg=30;43:ca=30;41:tw=30;42:ow=34;42:st=37;44:ex=01;32:*.tar=01;31:*.tgz=01;31:*.arc=01;31:*.arj=01;31:*.taz=01;31:*.lha=01;31:*.lz4=01;31:*.lzh=01;31:*.lzma=01;31:*.tlz=01;31:*.txz=01;31:*.tzo=01;31:*.t7z=01;31:*.zip=01;31:*.z=01;31:*.dz=01;31:*.gz=01;31:*.lrz=01;31:*.lz=01;31:*.lzo=01;31:*.xz=01;31:*.zst=01;31:*.tzst=01;31:*.bz2=01;31:*.bz=01;31:*.tbz=01;31:*.tbz2=01;31:*.tz=01;31:*.deb=01;31:*.rpm=01;31:*.jar=01;31:*.war=01;31:*.ear=01;31:*.sar=01;31:*.rar=01;31:*.alz=01;31:*.ace=01;31:*.zoo=01;31:*.cpio=01;31:*.7z=01;31:*.rz=01;31:*.cab=01;31:*.wim=01;31:*.swm=01;31:*.dwm=01;31:*.esd=01;31:*.jpg=01;35:*.jpeg=01;35:*.mjpg=01;35:*.mjpeg=01;35:*.gif=01;35:*.bmp=01;35:*.pbm=01;35:*.pgm=01;35:*.ppm=01;35:*.tga=01;35:*.xbm=01;35:*.xpm=01;35:*.tif=01;35:*.tiff=01;35:*.png=01;35:*.svg=01;35:*.svgz=01;35:*.mng=01;35:*.pcx=01;35:*.mov=01;35:*.mpg=01;35:*.mpeg=01;35:*.m2v=01;35:*.mkv=01;35:*.webm=01;35:*.webp=01;35:*.ogm=01;35:*.mp4=01;35:*.m4v=01;35:*.mp4v=01;35:*.vob=01;35:*.qt=01;35:*.nuv=01;35:*.wmv=01;35:*.asf=01;35:*.rm=01;35:*.rmvb=01;35:*.flc=01;35:*.avi=01;35:*.fli=01;35:*.flv=01;35:*.gl=01;35:*.dl=01;35:*.xcf=01;35:*.xwd=01;35:*.yuv=01;35:*.cgm=01;35:*.emf=01;35:*.ogv=01;35:*.ogx=01;35:*.aac=00;36:*.au=00;36:*.flac=00;36:*.m4a=00;36:*.mid=00;36:*.midi=00;36:*.mka=00;36:*.mp3=00;36:*.mpc=00;36:*.ogg=00;36:*.ra=00;36:*.wav=00;36:*.oga=00;36:*.opus=00;36:*.spx=00;36:*.xspf=00;36:'), ('GNOME_TERMINAL_SERVICE', ':1.131'), ('TERM_PROGRAM', 'vscode'), ('SSH_AGENT_LAUNCHER', 'gnome-keyring'), ('SSH_AUTH_SOCK', '/run/user/1000/keyring/ssh'), ('AMENT_PREFIX_PATH', '/home/user/ws_siasun/install/duco_msg:/opt/ros/humble'), ('ORIGINAL_XDG_CURRENT_DESKTOP', 'ubuntu:GNOME'), ('SHELL', '/bin/bash'), ('QT_ACCESSIBILITY', '1'), ('GDMSESSION', 'ubuntu'), ('LESSCLOSE', '/usr/bin/lesspipe %s %s'), ('QT_IM_MODULE', 'ibus'), ('PWD', '/home/user/ws_siasun/build/robot_control'), ('XDG_CONFIG_DIRS', '/etc/xdg/xdg-ubuntu:/etc/xdg'), ('DBUS_STARTER_ADDRESS', 'unix:path=/run/user/1000/bus,guid=29aa453e04d6fd81a7f888c968edb0a6'), ('XDG_DATA_DIRS', '/usr/share/ubuntu:/usr/local/share/:/usr/share/:/var/lib/snapd/desktop'), ('PYTHONPATH', '/home/user/ws_siasun/install/duco_msg/local/lib/python3.10/dist-packages:/opt/ros/humble/lib/python3.10/site-packages:/opt/ros/humble/local/lib/python3.10/dist-packages'), ('HTTP_PROXY', 'http://127.0.0.1:7890/'), ('COLCON', '1'), ('VTE_VERSION', '6800'), ('CMAKE_PREFIX_PATH', '/home/user/ws_siasun/install/duco_msg:/opt/ros/humble')]), 'shell': False}
[6.016932] (-) TimerEvent: {}
[6.020725] (robot_control) StdoutLine: {'line': b'-- The C compiler identification is GNU 11.4.0\n'}
[6.023601] (duco_ros_driver) StdoutLine: {'line': b'-- The C compiler identification is GNU 11.4.0\n'}
[6.063663] (robot_control) StdoutLine: {'line': b'-- The CXX compiler identification is GNU 11.4.0\n'}
[6.066645] (duco_ros_driver) StdoutLine: {'line': b'-- The CXX compiler identification is GNU 11.4.0\n'}
[6.068527] (robot_control) StdoutLine: {'line': b'-- Detecting C compiler ABI info\n'}
[6.071927] (duco_ros_driver) StdoutLine: {'line': b'-- Detecting C compiler ABI info\n'}
[6.117035] (-) TimerEvent: {}
[6.121108] (robot_control) StdoutLine: {'line': b'-- Detecting C compiler ABI info - done\n'}
[6.123045] (duco_ros_driver) StdoutLine: {'line': b'-- Detecting C compiler ABI info - done\n'}
[6.128432] (robot_control) StdoutLine: {'line': b'-- Check for working C compiler: /usr/bin/cc - skipped\n'}
[6.128641] (duco_ros_driver) StdoutLine: {'line': b'-- Check for working C compiler: /usr/bin/cc - skipped\n'}
[6.128774] (robot_control) StdoutLine: {'line': b'-- Detecting C compile features\n'}
[6.128877] (duco_ros_driver) StdoutLine: {'line': b'-- Detecting C compile features\n'}
[6.129065] (robot_control) StdoutLine: {'line': b'-- Detecting C compile features - done\n'}
[6.129176] (duco_ros_driver) StdoutLine: {'line': b'-- Detecting C compile features - done\n'}
[6.131027] (duco_ros_driver) StdoutLine: {'line': b'-- Detecting CXX compiler ABI info\n'}
[6.131770] (robot_control) StdoutLine: {'line': b'-- Detecting CXX compiler ABI info\n'}
[6.189216] (duco_ros_driver) StdoutLine: {'line': b'-- Detecting CXX compiler ABI info - done\n'}
[6.194329] (duco_ros_driver) StdoutLine: {'line': b'-- Check for working CXX compiler: /usr/bin/c++ - skipped\n'}
[6.194571] (duco_ros_driver) StdoutLine: {'line': b'-- Detecting CXX compile features\n'}
[6.194636] (robot_control) StdoutLine: {'line': b'-- Detecting CXX compiler ABI info - done\n'}
[6.194673] (duco_ros_driver) StdoutLine: {'line': b'-- Detecting CXX compile features - done\n'}
[6.196072] (duco_ros_driver) StdoutLine: {'line': b'-- Found ament_cmake: 1.3.11 (/opt/ros/humble/share/ament_cmake/cmake)\n'}
[6.199697] (robot_control) StdoutLine: {'line': b'-- Check for working CXX compiler: /usr/bin/c++ - skipped\n'}
[6.199819] (robot_control) StdoutLine: {'line': b'-- Detecting CXX compile features\n'}
[6.200057] (robot_control) StdoutLine: {'line': b'-- Detecting CXX compile features - done\n'}
[6.201385] (robot_control) StdoutLine: {'line': b'-- Found ament_cmake: 1.3.11 (/opt/ros/humble/share/ament_cmake/cmake)\n'}
[6.217161] (-) TimerEvent: {}
[6.297860] (duco_ros_driver) StdoutLine: {'line': b'-- Found Python3: /usr/bin/python3 (found version "3.10.12") found components: Interpreter \n'}
[6.309665] (robot_control) StdoutLine: {'line': b'-- Found Python3: /usr/bin/python3 (found version "3.10.12") found components: Interpreter \n'}
[6.317264] (-) TimerEvent: {}
[6.367274] (robot_control) StdoutLine: {'line': b'-- Found rclcpp: 16.0.11 (/opt/ros/humble/share/rclcpp/cmake)\n'}
[6.369429] (duco_ros_driver) StdoutLine: {'line': b'-- Found rclcpp: 16.0.11 (/opt/ros/humble/share/rclcpp/cmake)\n'}
[6.392654] (robot_control) StdoutLine: {'line': b'-- Found rosidl_generator_c: 3.1.6 (/opt/ros/humble/share/rosidl_generator_c/cmake)\n'}
[6.393313] (duco_ros_driver) StdoutLine: {'line': b'-- Found rosidl_generator_c: 3.1.6 (/opt/ros/humble/share/rosidl_generator_c/cmake)\n'}
[6.395178] (robot_control) StdoutLine: {'line': b'-- Found rosidl_adapter: 3.1.6 (/opt/ros/humble/share/rosidl_adapter/cmake)\n'}
[6.396006] (duco_ros_driver) StdoutLine: {'line': b'-- Found rosidl_adapter: 3.1.6 (/opt/ros/humble/share/rosidl_adapter/cmake)\n'}
[6.399549] (robot_control) StdoutLine: {'line': b'-- Found rosidl_generator_cpp: 3.1.6 (/opt/ros/humble/share/rosidl_generator_cpp/cmake)\n'}
[6.400446] (duco_ros_driver) StdoutLine: {'line': b'-- Found rosidl_generator_cpp: 3.1.6 (/opt/ros/humble/share/rosidl_generator_cpp/cmake)\n'}
[6.405662] (robot_control) StdoutLine: {'line': b'-- Using all available rosidl_typesupport_c: rosidl_typesupport_fastrtps_c;rosidl_typesupport_introspection_c\n'}
[6.406860] (duco_ros_driver) StdoutLine: {'line': b'-- Using all available rosidl_typesupport_c: rosidl_typesupport_fastrtps_c;rosidl_typesupport_introspection_c\n'}
[6.414016] (robot_control) StdoutLine: {'line': b'-- Using all available rosidl_typesupport_cpp: rosidl_typesupport_fastrtps_cpp;rosidl_typesupport_introspection_cpp\n'}
[6.415869] (duco_ros_driver) StdoutLine: {'line': b'-- Using all available rosidl_typesupport_cpp: rosidl_typesupport_fastrtps_cpp;rosidl_typesupport_introspection_cpp\n'}
[6.417332] (-) TimerEvent: {}
[6.444174] (robot_control) StdoutLine: {'line': b'-- Found rmw_implementation_cmake: 6.1.2 (/opt/ros/humble/share/rmw_implementation_cmake/cmake)\n'}
[6.445995] (duco_ros_driver) StdoutLine: {'line': b'-- Found rmw_implementation_cmake: 6.1.2 (/opt/ros/humble/share/rmw_implementation_cmake/cmake)\n'}
[6.446302] (robot_control) StdoutLine: {'line': b'-- Found rmw_fastrtps_cpp: 6.2.7 (/opt/ros/humble/share/rmw_fastrtps_cpp/cmake)\n'}
[6.447957] (duco_ros_driver) StdoutLine: {'line': b'-- Found rmw_fastrtps_cpp: 6.2.7 (/opt/ros/humble/share/rmw_fastrtps_cpp/cmake)\n'}
[6.515436] (robot_control) StdoutLine: {'line': b'-- Found OpenSSL: /usr/lib/x86_64-linux-gnu/libcrypto.so (found version "3.0.2")  \n'}
[6.516681] (duco_ros_driver) StdoutLine: {'line': b'-- Found OpenSSL: /usr/lib/x86_64-linux-gnu/libcrypto.so (found version "3.0.2")  \n'}
[6.517407] (-) TimerEvent: {}
[6.533602] (robot_control) StdoutLine: {'line': b'-- Found FastRTPS: /opt/ros/humble/include  \n'}
[6.535647] (duco_ros_driver) StdoutLine: {'line': b'-- Found FastRTPS: /opt/ros/humble/include  \n'}
[6.560107] (robot_control) StdoutLine: {'line': b"-- Using RMW implementation 'rmw_fastrtps_cpp' as default\n"}
[6.563027] (duco_ros_driver) StdoutLine: {'line': b"-- Using RMW implementation 'rmw_fastrtps_cpp' as default\n"}
[6.567844] (robot_control) StdoutLine: {'line': b'-- Looking for pthread.h\n'}
[6.568952] (duco_ros_driver) StdoutLine: {'line': b'-- Looking for pthread.h\n'}
[6.614150] (duco_ros_driver) StdoutLine: {'line': b'-- Looking for pthread.h - found\n'}
[6.614435] (duco_ros_driver) StdoutLine: {'line': b'-- Performing Test CMAKE_HAVE_LIBC_PTHREAD\n'}
[6.617501] (-) TimerEvent: {}
[6.622493] (robot_control) StdoutLine: {'line': b'-- Looking for pthread.h - found\n'}
[6.622876] (robot_control) StdoutLine: {'line': b'-- Performing Test CMAKE_HAVE_LIBC_PTHREAD\n'}
[6.667481] (duco_ros_driver) StdoutLine: {'line': b'-- Performing Test CMAKE_HAVE_LIBC_PTHREAD - Success\n'}
[6.668252] (duco_ros_driver) StdoutLine: {'line': b'-- Found Threads: TRUE  \n'}
[6.675492] (robot_control) StdoutLine: {'line': b'-- Performing Test CMAKE_HAVE_LIBC_PTHREAD - Success\n'}
[6.676624] (robot_control) StdoutLine: {'line': b'-- Found Threads: TRUE  \n'}
[6.708236] (duco_ros_driver) StdoutLine: {'line': b'-- Found rclcpp_action: 16.0.11 (/opt/ros/humble/share/rclcpp_action/cmake)\n'}
[6.708886] (robot_control) StdoutLine: {'line': b'-- Found rclcpp_action: 16.0.11 (/opt/ros/humble/share/rclcpp_action/cmake)\n'}
[6.717722] (-) TimerEvent: {}
[6.737092] (duco_ros_driver) StdoutLine: {'line': b'-- Found control_msgs: 4.7.0 (/opt/ros/humble/share/control_msgs/cmake)\n'}
[6.737351] (robot_control) StdoutLine: {'line': b'-- Found control_msgs: 4.7.0 (/opt/ros/humble/share/control_msgs/cmake)\n'}
[6.790604] (robot_control) StdoutLine: {'line': b'-- Found duco_msg: 0.0.0 (/home/user/ws_siasun/install/duco_msg/share/duco_msg/cmake)\n'}
[6.790808] (duco_ros_driver) StdoutLine: {'line': b'-- Found duco_msg: 0.0.0 (/home/user/ws_siasun/install/duco_msg/share/duco_msg/cmake)\n'}
[6.801255] (duco_ros_driver) StdoutLine: {'line': b'-- Found ament_lint_auto: 0.12.11 (/opt/ros/humble/share/ament_lint_auto/cmake)\n'}
[6.801499] (robot_control) StdoutLine: {'line': b'-- Found moveit_ros_planning_interface: 2.5.8 (/opt/ros/humble/share/moveit_ros_planning_interface/cmake)\n'}
[6.817819] (-) TimerEvent: {}
[6.821062] (robot_control) StdoutLine: {'line': b'-- Found Boost: /usr/lib/x86_64-linux-gnu/cmake/Boost-1.74.0/BoostConfig.cmake (found version "1.74.0") found components: date_time filesystem program_options system thread \n'}
[6.855739] (duco_ros_driver) StdoutLine: {'line': b"-- Added test 'cppcheck' to perform static code analysis on C / C++ code\n"}
[6.856009] (duco_ros_driver) StdoutLine: {'line': b'-- Configured cppcheck include dirs: /home/user/ws_siasun/src/duco_ros_driver/include\n'}
[6.856099] (duco_ros_driver) StdoutLine: {'line': b'-- Configured cppcheck exclude dirs and/or files: \n'}
[6.856456] (duco_ros_driver) StdoutLine: {'line': b"-- Added test 'lint_cmake' to check CMake code style\n"}
[6.857312] (duco_ros_driver) StdoutLine: {'line': b"-- Added test 'uncrustify' to check C / C++ code style\n"}
[6.857461] (duco_ros_driver) StdoutLine: {'line': b'-- Configured uncrustify additional arguments: \n'}
[6.857640] (duco_ros_driver) StdoutLine: {'line': b"-- Added test 'xmllint' to check XML markup files\n"}
[6.858704] (duco_ros_driver) StdoutLine: {'line': b'-- Configuring done\n'}
[6.873544] (duco_ros_driver) StdoutLine: {'line': b'-- Generating done\n'}
[6.880072] (duco_ros_driver) StdoutLine: {'line': b'-- Build files have been written to: /home/user/ws_siasun/build/duco_ros_driver\n'}
[6.886703] (duco_ros_driver) CommandEnded: {'returncode': 0}
[6.887185] (duco_ros_driver) JobProgress: {'identifier': 'duco_ros_driver', 'progress': 'build'}
[6.887531] (duco_ros_driver) Command: {'cmd': ['/usr/bin/cmake', '--build', '/home/user/ws_siasun/build/duco_ros_driver', '--', '-j16', '-l16'], 'cwd': '/home/user/ws_siasun/build/duco_ros_driver', 'env': OrderedDict([('PYTHON_BASIC_REPL', '1'), ('LESSOPEN', '| /usr/bin/lesspipe %s'), ('no_proxy', 'localhost,127.0.0.0/8,::1'), ('LANGUAGE', 'zh_CN:zh'), ('USER', 'user'), ('XDG_SESSION_TYPE', 'wayland'), ('SHLVL', '2'), ('LD_LIBRARY_PATH', '/home/user/ws_siasun/install/duco_msg/lib:/opt/ros/humble/opt/rviz_ogre_vendor/lib:/opt/ros/humble/lib/x86_64-linux-gnu:/opt/ros/humble/lib'), ('HOME', '/home/user'), ('CHROME_DESKTOP', 'code.desktop'), ('TERM_PROGRAM_VERSION', '1.98.2'), ('DESKTOP_SESSION', 'ubuntu'), ('NO_PROXY', 'localhost,127.0.0.0/8,::1'), ('ROS_PYTHON_VERSION', '3'), ('GNOME_SHELL_SESSION_MODE', 'ubuntu'), ('GTK_MODULES', 'gail:atk-bridge'), ('DBUS_STARTER_BUS_TYPE', 'session'), ('SYSTEMD_EXEC_PID', '1152'), ('DBUS_SESSION_BUS_ADDRESS', 'unix:path=/run/user/1000/bus,guid=29aa453e04d6fd81a7f888c968edb0a6'), ('COLORTERM', 'truecolor'), ('IM_CONFIG_PHASE', '1'), ('WAYLAND_DISPLAY', 'wayland-0'), ('ROS_DISTRO', 'humble'), ('LOGNAME', 'user'), ('http_proxy', 'http://127.0.0.1:7890/'), ('_', '/usr/bin/colcon'), ('ROS_VERSION', '2'), ('XDG_SESSION_CLASS', 'user'), ('USERNAME', 'user'), ('TERM', 'xterm-256color'), ('GNOME_DESKTOP_SESSION_ID', 'this-is-deprecated'), ('ROS_LOCALHOST_ONLY', '0'), ('PATH', '/opt/ros/humble/bin:/usr/local/sbin:/usr/local/bin:/usr/sbin:/usr/bin:/sbin:/bin:/usr/games:/usr/local/games:/snap/bin:/snap/bin'), ('SESSION_MANAGER', 'local/user-Default-string:@/tmp/.ICE-unix/1152,unix/user-Default-string:/tmp/.ICE-unix/1152'), ('XDG_MENU_PREFIX', 'gnome-'), ('GNOME_TERMINAL_SCREEN', '/org/gnome/Terminal/screen/605294d2_5418_4e5f_b2e7_5a2a21147e6f'), ('GNOME_SETUP_DISPLAY', ':1'), ('XDG_RUNTIME_DIR', '/run/user/1000'), ('GDK_BACKEND', 'x11'), ('DISPLAY', ':0'), ('LANG', 'zh_CN.UTF-8'), ('XDG_CURRENT_DESKTOP', 'Unity'), ('PYTHONSTARTUP', '/home/user/.config/Code/User/workspaceStorage/0e147a0a2fd8792e328fcddb38a40cd9/ms-python.python/pythonrc.py'), ('XMODIFIERS', '@im=ibus'), ('XDG_SESSION_DESKTOP', 'ubuntu'), ('XAUTHORITY', '/run/user/1000/.mutter-Xwaylandauth.ATR2D3'), ('LS_COLORS', 'rs=0:di=01;34:ln=01;36:mh=00:pi=40;33:so=01;35:do=01;35:bd=40;33;01:cd=40;33;01:or=40;31;01:mi=00:su=37;41:sg=30;43:ca=30;41:tw=30;42:ow=34;42:st=37;44:ex=01;32:*.tar=01;31:*.tgz=01;31:*.arc=01;31:*.arj=01;31:*.taz=01;31:*.lha=01;31:*.lz4=01;31:*.lzh=01;31:*.lzma=01;31:*.tlz=01;31:*.txz=01;31:*.tzo=01;31:*.t7z=01;31:*.zip=01;31:*.z=01;31:*.dz=01;31:*.gz=01;31:*.lrz=01;31:*.lz=01;31:*.lzo=01;31:*.xz=01;31:*.zst=01;31:*.tzst=01;31:*.bz2=01;31:*.bz=01;31:*.tbz=01;31:*.tbz2=01;31:*.tz=01;31:*.deb=01;31:*.rpm=01;31:*.jar=01;31:*.war=01;31:*.ear=01;31:*.sar=01;31:*.rar=01;31:*.alz=01;31:*.ace=01;31:*.zoo=01;31:*.cpio=01;31:*.7z=01;31:*.rz=01;31:*.cab=01;31:*.wim=01;31:*.swm=01;31:*.dwm=01;31:*.esd=01;31:*.jpg=01;35:*.jpeg=01;35:*.mjpg=01;35:*.mjpeg=01;35:*.gif=01;35:*.bmp=01;35:*.pbm=01;35:*.pgm=01;35:*.ppm=01;35:*.tga=01;35:*.xbm=01;35:*.xpm=01;35:*.tif=01;35:*.tiff=01;35:*.png=01;35:*.svg=01;35:*.svgz=01;35:*.mng=01;35:*.pcx=01;35:*.mov=01;35:*.mpg=01;35:*.mpeg=01;35:*.m2v=01;35:*.mkv=01;35:*.webm=01;35:*.webp=01;35:*.ogm=01;35:*.mp4=01;35:*.m4v=01;35:*.mp4v=01;35:*.vob=01;35:*.qt=01;35:*.nuv=01;35:*.wmv=01;35:*.asf=01;35:*.rm=01;35:*.rmvb=01;35:*.flc=01;35:*.avi=01;35:*.fli=01;35:*.flv=01;35:*.gl=01;35:*.dl=01;35:*.xcf=01;35:*.xwd=01;35:*.yuv=01;35:*.cgm=01;35:*.emf=01;35:*.ogv=01;35:*.ogx=01;35:*.aac=00;36:*.au=00;36:*.flac=00;36:*.m4a=00;36:*.mid=00;36:*.midi=00;36:*.mka=00;36:*.mp3=00;36:*.mpc=00;36:*.ogg=00;36:*.ra=00;36:*.wav=00;36:*.oga=00;36:*.opus=00;36:*.spx=00;36:*.xspf=00;36:'), ('GNOME_TERMINAL_SERVICE', ':1.131'), ('TERM_PROGRAM', 'vscode'), ('SSH_AGENT_LAUNCHER', 'gnome-keyring'), ('SSH_AUTH_SOCK', '/run/user/1000/keyring/ssh'), ('AMENT_PREFIX_PATH', '/home/user/ws_siasun/install/duco_arms:/home/user/ws_siasun/install/duco_support:/home/user/ws_siasun/install/duco_msg:/opt/ros/humble'), ('ORIGINAL_XDG_CURRENT_DESKTOP', 'ubuntu:GNOME'), ('SHELL', '/bin/bash'), ('QT_ACCESSIBILITY', '1'), ('GDMSESSION', 'ubuntu'), ('LESSCLOSE', '/usr/bin/lesspipe %s %s'), ('QT_IM_MODULE', 'ibus'), ('PWD', '/home/user/ws_siasun/build/duco_ros_driver'), ('XDG_CONFIG_DIRS', '/etc/xdg/xdg-ubuntu:/etc/xdg'), ('DBUS_STARTER_ADDRESS', 'unix:path=/run/user/1000/bus,guid=29aa453e04d6fd81a7f888c968edb0a6'), ('XDG_DATA_DIRS', '/usr/share/ubuntu:/usr/local/share/:/usr/share/:/var/lib/snapd/desktop'), ('PYTHONPATH', '/home/user/ws_siasun/install/duco_msg/local/lib/python3.10/dist-packages:/opt/ros/humble/lib/python3.10/site-packages:/opt/ros/humble/local/lib/python3.10/dist-packages'), ('HTTP_PROXY', 'http://127.0.0.1:7890/'), ('COLCON', '1'), ('VTE_VERSION', '6800'), ('CMAKE_PREFIX_PATH', '/home/user/ws_siasun/install/duco_arms:/home/user/ws_siasun/install/duco_support:/home/user/ws_siasun/install/duco_msg:/opt/ros/humble')]), 'shell': False}
[6.899975] (robot_control) StdoutLine: {'line': b'-- Found Boost: /usr/lib/x86_64-linux-gnu/cmake/Boost-1.74.0/BoostConfig.cmake (found version "1.74.0") found components: chrono date_time filesystem iostreams program_options regex serialization system thread \n'}
[6.917922] (-) TimerEvent: {}
[6.925050] (duco_ros_driver) StdoutLine: {'line': b'[  7%] \x1b[32mBuilding CXX object CMakeFiles/DucoRobotStatus.dir/src/DucoRobotStatusNode.cpp.o\x1b[0m\n'}
[6.925295] (duco_ros_driver) StdoutLine: {'line': b'[ 23%] \x1b[32mBuilding CXX object CMakeFiles/DucoTrajectoryAction.dir/src/DucoTrajectoryAction.cpp.o\x1b[0m\n'}
[6.925364] (duco_ros_driver) StdoutLine: {'line': b'[ 23%] \x1b[32mBuilding CXX object CMakeFiles/DucoRobotStatus.dir/src/DucoRobotStatus.cpp.o\x1b[0m\n'}
[6.925609] (duco_ros_driver) StdoutLine: {'line': b'[ 30%] \x1b[32mBuilding CXX object CMakeFiles/DucoRobotStatus.dir/src/RobotNode.cpp.o\x1b[0m\n'}
[6.927336] (duco_ros_driver) StdoutLine: {'line': b'[ 38%] \x1b[32mBuilding CXX object CMakeFiles/DucoRobotControl.dir/src/DucoRobotControl.cpp.o\x1b[0m\n'}
[6.927548] (duco_ros_driver) StdoutLine: {'line': b'[ 53%] \x1b[32mBuilding CXX object CMakeFiles/DucoDriver.dir/src/DucoDriverNode.cpp.o\x1b[0m\n'}
[6.927704] (duco_ros_driver) StdoutLine: {'line': b'[ 53%] \x1b[32mBuilding CXX object CMakeFiles/DucoDriver.dir/src/DucoDriver.cpp.o\x1b[0m\n'}
[6.927788] (duco_ros_driver) StdoutLine: {'line': b'[ 61%] \x1b[32mBuilding CXX object CMakeFiles/DucoDriver.dir/src/RobotNode.cpp.o\x1b[0m\n'}
[6.927901] (robot_control) StdoutLine: {'line': b'-- Found parameter_traits: 0.4.0 (/opt/ros/humble/share/parameter_traits/cmake)\n'}
[6.928144] (duco_ros_driver) StdoutLine: {'line': b'[ 69%] \x1b[32mBuilding CXX object CMakeFiles/DucoRobotControl.dir/src/RobotNode.cpp.o\x1b[0m\n'}
[6.940356] (robot_control) StdoutLine: {'line': b'-- Found Eigen3: TRUE (found version "3.4.0") \n'}
[6.942265] (robot_control) StdoutLine: {'line': b'-- Found rclcpp_lifecycle: 16.0.11 (/opt/ros/humble/share/rclcpp_lifecycle/cmake)\n'}
[6.973249] (robot_control) StdoutLine: {'line': b'-- Found Boost: /usr/lib/x86_64-linux-gnu/cmake/Boost-1.74.0/BoostConfig.cmake (found version "1.74.0") found components: filesystem \n'}
[7.018028] (-) TimerEvent: {}
[7.040685] (robot_control) StdoutLine: {'line': b'-- library: /usr/lib/x86_64-linux-gnu/libcurl.so\n'}
[7.079552] (robot_control) StdoutLine: {'line': b'-- Ensuring Eigen3 include directory is part of orocos-kdl CMake target\n'}
[7.118145] (-) TimerEvent: {}
[7.212161] (robot_control) StdoutLine: {'line': b'-- Found Boost: /usr/lib/x86_64-linux-gnu/cmake/Boost-1.74.0/BoostConfig.cmake (found version "1.74.0") found components: system filesystem date_time program_options thread chrono \n'}
[7.218251] (-) TimerEvent: {}
[7.239271] (robot_control) StdoutLine: {'line': b'-- Found Boost: /usr/lib/x86_64-linux-gnu/cmake/Boost-1.74.0/BoostConfig.cmake (found version "1.74.0") found components: thread system filesystem regex date_time program_options \n'}
[7.258051] (robot_control) StdoutLine: {'line': b'-- Found Boost: /usr/lib/x86_64-linux-gnu/cmake/Boost-1.74.0/BoostConfig.cmake (found version "1.74.0") found components: system filesystem date_time program_options thread \n'}
[7.283445] (robot_control) StdoutLine: {'line': b'-- Found pcl_conversions: 2.4.5 (/opt/ros/humble/share/pcl_conversions/cmake)\n'}
[7.313444] (robot_control) StdoutLine: {'line': b"-- Checking for module 'eigen3'\n"}
[7.318375] (-) TimerEvent: {}
[7.323565] (robot_control) StdoutLine: {'line': b'--   Found eigen3, version 3.4.0\n'}
[7.354189] (robot_control) StdoutLine: {'line': b'-- Found Eigen: /usr/include/eigen3 (Required is at least version "3.1") \n'}
[7.354401] (robot_control) StdoutLine: {'line': b'-- Eigen found (include: /usr/include/eigen3, version: 3.4.0)\n'}
[7.377172] (robot_control) StdoutLine: {'line': b"-- Checking for module 'flann'\n"}
[7.391084] (robot_control) StdoutLine: {'line': b'--   Found flann, version 1.9.1\n'}
[7.418478] (-) TimerEvent: {}
[7.424769] (robot_control) StdoutLine: {'line': b'-- Found FLANN: /usr/lib/x86_64-linux-gnu/libflann_cpp.so  \n'}
[7.425063] (robot_control) StdoutLine: {'line': b'-- FLANN found (include: /usr/include, lib: /usr/lib/x86_64-linux-gnu/libflann_cpp.so)\n'}
[7.518592] (-) TimerEvent: {}
[7.618914] (-) TimerEvent: {}
[7.719197] (-) TimerEvent: {}
[7.819495] (-) TimerEvent: {}
[7.919784] (-) TimerEvent: {}
[8.020080] (-) TimerEvent: {}
[8.120368] (-) TimerEvent: {}
[8.220769] (-) TimerEvent: {}
[8.300522] (robot_control) StdoutLine: {'line': b"-- Checking for module 'libusb-1.0'\n"}
[8.314241] (robot_control) StdoutLine: {'line': b'--   Found libusb-1.0, version 1.0.25\n'}
[8.320871] (-) TimerEvent: {}
[8.349245] (robot_control) StdoutLine: {'line': b'-- Found libusb: /usr/lib/x86_64-linux-gnu/libusb-1.0.so  \n'}
[8.350450] (robot_control) StdoutLine: {'line': b'-- OpenNI found (version: 1.5.4.0, include: /usr/include/ni, lib: /usr/lib/libOpenNI.so;libusb::libusb)\n'}
[8.402302] (robot_control) StdoutLine: {'line': b'-- OpenNI2 found (version: 2.2.0.33, include: /usr/include/openni2, lib: /usr/lib/x86_64-linux-gnu/libOpenNI2.so;libusb::libusb)\n'}
[8.420972] (-) TimerEvent: {}
[8.521279] (-) TimerEvent: {}
[8.534058] (robot_control) StdoutLine: {'line': b'-- Eigen found (include: /usr/include/eigen3, version: 3.4.0)\n'}
[8.541323] (robot_control) StdoutLine: {'line': b'-- OpenNI found (version: 1.5.4.0, include: /usr/include/ni, lib: /usr/lib/libOpenNI.so;libusb::libusb)\n'}
[8.547880] (robot_control) StdoutLine: {'line': b'-- OpenNI2 found (version: 2.2.0.33, include: /usr/include/openni2, lib: /usr/lib/x86_64-linux-gnu/libOpenNI2.so;libusb::libusb)\n'}
[8.621397] (-) TimerEvent: {}
[8.675714] (robot_control) StdoutLine: {'line': b'-- Found Qhull version 8.0.2\n'}
[8.721494] (-) TimerEvent: {}
[8.789140] (duco_ros_driver) StderrLine: {'line': b'In file included from \x1b[01m\x1b[K/home/user/ws_siasun/src/duco_ros_driver/src/DucoDriver.cpp:32\x1b[m\x1b[K:\n'}
[8.789324] (duco_ros_driver) StderrLine: {'line': b'\x1b[01m\x1b[K/home/user/ws_siasun/src/duco_ros_driver/include/duco_ros_driver/DucoDriver.h:\x1b[m\x1b[K In constructor \xe2\x80\x98\x1b[01m\x1b[Kduco_driver::DucoDriver::DucoDriver(const rclcpp::NodeOptions&)\x1b[m\x1b[K\xe2\x80\x99:\n'}
[8.789396] (duco_ros_driver) StderrLine: {'line': b'\x1b[01m\x1b[K/home/user/ws_siasun/src/duco_ros_driver/include/duco_ros_driver/DucoDriver.h:163:10:\x1b[m\x1b[K \x1b[01;35m\x1b[Kwarning: \x1b[m\x1b[K\xe2\x80\x98\x1b[01m\x1b[Kduco_driver::DucoDriver::start_move_\x1b[m\x1b[K\xe2\x80\x99 will be initialized after [\x1b[01;35m\x1b[K\x1b]8;;https://gcc.gnu.org/onlinedocs/gcc/Warning-Options.html#index-Wreorder\x07-Wreorder\x1b]8;;\x07\x1b[m\x1b[K]\n'}
[8.789466] (duco_ros_driver) StderrLine: {'line': b'  163 |     bool \x1b[01;35m\x1b[Kstart_move_\x1b[m\x1b[K=false;\n'}
[8.789525] (duco_ros_driver) StderrLine: {'line': b'      |          \x1b[01;35m\x1b[K^~~~~~~~~~~\x1b[m\x1b[K\n'}
[8.789596] (duco_ros_driver) StderrLine: {'line': b'\x1b[01m\x1b[K/home/user/ws_siasun/src/duco_ros_driver/include/duco_ros_driver/DucoDriver.h:134:9:\x1b[m\x1b[K \x1b[01;35m\x1b[Kwarning: \x1b[m\x1b[K  \xe2\x80\x98\x1b[01m\x1b[Kint duco_driver::DucoDriver::collision_class_\x1b[m\x1b[K\xe2\x80\x99 [\x1b[01;35m\x1b[K\x1b]8;;https://gcc.gnu.org/onlinedocs/gcc/Warning-Options.html#index-Wreorder\x07-Wreorder\x1b]8;;\x07\x1b[m\x1b[K]\n'}
[8.789668] (duco_ros_driver) StderrLine: {'line': b'  134 |     int \x1b[01;35m\x1b[Kcollision_class_\x1b[m\x1b[K;\n'}
[8.789728] (duco_ros_driver) StderrLine: {'line': b'      |         \x1b[01;35m\x1b[K^~~~~~~~~~~~~~~~\x1b[m\x1b[K\n'}
[8.789788] (duco_ros_driver) StderrLine: {'line': b'\x1b[01m\x1b[K/home/user/ws_siasun/src/duco_ros_driver/src/DucoDriver.cpp:45:1:\x1b[m\x1b[K \x1b[01;35m\x1b[Kwarning: \x1b[m\x1b[K  when initialized here [\x1b[01;35m\x1b[K\x1b]8;;https://gcc.gnu.org/onlinedocs/gcc/Warning-Options.html#index-Wreorder\x07-Wreorder\x1b]8;;\x07\x1b[m\x1b[K]\n'}
[8.789867] (duco_ros_driver) StderrLine: {'line': b'   45 | \x1b[01;35m\x1b[KDucoDriver\x1b[m\x1b[K::DucoDriver(const rclcpp::NodeOptions &options):Node("DucoDriver", options),\n'}
[8.789929] (duco_ros_driver) StderrLine: {'line': b'      | \x1b[01;35m\x1b[K^~~~~~~~~~\x1b[m\x1b[K\n'}
[8.806926] (duco_ros_driver) StderrLine: {'line': b'\x1b[01m\x1b[K/home/user/ws_siasun/src/duco_ros_driver/src/DucoDriver.cpp:\x1b[m\x1b[K In destructor \xe2\x80\x98\x1b[01m\x1b[Kvirtual duco_driver::DucoDriver::~DucoDriver()\x1b[m\x1b[K\xe2\x80\x99:\n'}
[8.807095] (duco_ros_driver) StderrLine: {'line': b'\x1b[01m\x1b[K/home/user/ws_siasun/src/duco_ros_driver/src/DucoDriver.cpp:96:18:\x1b[m\x1b[K \x1b[01;35m\x1b[Kwarning: \x1b[m\x1b[Kcomparison of integer expressions of different signedness: \xe2\x80\x98\x1b[01m\x1b[Kint\x1b[m\x1b[K\xe2\x80\x99 and \xe2\x80\x98\x1b[01m\x1b[Kstd::vector<std::shared_ptr<DucoRPC::DucoCobot> >::size_type\x1b[m\x1b[K\xe2\x80\x99 {aka \xe2\x80\x98\x1b[01m\x1b[Klong unsigned int\x1b[m\x1b[K\xe2\x80\x99} [\x1b[01;35m\x1b[K\x1b]8;;https://gcc.gnu.org/onlinedocs/gcc/Warning-Options.html#index-Wsign-compare\x07-Wsign-compare\x1b]8;;\x07\x1b[m\x1b[K]\n'}
[8.807169] (duco_ros_driver) StderrLine: {'line': b'   96 |     for(int i=0;\x1b[01;35m\x1b[Ki<duco_robots.size()\x1b[m\x1b[K;i++)\n'}
[8.807315] (duco_ros_driver) StderrLine: {'line': b'      |                 \x1b[01;35m\x1b[K~^~~~~~~~~~~~~~~~~~~\x1b[m\x1b[K\n'}
[8.807379] (robot_control) StdoutLine: {'line': b'-- OpenNI found (version: 1.5.4.0, include: /usr/include/ni, lib: /usr/lib/libOpenNI.so;libusb::libusb)\n'}
[8.807453] (duco_ros_driver) StderrLine: {'line': b'\x1b[01m\x1b[K/home/user/ws_siasun/src/duco_ros_driver/src/DucoDriver.cpp:\x1b[m\x1b[K In member function \xe2\x80\x98\x1b[01m\x1b[Kbool duco_driver::DucoDriver::getRobotStates(duco_msg::srv::DucoRobotStates::Request&, duco_msg::srv::DucoRobotStates::Response&)\x1b[m\x1b[K\xe2\x80\x99:\n'}
[8.807516] (duco_ros_driver) StderrLine: {'line': b'\x1b[01m\x1b[K/home/user/ws_siasun/src/duco_ros_driver/src/DucoDriver.cpp:125:74:\x1b[m\x1b[K \x1b[01;35m\x1b[Kwarning: \x1b[m\x1b[Kunused parameter \xe2\x80\x98\x1b[01m\x1b[Kreq\x1b[m\x1b[K\xe2\x80\x99 [\x1b[01;35m\x1b[K\x1b]8;;https://gcc.gnu.org/onlinedocs/gcc/Warning-Options.html#index-Wunused-parameter\x07-Wunused-parameter\x1b]8;;\x07\x1b[m\x1b[K]\n'}
[8.807579] (duco_ros_driver) StderrLine: {'line': b'  125 | bool DucoDriver::getRobotStates(\x1b[01;35m\x1b[Kduco_msg::srv::DucoRobotStates::Request &req\x1b[m\x1b[K,duco_msg::srv::DucoRobotStates::Response &res)\n'}
[8.807657] (duco_ros_driver) StderrLine: {'line': b'      |                                 \x1b[01;35m\x1b[K~~~~~~~~~~~~~~~~~~~~~~~~~~~~~~~~~~~~~~~~~^~~\x1b[m\x1b[K\n'}
[8.808559] (duco_ros_driver) StderrLine: {'line': b'\x1b[01m\x1b[K/home/user/ws_siasun/src/duco_ros_driver/src/DucoDriver.cpp:\x1b[m\x1b[K In member function \xe2\x80\x98\x1b[01m\x1b[Kbool duco_driver::DucoDriver::setRobotJointsByMoveIt()\x1b[m\x1b[K\xe2\x80\x99:\n'}
[8.808809] (duco_ros_driver) StderrLine: {'line': b'\x1b[01m\x1b[K/home/user/ws_siasun/src/duco_ros_driver/src/DucoDriver.cpp:160:30:\x1b[m\x1b[K \x1b[01;35m\x1b[Kwarning: \x1b[m\x1b[Kcomparison of integer expressions of different signedness: \xe2\x80\x98\x1b[01m\x1b[Kint\x1b[m\x1b[K\xe2\x80\x99 and \xe2\x80\x98\x1b[01m\x1b[Kstd::vector<std::vector<double, std::allocator<double> > >::size_type\x1b[m\x1b[K\xe2\x80\x99 {aka \xe2\x80\x98\x1b[01m\x1b[Klong unsigned int\x1b[m\x1b[K\xe2\x80\x99} [\x1b[01;35m\x1b[K\x1b]8;;https://gcc.gnu.org/onlinedocs/gcc/Warning-Options.html#index-Wsign-compare\x07-Wsign-compare\x1b]8;;\x07\x1b[m\x1b[K]\n'}
[8.808884] (duco_ros_driver) StderrLine: {'line': b'  160 |                 for(int i=0;\x1b[01;35m\x1b[Ki<joint_track_[arm].size()\x1b[m\x1b[K;i++)\n'}
[8.808958] (duco_ros_driver) StderrLine: {'line': b'      |                             \x1b[01;35m\x1b[K~^~~~~~~~~~~~~~~~~~~~~~~~~\x1b[m\x1b[K\n'}
[8.809018] (duco_ros_driver) StderrLine: {'line': b'\x1b[01m\x1b[K/home/user/ws_siasun/src/duco_ros_driver/src/DucoDriver.cpp:162:34:\x1b[m\x1b[K \x1b[01;35m\x1b[Kwarning: \x1b[m\x1b[Kcomparison of integer expressions of different signedness: \xe2\x80\x98\x1b[01m\x1b[Kint\x1b[m\x1b[K\xe2\x80\x99 and \xe2\x80\x98\x1b[01m\x1b[Kstd::vector<double, std::allocator<double> >::size_type\x1b[m\x1b[K\xe2\x80\x99 {aka \xe2\x80\x98\x1b[01m\x1b[Klong unsigned int\x1b[m\x1b[K\xe2\x80\x99} [\x1b[01;35m\x1b[K\x1b]8;;https://gcc.gnu.org/onlinedocs/gcc/Warning-Options.html#index-Wsign-compare\x07-Wsign-compare\x1b]8;;\x07\x1b[m\x1b[K]\n'}
[8.809094] (duco_ros_driver) StderrLine: {'line': b'  162 |                     for(int j=0;\x1b[01;35m\x1b[Kj<joint_track_[arm][i].size()\x1b[m\x1b[K;j++)\n'}
[8.809153] (duco_ros_driver) StderrLine: {'line': b'      |                                 \x1b[01;35m\x1b[K~^~~~~~~~~~~~~~~~~~~~~~~~~~~~\x1b[m\x1b[K\n'}
[8.811980] (duco_ros_driver) StderrLine: {'line': b'\x1b[01m\x1b[K/home/user/ws_siasun/src/duco_ros_driver/src/DucoDriver.cpp:\x1b[m\x1b[K In member function \xe2\x80\x98\x1b[01m\x1b[Kvoid duco_driver::DucoDriver::moveItPosCallback(trajectory_msgs::msg::JointTrajectory_<std::allocator<void> >::SharedPtr)\x1b[m\x1b[K\xe2\x80\x99:\n'}
[8.812211] (duco_ros_driver) StderrLine: {'line': b'\x1b[01m\x1b[K/home/user/ws_siasun/src/duco_ros_driver/src/DucoDriver.cpp:202:30:\x1b[m\x1b[K \x1b[01;35m\x1b[Kwarning: \x1b[m\x1b[Kcomparison of integer expressions of different signedness: \xe2\x80\x98\x1b[01m\x1b[Kint\x1b[m\x1b[K\xe2\x80\x99 and \xe2\x80\x98\x1b[01m\x1b[Kstd::vector<trajectory_msgs::msg::JointTrajectoryPoint_<std::allocator<void> >, std::allocator<trajectory_msgs::msg::JointTrajectoryPoint_<std::allocator<void> > > >::size_type\x1b[m\x1b[K\xe2\x80\x99 {aka \xe2\x80\x98\x1b[01m\x1b[Klong unsigned int\x1b[m\x1b[K\xe2\x80\x99} [\x1b[01;35m\x1b[K\x1b]8;;https://gcc.gnu.org/onlinedocs/gcc/Warning-Options.html#index-Wsign-compare\x07-Wsign-compare\x1b]8;;\x07\x1b[m\x1b[K]\n'}
[8.812295] (duco_ros_driver) StderrLine: {'line': b'  202 |             for(int i = 0; \x1b[01;35m\x1b[Ki < msg->points.size()\x1b[m\x1b[K; i++)\n'}
[8.812356] (duco_ros_driver) StderrLine: {'line': b'      |                            \x1b[01;35m\x1b[K~~^~~~~~~~~~~~~~~~~~~~\x1b[m\x1b[K\n'}
[8.812413] (duco_ros_driver) StderrLine: {'line': b'\x1b[01m\x1b[K/home/user/ws_siasun/src/duco_ros_driver/src/DucoDriver.cpp:211:38:\x1b[m\x1b[K \x1b[01;35m\x1b[Kwarning: \x1b[m\x1b[Kcomparison of integer expressions of different signedness: \xe2\x80\x98\x1b[01m\x1b[Kint\x1b[m\x1b[K\xe2\x80\x99 and \xe2\x80\x98\x1b[01m\x1b[Kstd::vector<std::__cxx11::basic_string<char> >::size_type\x1b[m\x1b[K\xe2\x80\x99 {aka \xe2\x80\x98\x1b[01m\x1b[Klong unsigned int\x1b[m\x1b[K\xe2\x80\x99} [\x1b[01;35m\x1b[K\x1b]8;;https://gcc.gnu.org/onlinedocs/gcc/Warning-Options.html#index-Wsign-compare\x07-Wsign-compare\x1b]8;;\x07\x1b[m\x1b[K]\n'}
[8.812477] (duco_ros_driver) StderrLine: {'line': b'  211 |                     for(int k = 0; \x1b[01;35m\x1b[Kk < msg->joint_names.size()\x1b[m\x1b[K; k++)\n'}
[8.812533] (duco_ros_driver) StderrLine: {'line': b'      |                                    \x1b[01;35m\x1b[K~~^~~~~~~~~~~~~~~~~~~~~~~~~\x1b[m\x1b[K\n'}
[8.821641] (-) TimerEvent: {}
[8.921912] (-) TimerEvent: {}
[8.923797] (duco_ros_driver) StderrLine: {'line': b'\x1b[01m\x1b[K/home/user/ws_siasun/src/duco_ros_driver/src/DucoRobotStatus.cpp:\x1b[m\x1b[K In constructor \xe2\x80\x98\x1b[01m\x1b[Kduco_driver::DucoRobotStatus::DucoRobotStatus(const rclcpp::NodeOptions&)\x1b[m\x1b[K\xe2\x80\x99:\n'}
[8.923972] (duco_ros_driver) StderrLine: {'line': b'\x1b[01m\x1b[K/home/user/ws_siasun/src/duco_ros_driver/src/DucoRobotStatus.cpp:46:19:\x1b[m\x1b[K \x1b[01;35m\x1b[Kwarning: \x1b[m\x1b[Kcomparison of integer expressions of different signedness: \xe2\x80\x98\x1b[01m\x1b[Kint\x1b[m\x1b[K\xe2\x80\x99 and \xe2\x80\x98\x1b[01m\x1b[Kuint\x1b[m\x1b[K\xe2\x80\x99 {aka \xe2\x80\x98\x1b[01m\x1b[Kunsigned int\x1b[m\x1b[K\xe2\x80\x99} [\x1b[01;35m\x1b[K\x1b]8;;https://gcc.gnu.org/onlinedocs/gcc/Warning-Options.html#index-Wsign-compare\x07-Wsign-compare\x1b]8;;\x07\x1b[m\x1b[K]\n'}
[8.924046] (duco_ros_driver) StderrLine: {'line': b'   46 |     for (int i=0;\x1b[01;35m\x1b[Ki<arm_num\x1b[m\x1b[K;++i)\n'}
[8.924108] (duco_ros_driver) StderrLine: {'line': b'      |                  \x1b[01;35m\x1b[K~^~~~~~~~\x1b[m\x1b[K\n'}
[8.924166] (duco_ros_driver) StderrLine: {'line': b'\x1b[01m\x1b[K/home/user/ws_siasun/src/duco_ros_driver/src/DucoRobotStatus.cpp:48:23:\x1b[m\x1b[K \x1b[01;35m\x1b[Kwarning: \x1b[m\x1b[Kcomparison of integer expressions of different signedness: \xe2\x80\x98\x1b[01m\x1b[Kint\x1b[m\x1b[K\xe2\x80\x99 and \xe2\x80\x98\x1b[01m\x1b[Kuint\x1b[m\x1b[K\xe2\x80\x99 {aka \xe2\x80\x98\x1b[01m\x1b[Kunsigned int\x1b[m\x1b[K\xe2\x80\x99} [\x1b[01;35m\x1b[K\x1b]8;;https://gcc.gnu.org/onlinedocs/gcc/Warning-Options.html#index-Wsign-compare\x07-Wsign-compare\x1b]8;;\x07\x1b[m\x1b[K]\n'}
[8.924227] (duco_ros_driver) StderrLine: {'line': b'   48 |         for (int j=0;\x1b[01;35m\x1b[Kj<_dof\x1b[m\x1b[K;++j)\n'}
[8.924285] (duco_ros_driver) StderrLine: {'line': b'      |                      \x1b[01;35m\x1b[K~^~~~~\x1b[m\x1b[K\n'}
[8.927024] (duco_ros_driver) StderrLine: {'line': b'\x1b[01m\x1b[K/home/user/ws_siasun/src/duco_ros_driver/src/DucoRobotStatus.cpp:\x1b[m\x1b[K In destructor \xe2\x80\x98\x1b[01m\x1b[Kvirtual duco_driver::DucoRobotStatus::~DucoRobotStatus()\x1b[m\x1b[K\xe2\x80\x99:\n'}
[8.927199] (duco_ros_driver) StderrLine: {'line': b'\x1b[01m\x1b[K/home/user/ws_siasun/src/duco_ros_driver/src/DucoRobotStatus.cpp:69:18:\x1b[m\x1b[K \x1b[01;35m\x1b[Kwarning: \x1b[m\x1b[Kcomparison of integer expressions of different signedness: \xe2\x80\x98\x1b[01m\x1b[Kint\x1b[m\x1b[K\xe2\x80\x99 and \xe2\x80\x98\x1b[01m\x1b[Kuint\x1b[m\x1b[K\xe2\x80\x99 {aka \xe2\x80\x98\x1b[01m\x1b[Kunsigned int\x1b[m\x1b[K\xe2\x80\x99} [\x1b[01;35m\x1b[K\x1b]8;;https://gcc.gnu.org/onlinedocs/gcc/Warning-Options.html#index-Wsign-compare\x07-Wsign-compare\x1b]8;;\x07\x1b[m\x1b[K]\n'}
[8.927289] (duco_ros_driver) StderrLine: {'line': b'   69 |     for(int i=0;\x1b[01;35m\x1b[Ki<arm_num\x1b[m\x1b[K;i++)\n'}
[8.927360] (duco_ros_driver) StderrLine: {'line': b'      |                 \x1b[01;35m\x1b[K~^~~~~~~~\x1b[m\x1b[K\n'}
[8.927488] (duco_ros_driver) StderrLine: {'line': b'\x1b[01m\x1b[K/home/user/ws_siasun/src/duco_ros_driver/src/DucoRobotStatus.cpp:\x1b[m\x1b[K In member function \xe2\x80\x98\x1b[01m\x1b[Kvoid duco_driver::DucoRobotStatus::getRobotStatus()\x1b[m\x1b[K\xe2\x80\x99:\n'}
[8.927565] (duco_ros_driver) StderrLine: {'line': b'\x1b[01m\x1b[K/home/user/ws_siasun/src/duco_ros_driver/src/DucoRobotStatus.cpp:89:28:\x1b[m\x1b[K \x1b[01;35m\x1b[Kwarning: \x1b[m\x1b[Kcomparison of integer expressions of different signedness: \xe2\x80\x98\x1b[01m\x1b[Kint\x1b[m\x1b[K\xe2\x80\x99 and \xe2\x80\x98\x1b[01m\x1b[Kuint\x1b[m\x1b[K\xe2\x80\x99 {aka \xe2\x80\x98\x1b[01m\x1b[Kunsigned int\x1b[m\x1b[K\xe2\x80\x99} [\x1b[01;35m\x1b[K\x1b]8;;https://gcc.gnu.org/onlinedocs/gcc/Warning-Options.html#index-Wsign-compare\x07-Wsign-compare\x1b]8;;\x07\x1b[m\x1b[K]\n'}
[8.927670] (duco_ros_driver) StderrLine: {'line': b'   89 |         for(int axis=0;\x1b[01;35m\x1b[Kaxis<arm_num\x1b[m\x1b[K;axis++)\n'}
[8.927737] (duco_ros_driver) StderrLine: {'line': b'      |                        \x1b[01;35m\x1b[K~~~~^~~~~~~~\x1b[m\x1b[K\n'}
[8.928099] (duco_ros_driver) StderrLine: {'line': b'\x1b[01m\x1b[K/home/user/ws_siasun/src/duco_ros_driver/src/DucoRobotStatus.cpp:116:28:\x1b[m\x1b[K \x1b[01;35m\x1b[Kwarning: \x1b[m\x1b[Kcomparison of integer expressions of different signedness: \xe2\x80\x98\x1b[01m\x1b[Kint\x1b[m\x1b[K\xe2\x80\x99 and \xe2\x80\x98\x1b[01m\x1b[Kuint\x1b[m\x1b[K\xe2\x80\x99 {aka \xe2\x80\x98\x1b[01m\x1b[Kunsigned int\x1b[m\x1b[K\xe2\x80\x99} [\x1b[01;35m\x1b[K\x1b]8;;https://gcc.gnu.org/onlinedocs/gcc/Warning-Options.html#index-Wsign-compare\x07-Wsign-compare\x1b]8;;\x07\x1b[m\x1b[K]\n'}
[8.928186] (duco_ros_driver) StderrLine: {'line': b'  116 |             for(int i = 0;\x1b[01;35m\x1b[Ki<arm_num\x1b[m\x1b[K;i++)\n'}
[8.928243] (duco_ros_driver) StderrLine: {'line': b'      |                           \x1b[01;35m\x1b[K~^~~~~~~~\x1b[m\x1b[K\n'}
[8.930300] (duco_ros_driver) StderrLine: {'line': b'\x1b[01m\x1b[K/home/user/ws_siasun/src/duco_ros_driver/src/DucoRobotStatus.cpp:156:18:\x1b[m\x1b[K \x1b[01;35m\x1b[Kwarning: \x1b[m\x1b[Kunused variable \xe2\x80\x98\x1b[01m\x1b[Kcount\x1b[m\x1b[K\xe2\x80\x99 [\x1b[01;35m\x1b[K\x1b]8;;https://gcc.gnu.org/onlinedocs/gcc/Warning-Options.html#index-Wunused-variable\x07-Wunused-variable\x1b]8;;\x07\x1b[m\x1b[K]\n'}
[8.930550] (duco_ros_driver) StderrLine: {'line': b'  156 |             uint \x1b[01;35m\x1b[Kcount\x1b[m\x1b[K = robot_joint_actual_pos[axis].size();\n'}
[8.930637] (duco_ros_driver) StderrLine: {'line': b'      |                  \x1b[01;35m\x1b[K^~~~~\x1b[m\x1b[K\n'}
[8.930700] (duco_ros_driver) StderrLine: {'line': b'\x1b[01m\x1b[K/home/user/ws_siasun/src/duco_ros_driver/src/DucoRobotStatus.cpp:206:22:\x1b[m\x1b[K \x1b[01;35m\x1b[Kwarning: \x1b[m\x1b[Kcomparison of integer expressions of different signedness: \xe2\x80\x98\x1b[01m\x1b[Kint\x1b[m\x1b[K\xe2\x80\x99 and \xe2\x80\x98\x1b[01m\x1b[Kuint\x1b[m\x1b[K\xe2\x80\x99 {aka \xe2\x80\x98\x1b[01m\x1b[Kunsigned int\x1b[m\x1b[K\xe2\x80\x99} [\x1b[01;35m\x1b[K\x1b]8;;https://gcc.gnu.org/onlinedocs/gcc/Warning-Options.html#index-Wsign-compare\x07-Wsign-compare\x1b]8;;\x07\x1b[m\x1b[K]\n'}
[8.930764] (duco_ros_driver) StderrLine: {'line': b'  206 |         for(int i=0;\x1b[01;35m\x1b[Ki<arm_num\x1b[m\x1b[K;i++)\n'}
[8.930820] (duco_ros_driver) StderrLine: {'line': b'      |                     \x1b[01;35m\x1b[K~^~~~~~~~\x1b[m\x1b[K\n'}
[8.930876] (duco_ros_driver) StderrLine: {'line': b'\x1b[01m\x1b[K/home/user/ws_siasun/src/duco_ros_driver/src/DucoRobotStatus.cpp:208:27:\x1b[m\x1b[K \x1b[01;35m\x1b[Kwarning: \x1b[m\x1b[Kcomparison of integer expressions of different signedness: \xe2\x80\x98\x1b[01m\x1b[Kint\x1b[m\x1b[K\xe2\x80\x99 and \xe2\x80\x98\x1b[01m\x1b[Kuint\x1b[m\x1b[K\xe2\x80\x99 {aka \xe2\x80\x98\x1b[01m\x1b[Kunsigned int\x1b[m\x1b[K\xe2\x80\x99} [\x1b[01;35m\x1b[K\x1b]8;;https://gcc.gnu.org/onlinedocs/gcc/Warning-Options.html#index-Wsign-compare\x07-Wsign-compare\x1b]8;;\x07\x1b[m\x1b[K]\n'}
[8.930946] (duco_ros_driver) StderrLine: {'line': b'  208 |             for (int j=0;\x1b[01;35m\x1b[Kj<_dof\x1b[m\x1b[K;++j)\n'}
[8.931003] (duco_ros_driver) StderrLine: {'line': b'      |                          \x1b[01;35m\x1b[K~^~~~~\x1b[m\x1b[K\n'}
[8.932116] (duco_ros_driver) StderrLine: {'line': b'\x1b[01m\x1b[K/home/user/ws_siasun/src/duco_ros_driver/src/DucoRobotStatus.cpp:\x1b[m\x1b[K In member function \xe2\x80\x98\x1b[01m\x1b[Kbool duco_driver::DucoRobotStatus::connectToRobotController()\x1b[m\x1b[K\xe2\x80\x99:\n'}
[8.932248] (duco_ros_driver) StderrLine: {'line': b'\x1b[01m\x1b[K/home/user/ws_siasun/src/duco_ros_driver/src/DucoRobotStatus.cpp:261:18:\x1b[m\x1b[K \x1b[01;35m\x1b[Kwarning: \x1b[m\x1b[Kcomparison of integer expressions of different signedness: \xe2\x80\x98\x1b[01m\x1b[Kint\x1b[m\x1b[K\xe2\x80\x99 and \xe2\x80\x98\x1b[01m\x1b[Kuint\x1b[m\x1b[K\xe2\x80\x99 {aka \xe2\x80\x98\x1b[01m\x1b[Kunsigned int\x1b[m\x1b[K\xe2\x80\x99} [\x1b[01;35m\x1b[K\x1b]8;;https://gcc.gnu.org/onlinedocs/gcc/Warning-Options.html#index-Wsign-compare\x07-Wsign-compare\x1b]8;;\x07\x1b[m\x1b[K]\n'}
[8.932330] (duco_ros_driver) StderrLine: {'line': b'  261 |     for(int i=0;\x1b[01;35m\x1b[Ki<arm_num\x1b[m\x1b[K;i++)\n'}
[8.932391] (duco_ros_driver) StderrLine: {'line': b'      |                 \x1b[01;35m\x1b[K~^~~~~~~~\x1b[m\x1b[K\n'}
[8.934070] (robot_control) StdoutLine: {'line': b'-- Found PCL_COMMON: /usr/lib/x86_64-linux-gnu/libpcl_common.so  \n'}
[8.934674] (robot_control) StdoutLine: {'line': b'-- Found PCL_KDTREE: /usr/lib/x86_64-linux-gnu/libpcl_kdtree.so  \n'}
[8.935333] (robot_control) StdoutLine: {'line': b'-- Found PCL_OCTREE: /usr/lib/x86_64-linux-gnu/libpcl_octree.so  \n'}
[8.935895] (robot_control) StdoutLine: {'line': b'-- Found PCL_SEARCH: /usr/lib/x86_64-linux-gnu/libpcl_search.so  \n'}
[8.936428] (robot_control) StdoutLine: {'line': b'-- Found PCL_SAMPLE_CONSENSUS: /usr/lib/x86_64-linux-gnu/libpcl_sample_consensus.so  \n'}
[8.936638] (duco_ros_driver) StderrLine: {'line': b'\x1b[01m\x1b[K/home/user/ws_siasun/src/duco_ros_driver/src/DucoRobotControl.cpp:\x1b[m\x1b[K In destructor \xe2\x80\x98\x1b[01m\x1b[Kvirtual duco_driver::DucoRobotControl::~DucoRobotControl()\x1b[m\x1b[K\xe2\x80\x99:\n'}
[8.936723] (duco_ros_driver) StderrLine: {'line': b'\x1b[01m\x1b[K/home/user/ws_siasun/src/duco_ros_driver/src/DucoRobotControl.cpp:58:18:\x1b[m\x1b[K \x1b[01;35m\x1b[Kwarning: \x1b[m\x1b[Kcomparison of integer expressions of different signedness: \xe2\x80\x98\x1b[01m\x1b[Kint\x1b[m\x1b[K\xe2\x80\x99 and \xe2\x80\x98\x1b[01m\x1b[Kuint\x1b[m\x1b[K\xe2\x80\x99 {aka \xe2\x80\x98\x1b[01m\x1b[Kunsigned int\x1b[m\x1b[K\xe2\x80\x99} [\x1b[01;35m\x1b[K\x1b]8;;https://gcc.gnu.org/onlinedocs/gcc/Warning-Options.html#index-Wsign-compare\x07-Wsign-compare\x1b]8;;\x07\x1b[m\x1b[K]\n'}
[8.936791] (duco_ros_driver) StderrLine: {'line': b'   58 |     for(int i=0;\x1b[01;35m\x1b[Ki<_arm_num\x1b[m\x1b[K;i++)\n'}
[8.936851] (duco_ros_driver) StderrLine: {'line': b'      |                 \x1b[01;35m\x1b[K~^~~~~~~~~\x1b[m\x1b[K\n'}
[8.936989] (robot_control) StdoutLine: {'line': b'-- Found PCL_FILTERS: /usr/lib/x86_64-linux-gnu/libpcl_filters.so  \n'}
[8.937260] (robot_control) StdoutLine: {'line': b'-- Found PCL_2D: /usr/include/pcl-1.12  \n'}
[8.937429] (robot_control) StdoutLine: {'line': b'-- Found PCL_GEOMETRY: /usr/include/pcl-1.12  \n'}
[8.937749] (duco_ros_driver) StderrLine: {'line': b'\x1b[01m\x1b[K/home/user/ws_siasun/src/duco_ros_driver/src/DucoRobotControl.cpp:\x1b[m\x1b[K In member function \xe2\x80\x98\x1b[01m\x1b[Kbool duco_driver::DucoRobotControl::connectToRobotController()\x1b[m\x1b[K\xe2\x80\x99:\n'}
[8.937857] (duco_ros_driver) StderrLine: {'line': b'\x1b[01m\x1b[K/home/user/ws_siasun/src/duco_ros_driver/src/DucoRobotControl.cpp:85:18:\x1b[m\x1b[K \x1b[01;35m\x1b[Kwarning: \x1b[m\x1b[Kcomparison of integer expressions of different signedness: \xe2\x80\x98\x1b[01m\x1b[Kint\x1b[m\x1b[K\xe2\x80\x99 and \xe2\x80\x98\x1b[01m\x1b[Kuint\x1b[m\x1b[K\xe2\x80\x99 {aka \xe2\x80\x98\x1b[01m\x1b[Kunsigned int\x1b[m\x1b[K\xe2\x80\x99} [\x1b[01;35m\x1b[K\x1b]8;;https://gcc.gnu.org/onlinedocs/gcc/Warning-Options.html#index-Wsign-compare\x07-Wsign-compare\x1b]8;;\x07\x1b[m\x1b[K]\n'}
[8.937937] (duco_ros_driver) StderrLine: {'line': b'   85 |     for(int i=0;\x1b[01;35m\x1b[Ki<_arm_num\x1b[m\x1b[K;i++)\n'}
[8.937997] (duco_ros_driver) StderrLine: {'line': b'      |                 \x1b[01;35m\x1b[K~^~~~~~~~~\x1b[m\x1b[K\n'}
[8.938143] (robot_control) StdoutLine: {'line': b'-- Found PCL_IO: /usr/lib/x86_64-linux-gnu/libpcl_io.so  \n'}
[8.938728] (robot_control) StdoutLine: {'line': b'-- Found PCL_FEATURES: /usr/lib/x86_64-linux-gnu/libpcl_features.so  \n'}
[8.939380] (robot_control) StdoutLine: {'line': b'-- Found PCL_ML: /usr/lib/x86_64-linux-gnu/libpcl_ml.so  \n'}
[8.939927] (robot_control) StdoutLine: {'line': b'-- Found PCL_SEGMENTATION: /usr/lib/x86_64-linux-gnu/libpcl_segmentation.so  \n'}
[8.940633] (robot_control) StdoutLine: {'line': b'-- Found PCL_VISUALIZATION: /usr/lib/x86_64-linux-gnu/libpcl_visualization.so  \n'}
[8.941320] (robot_control) StdoutLine: {'line': b'-- Found PCL_SURFACE: /usr/lib/x86_64-linux-gnu/libpcl_surface.so  \n'}
[8.942107] (robot_control) StdoutLine: {'line': b'-- Found PCL_REGISTRATION: /usr/lib/x86_64-linux-gnu/libpcl_registration.so  \n'}
[8.942780] (robot_control) StdoutLine: {'line': b'-- Found PCL_KEYPOINTS: /usr/lib/x86_64-linux-gnu/libpcl_keypoints.so  \n'}
[8.943404] (robot_control) StdoutLine: {'line': b'-- Found PCL_TRACKING: /usr/lib/x86_64-linux-gnu/libpcl_tracking.so  \n'}
[8.943917] (duco_ros_driver) StderrLine: {'line': b'\x1b[01m\x1b[K/home/user/ws_siasun/src/duco_ros_driver/src/DucoRobotControl.cpp:\x1b[m\x1b[K In member function \xe2\x80\x98\x1b[01m\x1b[Kvoid duco_driver::DucoRobotControl::handle_robot_control(std::shared_ptr<duco_msg::srv::RobotControl_Request_<std::allocator<void> > >, std::shared_ptr<duco_msg::srv::RobotControl_Response_<std::allocator<void> > >)\x1b[m\x1b[K\xe2\x80\x99:\n'}
[8.944041] (duco_ros_driver) StderrLine: {'line': b'\x1b[01m\x1b[K/home/user/ws_siasun/src/duco_ros_driver/src/DucoRobotControl.cpp:106:26:\x1b[m\x1b[K \x1b[01;35m\x1b[Kwarning: \x1b[m\x1b[Kcomparison of integer expressions of different signedness: \xe2\x80\x98\x1b[01m\x1b[Kduco_msg::srv::RobotControl_Request_<std::allocator<void> >::_arm_num_type\x1b[m\x1b[K\xe2\x80\x99 {aka \xe2\x80\x98\x1b[01m\x1b[Ksigned char\x1b[m\x1b[K\xe2\x80\x99} and \xe2\x80\x98\x1b[01m\x1b[Kuint\x1b[m\x1b[K\xe2\x80\x99 {aka \xe2\x80\x98\x1b[01m\x1b[Kunsigned int\x1b[m\x1b[K\xe2\x80\x99} [\x1b[01;35m\x1b[K\x1b]8;;https://gcc.gnu.org/onlinedocs/gcc/Warning-Options.html#index-Wsign-compare\x07-Wsign-compare\x1b]8;;\x07\x1b[m\x1b[K]\n'}
[8.944128] (duco_ros_driver) StderrLine: {'line': b'  106 |     if (\x1b[01;35m\x1b[Krequest->arm_num >= this->_arm_num\x1b[m\x1b[K)\n'}
[8.944192] (duco_ros_driver) StderrLine: {'line': b'      |         \x1b[01;35m\x1b[K~~~~~~~~~~~~~~~~~^~~~~~~~~~~~~~~~~\x1b[m\x1b[K\n'}
[8.944625] (robot_control) StdoutLine: {'line': b'-- Found PCL_RECOGNITION: /usr/lib/x86_64-linux-gnu/libpcl_recognition.so  \n'}
[8.945921] (robot_control) StdoutLine: {'line': b'-- Found PCL_STEREO: /usr/lib/x86_64-linux-gnu/libpcl_stereo.so  \n'}
[8.946914] (robot_control) StdoutLine: {'line': b'-- Found PCL_APPS: /usr/lib/x86_64-linux-gnu/libpcl_apps.so  \n'}
[8.947867] (robot_control) StdoutLine: {'line': b'-- Found PCL_IN_HAND_SCANNER: /usr/include/pcl-1.12  \n'}
[8.948223] (robot_control) StdoutLine: {'line': b'-- Found PCL_MODELER: /usr/include/pcl-1.12  \n'}
[8.948635] (robot_control) StdoutLine: {'line': b'-- Found PCL_POINT_CLOUD_EDITOR: /usr/include/pcl-1.12  \n'}
[8.949733] (robot_control) StdoutLine: {'line': b'-- Found PCL_OUTOFCORE: /usr/lib/x86_64-linux-gnu/libpcl_outofcore.so  \n'}
[8.950839] (robot_control) StdoutLine: {'line': b'-- Found PCL_PEOPLE: /usr/lib/x86_64-linux-gnu/libpcl_people.so  \n'}
[8.952159] (duco_ros_driver) StderrLine: {'line': b'In file included from \x1b[01m\x1b[K/opt/ros/humble/include/rclcpp/rclcpp/logging.hpp:24\x1b[m\x1b[K,\n'}
[8.952276] (duco_ros_driver) StderrLine: {'line': b'                 from \x1b[01m\x1b[K/opt/ros/humble/include/rclcpp/rclcpp/client.hpp:40\x1b[m\x1b[K,\n'}
[8.952311] (duco_ros_driver) StderrLine: {'line': b'                 from \x1b[01m\x1b[K/opt/ros/humble/include/rclcpp/rclcpp/callback_group.hpp:24\x1b[m\x1b[K,\n'}
[8.952339] (duco_ros_driver) StderrLine: {'line': b'                 from \x1b[01m\x1b[K/opt/ros/humble/include/rclcpp/rclcpp/any_executable.hpp:20\x1b[m\x1b[K,\n'}
[8.952365] (duco_ros_driver) StderrLine: {'line': b'                 from \x1b[01m\x1b[K/opt/ros/humble/include/rclcpp/rclcpp/memory_strategy.hpp:25\x1b[m\x1b[K,\n'}
[8.952398] (duco_ros_driver) StderrLine: {'line': b'                 from \x1b[01m\x1b[K/opt/ros/humble/include/rclcpp/rclcpp/memory_strategies.hpp:18\x1b[m\x1b[K,\n'}
[8.952428] (duco_ros_driver) StderrLine: {'line': b'                 from \x1b[01m\x1b[K/opt/ros/humble/include/rclcpp/rclcpp/executor_options.hpp:20\x1b[m\x1b[K,\n'}
[8.952470] (duco_ros_driver) StderrLine: {'line': b'                 from \x1b[01m\x1b[K/opt/ros/humble/include/rclcpp/rclcpp/executor.hpp:37\x1b[m\x1b[K,\n'}
[8.952511] (duco_ros_driver) StderrLine: {'line': b'                 from \x1b[01m\x1b[K/opt/ros/humble/include/rclcpp/rclcpp/executors/multi_threaded_executor.hpp:25\x1b[m\x1b[K,\n'}
[8.952540] (duco_ros_driver) StderrLine: {'line': b'                 from \x1b[01m\x1b[K/opt/ros/humble/include/rclcpp/rclcpp/executors.hpp:21\x1b[m\x1b[K,\n'}
[8.952567] (duco_ros_driver) StderrLine: {'line': b'                 from \x1b[01m\x1b[K/opt/ros/humble/include/rclcpp/rclcpp/rclcpp.hpp:155\x1b[m\x1b[K,\n'}
[8.952608] (duco_ros_driver) StderrLine: {'line': b'                 from \x1b[01m\x1b[K/home/user/ws_siasun/src/duco_ros_driver/include/duco_ros_driver/DucoRobotControl.h:4\x1b[m\x1b[K,\n'}
[8.952639] (duco_ros_driver) StderrLine: {'line': b'                 from \x1b[01m\x1b[K/home/user/ws_siasun/src/duco_ros_driver/src/DucoRobotControl.cpp:2\x1b[m\x1b[K:\n'}
[8.952847] (duco_ros_driver) StderrLine: {'line': b'\x1b[01m\x1b[K/home/user/ws_siasun/src/duco_ros_driver/src/DucoRobotControl.cpp:\x1b[m\x1b[K In member function \xe2\x80\x98\x1b[01m\x1b[Kvoid duco_driver::DucoRobotControl::handle_robot_move(std::shared_ptr<duco_msg::srv::RobotMove_Request_<std::allocator<void> > >, std::shared_ptr<duco_msg::srv::RobotMove_Response_<std::allocator<void> > >)\x1b[m\x1b[K\xe2\x80\x99:\n'}
[8.952906] (duco_ros_driver) StderrLine: {'line': b'\x1b[01m\x1b[K/home/user/ws_siasun/src/duco_ros_driver/src/DucoRobotControl.cpp:141:36:\x1b[m\x1b[K \x1b[01;35m\x1b[Kwarning: \x1b[m\x1b[Kformat \xe2\x80\x98\x1b[01m\x1b[K%i\x1b[m\x1b[K\xe2\x80\x99 expects argument of type \xe2\x80\x98\x1b[01m\x1b[Kint\x1b[m\x1b[K\xe2\x80\x99, but argument 5 has type \xe2\x80\x98\x1b[01m\x1b[Kstd::vector<float>::size_type\x1b[m\x1b[K\xe2\x80\x99 {aka \xe2\x80\x98\x1b[01m\x1b[Klong unsigned int\x1b[m\x1b[K\xe2\x80\x99} [\x1b[01;35m\x1b[K\x1b]8;;https://gcc.gnu.org/onlinedocs/gcc/Warning-Options.html#index-Wformat=\x07-Wformat=\x1b]8;;\x07\x1b[m\x1b[K]\n'}
[8.952956] (duco_ros_driver) StderrLine: {'line': b'  141 |     RCLCPP_INFO(this->get_logger(),\x1b[01;35m\x1b[K"    p size: %i"\x1b[m\x1b[K, \x1b[32m\x1b[Krequest->p.size()\x1b[m\x1b[K);\n'}
[8.952989] (duco_ros_driver) StderrLine: {'line': b'      |                                    \x1b[01;35m\x1b[K^~~~~~~~~~~~~~~~\x1b[m\x1b[K  \x1b[32m\x1b[K~~~~~~~~~~~~~~~~~\x1b[m\x1b[K\n'}
[8.953015] (duco_ros_driver) StderrLine: {'line': b'      |                                                                     \x1b[32m\x1b[K|\x1b[m\x1b[K\n'}
[8.953042] (duco_ros_driver) StderrLine: {'line': b'      |                                                                     \x1b[32m\x1b[Kstd::vector<float>::size_type {aka long unsigned int}\x1b[m\x1b[K\n'}
[8.953068] (duco_ros_driver) StderrLine: {'line': b'\x1b[01m\x1b[K/home/user/ws_siasun/src/duco_ros_driver/src/DucoRobotControl.cpp:141:50:\x1b[m\x1b[K \x1b[01;36m\x1b[Knote: \x1b[m\x1b[Kformat string is defined here\n'}
[8.953094] (duco_ros_driver) StderrLine: {'line': b'  141 |     RCLCPP_INFO(this->get_logger(),"    p size: \x1b[01;36m\x1b[K%i\x1b[m\x1b[K", request->p.size());\n'}
[8.953119] (duco_ros_driver) StderrLine: {'line': b'      |                                                 \x1b[01;36m\x1b[K~^\x1b[m\x1b[K\n'}
[8.953145] (duco_ros_driver) StderrLine: {'line': b'      |                                                  \x1b[01;36m\x1b[K|\x1b[m\x1b[K\n'}
[8.953171] (duco_ros_driver) StderrLine: {'line': b'      |                                                  \x1b[01;36m\x1b[Kint\x1b[m\x1b[K\n'}
[8.953218] (duco_ros_driver) StderrLine: {'line': b'      |                                                 \x1b[32m\x1b[K%li\x1b[m\x1b[K\n'}
[8.953257] (duco_ros_driver) StderrLine: {'line': b'In file included from \x1b[01m\x1b[K/opt/ros/humble/include/rclcpp/rclcpp/logging.hpp:24\x1b[m\x1b[K,\n'}
[8.953296] (duco_ros_driver) StderrLine: {'line': b'                 from \x1b[01m\x1b[K/opt/ros/humble/include/rclcpp/rclcpp/client.hpp:40\x1b[m\x1b[K,\n'}
[8.953321] (duco_ros_driver) StderrLine: {'line': b'                 from \x1b[01m\x1b[K/opt/ros/humble/include/rclcpp/rclcpp/callback_group.hpp:24\x1b[m\x1b[K,\n'}
[8.953346] (duco_ros_driver) StderrLine: {'line': b'                 from \x1b[01m\x1b[K/opt/ros/humble/include/rclcpp/rclcpp/any_executable.hpp:20\x1b[m\x1b[K,\n'}
[8.953385] (duco_ros_driver) StderrLine: {'line': b'                 from \x1b[01m\x1b[K/opt/ros/humble/include/rclcpp/rclcpp/memory_strategy.hpp:25\x1b[m\x1b[K,\n'}
[8.953423] (duco_ros_driver) StderrLine: {'line': b'                 from \x1b[01m\x1b[K/opt/ros/humble/include/rclcpp/rclcpp/memory_strategies.hpp:18\x1b[m\x1b[K,\n'}
[8.953448] (duco_ros_driver) StderrLine: {'line': b'                 from \x1b[01m\x1b[K/opt/ros/humble/include/rclcpp/rclcpp/executor_options.hpp:20\x1b[m\x1b[K,\n'}
[8.953474] (duco_ros_driver) StderrLine: {'line': b'                 from \x1b[01m\x1b[K/opt/ros/humble/include/rclcpp/rclcpp/executor.hpp:37\x1b[m\x1b[K,\n'}
[8.953500] (duco_ros_driver) StderrLine: {'line': b'                 from \x1b[01m\x1b[K/opt/ros/humble/include/rclcpp/rclcpp/executors/multi_threaded_executor.hpp:25\x1b[m\x1b[K,\n'}
[8.953526] (duco_ros_driver) StderrLine: {'line': b'                 from \x1b[01m\x1b[K/opt/ros/humble/include/rclcpp/rclcpp/executors.hpp:21\x1b[m\x1b[K,\n'}
[8.953563] (duco_ros_driver) StderrLine: {'line': b'                 from \x1b[01m\x1b[K/opt/ros/humble/include/rclcpp/rclcpp/rclcpp.hpp:155\x1b[m\x1b[K,\n'}
[8.953773] (duco_ros_driver) StderrLine: {'line': b'                 from \x1b[01m\x1b[K/home/user/ws_siasun/src/duco_ros_driver/include/duco_ros_driver/DucoRobotControl.h:4\x1b[m\x1b[K,\n'}
[8.953864] (duco_ros_driver) StderrLine: {'line': b'                 from \x1b[01m\x1b[K/home/user/ws_siasun/src/duco_ros_driver/src/DucoRobotControl.cpp:2\x1b[m\x1b[K:\n'}
[8.953946] (duco_ros_driver) StderrLine: {'line': b'\x1b[01m\x1b[K/home/user/ws_siasun/src/duco_ros_driver/src/DucoRobotControl.cpp:142:36:\x1b[m\x1b[K \x1b[01;35m\x1b[Kwarning: \x1b[m\x1b[Kformat \xe2\x80\x98\x1b[01m\x1b[K%i\x1b[m\x1b[K\xe2\x80\x99 expects argument of type \xe2\x80\x98\x1b[01m\x1b[Kint\x1b[m\x1b[K\xe2\x80\x99, but argument 5 has type \xe2\x80\x98\x1b[01m\x1b[Kstd::vector<float>::size_type\x1b[m\x1b[K\xe2\x80\x99 {aka \xe2\x80\x98\x1b[01m\x1b[Klong unsigned int\x1b[m\x1b[K\xe2\x80\x99} [\x1b[01;35m\x1b[K\x1b]8;;https://gcc.gnu.org/onlinedocs/gcc/Warning-Options.html#index-Wformat=\x07-Wformat=\x1b]8;;\x07\x1b[m\x1b[K]\n'}
[8.954021] (duco_ros_driver) StderrLine: {'line': b'  142 |     RCLCPP_INFO(this->get_logger(),\x1b[01;35m\x1b[K"    q size: %i"\x1b[m\x1b[K, \x1b[32m\x1b[Krequest->q.size()\x1b[m\x1b[K);\n'}
[8.954085] (duco_ros_driver) StderrLine: {'line': b'      |                                    \x1b[01;35m\x1b[K^~~~~~~~~~~~~~~~\x1b[m\x1b[K  \x1b[32m\x1b[K~~~~~~~~~~~~~~~~~\x1b[m\x1b[K\n'}
[8.954151] (duco_ros_driver) StderrLine: {'line': b'      |                                                                     \x1b[32m\x1b[K|\x1b[m\x1b[K\n'}
[8.954222] (duco_ros_driver) StderrLine: {'line': b'      |                                                                     \x1b[32m\x1b[Kstd::vector<float>::size_type {aka long unsigned int}\x1b[m\x1b[K\n'}
[8.954285] (duco_ros_driver) StderrLine: {'line': b'\x1b[01m\x1b[K/home/user/ws_siasun/src/duco_ros_driver/src/DucoRobotControl.cpp:142:50:\x1b[m\x1b[K \x1b[01;36m\x1b[Knote: \x1b[m\x1b[Kformat string is defined here\n'}
[8.954348] (duco_ros_driver) StderrLine: {'line': b'  142 |     RCLCPP_INFO(this->get_logger(),"    q size: \x1b[01;36m\x1b[K%i\x1b[m\x1b[K", request->q.size());\n'}
[8.954415] (duco_ros_driver) StderrLine: {'line': b'      |                                                 \x1b[01;36m\x1b[K~^\x1b[m\x1b[K\n'}
[8.954481] (duco_ros_driver) StderrLine: {'line': b'      |                                                  \x1b[01;36m\x1b[K|\x1b[m\x1b[K\n'}
[8.954556] (duco_ros_driver) StderrLine: {'line': b'      |                                                  \x1b[01;36m\x1b[Kint\x1b[m\x1b[K\n'}
[8.954638] (duco_ros_driver) StderrLine: {'line': b'      |                                                 \x1b[32m\x1b[K%li\x1b[m\x1b[K\n'}
[8.954707] (duco_ros_driver) StderrLine: {'line': b'\x1b[01m\x1b[K/home/user/ws_siasun/src/duco_ros_driver/src/DucoRobotControl.cpp:147:23:\x1b[m\x1b[K \x1b[01;35m\x1b[Kwarning: \x1b[m\x1b[Kcomparison of integer expressions of different signedness: \xe2\x80\x98\x1b[01m\x1b[Kint\x1b[m\x1b[K\xe2\x80\x99 and \xe2\x80\x98\x1b[01m\x1b[Kstd::vector<float>::size_type\x1b[m\x1b[K\xe2\x80\x99 {aka \xe2\x80\x98\x1b[01m\x1b[Klong unsigned int\x1b[m\x1b[K\xe2\x80\x99} [\x1b[01;35m\x1b[K\x1b]8;;https://gcc.gnu.org/onlinedocs/gcc/Warning-Options.html#index-Wsign-compare\x07-Wsign-compare\x1b]8;;\x07\x1b[m\x1b[K]\n'}
[8.954779] (duco_ros_driver) StderrLine: {'line': b'  147 |         for (int i=0;\x1b[01;35m\x1b[Ki<request->p.size()-1\x1b[m\x1b[K;++i)\n'}
[8.954845] (duco_ros_driver) StderrLine: {'line': b'      |                      \x1b[01;35m\x1b[K~^~~~~~~~~~~~~~~~~~~~\x1b[m\x1b[K\n'}
[8.954912] (duco_ros_driver) StderrLine: {'line': b'\x1b[01m\x1b[K/home/user/ws_siasun/src/duco_ros_driver/src/DucoRobotControl.cpp:158:23:\x1b[m\x1b[K \x1b[01;35m\x1b[Kwarning: \x1b[m\x1b[Kcomparison of integer expressions of different signedness: \xe2\x80\x98\x1b[01m\x1b[Kint\x1b[m\x1b[K\xe2\x80\x99 and \xe2\x80\x98\x1b[01m\x1b[Kstd::vector<float>::size_type\x1b[m\x1b[K\xe2\x80\x99 {aka \xe2\x80\x98\x1b[01m\x1b[Klong unsigned int\x1b[m\x1b[K\xe2\x80\x99} [\x1b[01;35m\x1b[K\x1b]8;;https://gcc.gnu.org/onlinedocs/gcc/Warning-Options.html#index-Wsign-compare\x07-Wsign-compare\x1b]8;;\x07\x1b[m\x1b[K]\n'}
[8.954984] (duco_ros_driver) StderrLine: {'line': b'  158 |         for (int i=0;\x1b[01;35m\x1b[Ki<request->q.size()-1\x1b[m\x1b[K;++i)\n'}
[8.955049] (duco_ros_driver) StderrLine: {'line': b'      |                      \x1b[01;35m\x1b[K~^~~~~~~~~~~~~~~~~~~~\x1b[m\x1b[K\n'}
[8.956269] (duco_ros_driver) StderrLine: {'line': b'\x1b[01m\x1b[K/home/user/ws_siasun/src/duco_ros_driver/src/DucoRobotControl.cpp:174:26:\x1b[m\x1b[K \x1b[01;35m\x1b[Kwarning: \x1b[m\x1b[Kcomparison of integer expressions of different signedness: \xe2\x80\x98\x1b[01m\x1b[Kduco_msg::srv::RobotMove_Request_<std::allocator<void> >::_arm_num_type\x1b[m\x1b[K\xe2\x80\x99 {aka \xe2\x80\x98\x1b[01m\x1b[Ksigned char\x1b[m\x1b[K\xe2\x80\x99} and \xe2\x80\x98\x1b[01m\x1b[Kuint\x1b[m\x1b[K\xe2\x80\x99 {aka \xe2\x80\x98\x1b[01m\x1b[Kunsigned int\x1b[m\x1b[K\xe2\x80\x99} [\x1b[01;35m\x1b[K\x1b]8;;https://gcc.gnu.org/onlinedocs/gcc/Warning-Options.html#index-Wsign-compare\x07-Wsign-compare\x1b]8;;\x07\x1b[m\x1b[K]\n'}
[8.956440] (duco_ros_driver) StderrLine: {'line': b'  174 |     if (\x1b[01;35m\x1b[Krequest->arm_num >= this->_arm_num\x1b[m\x1b[K)\n'}
[8.956517] (duco_ros_driver) StderrLine: {'line': b'      |         \x1b[01;35m\x1b[K~~~~~~~~~~~~~~~~~^~~~~~~~~~~~~~~~~\x1b[m\x1b[K\n'}
[8.958016] (duco_ros_driver) StderrLine: {'line': b'\x1b[01m\x1b[K/home/user/ws_siasun/src/duco_ros_driver/src/DucoRobotControl.cpp:190:23:\x1b[m\x1b[K \x1b[01;35m\x1b[Kwarning: \x1b[m\x1b[Kcomparison of integer expressions of different signedness: \xe2\x80\x98\x1b[01m\x1b[Kint\x1b[m\x1b[K\xe2\x80\x99 and \xe2\x80\x98\x1b[01m\x1b[Kuint\x1b[m\x1b[K\xe2\x80\x99 {aka \xe2\x80\x98\x1b[01m\x1b[Kunsigned int\x1b[m\x1b[K\xe2\x80\x99} [\x1b[01;35m\x1b[K\x1b]8;;https://gcc.gnu.org/onlinedocs/gcc/Warning-Options.html#index-Wsign-compare\x07-Wsign-compare\x1b]8;;\x07\x1b[m\x1b[K]\n'}
[8.958186] (duco_ros_driver) StderrLine: {'line': b'  190 |         for (int i=0;\x1b[01;35m\x1b[Ki<_dof\x1b[m\x1b[K;++i)\n'}
[8.958258] (duco_ros_driver) StderrLine: {'line': b'      |                      \x1b[01;35m\x1b[K~^~~~~\x1b[m\x1b[K\n'}
[8.958938] (duco_ros_driver) StderrLine: {'line': b'\x1b[01m\x1b[K/home/user/ws_siasun/src/duco_ros_driver/src/DucoRobotControl.cpp:210:23:\x1b[m\x1b[K \x1b[01;35m\x1b[Kwarning: \x1b[m\x1b[Kcomparison of integer expressions of different signedness: \xe2\x80\x98\x1b[01m\x1b[Kint\x1b[m\x1b[K\xe2\x80\x99 and \xe2\x80\x98\x1b[01m\x1b[Kuint\x1b[m\x1b[K\xe2\x80\x99 {aka \xe2\x80\x98\x1b[01m\x1b[Kunsigned int\x1b[m\x1b[K\xe2\x80\x99} [\x1b[01;35m\x1b[K\x1b]8;;https://gcc.gnu.org/onlinedocs/gcc/Warning-Options.html#index-Wsign-compare\x07-Wsign-compare\x1b]8;;\x07\x1b[m\x1b[K]\n'}
[8.959106] (duco_ros_driver) StderrLine: {'line': b'  210 |         for (int i=0;\x1b[01;35m\x1b[Ki<_dof\x1b[m\x1b[K;++i)\n'}
[8.959143] (duco_ros_driver) StderrLine: {'line': b'      |                      \x1b[01;35m\x1b[K~^~~~~\x1b[m\x1b[K\n'}
[8.960305] (duco_ros_driver) StderrLine: {'line': b'\x1b[01m\x1b[K/home/user/ws_siasun/src/duco_ros_driver/src/DucoRobotControl.cpp:237:23:\x1b[m\x1b[K \x1b[01;35m\x1b[Kwarning: \x1b[m\x1b[Kcomparison of integer expressions of different signedness: \xe2\x80\x98\x1b[01m\x1b[Kint\x1b[m\x1b[K\xe2\x80\x99 and \xe2\x80\x98\x1b[01m\x1b[Kuint\x1b[m\x1b[K\xe2\x80\x99 {aka \xe2\x80\x98\x1b[01m\x1b[Kunsigned int\x1b[m\x1b[K\xe2\x80\x99} [\x1b[01;35m\x1b[K\x1b]8;;https://gcc.gnu.org/onlinedocs/gcc/Warning-Options.html#index-Wsign-compare\x07-Wsign-compare\x1b]8;;\x07\x1b[m\x1b[K]\n'}
[8.960464] (duco_ros_driver) StderrLine: {'line': b'  237 |         for (int i=0;\x1b[01;35m\x1b[Ki<_dof\x1b[m\x1b[K;++i)\n'}
[8.960547] (duco_ros_driver) StderrLine: {'line': b'      |                      \x1b[01;35m\x1b[K~^~~~~\x1b[m\x1b[K\n'}
[8.961702] (duco_ros_driver) StderrLine: {'line': b'\x1b[01m\x1b[K/home/user/ws_siasun/src/duco_ros_driver/src/DucoRobotControl.cpp:273:23:\x1b[m\x1b[K \x1b[01;35m\x1b[Kwarning: \x1b[m\x1b[Kcomparison of integer expressions of different signedness: \xe2\x80\x98\x1b[01m\x1b[Kint\x1b[m\x1b[K\xe2\x80\x99 and \xe2\x80\x98\x1b[01m\x1b[Kuint\x1b[m\x1b[K\xe2\x80\x99 {aka \xe2\x80\x98\x1b[01m\x1b[Kunsigned int\x1b[m\x1b[K\xe2\x80\x99} [\x1b[01;35m\x1b[K\x1b]8;;https://gcc.gnu.org/onlinedocs/gcc/Warning-Options.html#index-Wsign-compare\x07-Wsign-compare\x1b]8;;\x07\x1b[m\x1b[K]\n'}
[8.961786] (duco_ros_driver) StderrLine: {'line': b'  273 |         for (int i=0;\x1b[01;35m\x1b[Ki<_dof\x1b[m\x1b[K;++i)\n'}
[8.961820] (duco_ros_driver) StderrLine: {'line': b'      |                      \x1b[01;35m\x1b[K~^~~~~\x1b[m\x1b[K\n'}
[8.962126] (robot_control) StdoutLine: {'line': b'-- Found ament_lint_auto: 0.12.11 (/opt/ros/humble/share/ament_lint_auto/cmake)\n'}
[8.962895] (duco_ros_driver) StderrLine: {'line': b'\x1b[01m\x1b[K/home/user/ws_siasun/src/duco_ros_driver/src/DucoRobotControl.cpp:309:23:\x1b[m\x1b[K \x1b[01;35m\x1b[Kwarning: \x1b[m\x1b[Kcomparison of integer expressions of different signedness: \xe2\x80\x98\x1b[01m\x1b[Kint\x1b[m\x1b[K\xe2\x80\x99 and \xe2\x80\x98\x1b[01m\x1b[Kuint\x1b[m\x1b[K\xe2\x80\x99 {aka \xe2\x80\x98\x1b[01m\x1b[Kunsigned int\x1b[m\x1b[K\xe2\x80\x99} [\x1b[01;35m\x1b[K\x1b]8;;https://gcc.gnu.org/onlinedocs/gcc/Warning-Options.html#index-Wsign-compare\x07-Wsign-compare\x1b]8;;\x07\x1b[m\x1b[K]\n'}
[8.962942] (duco_ros_driver) StderrLine: {'line': b'  309 |         for (int i=0;\x1b[01;35m\x1b[Ki<_dof\x1b[m\x1b[K;++i)\n'}
[8.962970] (duco_ros_driver) StderrLine: {'line': b'      |                      \x1b[01;35m\x1b[K~^~~~~\x1b[m\x1b[K\n'}
[8.964169] (duco_ros_driver) StderrLine: {'line': b'\x1b[01m\x1b[K/home/user/ws_siasun/src/duco_ros_driver/src/DucoRobotControl.cpp:345:23:\x1b[m\x1b[K \x1b[01;35m\x1b[Kwarning: \x1b[m\x1b[Kcomparison of integer expressions of different signedness: \xe2\x80\x98\x1b[01m\x1b[Kint\x1b[m\x1b[K\xe2\x80\x99 and \xe2\x80\x98\x1b[01m\x1b[Kuint\x1b[m\x1b[K\xe2\x80\x99 {aka \xe2\x80\x98\x1b[01m\x1b[Kunsigned int\x1b[m\x1b[K\xe2\x80\x99} [\x1b[01;35m\x1b[K\x1b]8;;https://gcc.gnu.org/onlinedocs/gcc/Warning-Options.html#index-Wsign-compare\x07-Wsign-compare\x1b]8;;\x07\x1b[m\x1b[K]\n'}
[8.964216] (duco_ros_driver) StderrLine: {'line': b'  345 |         for (int i=0;\x1b[01;35m\x1b[Ki<_dof\x1b[m\x1b[K;++i)\n'}
[8.964244] (duco_ros_driver) StderrLine: {'line': b'      |                      \x1b[01;35m\x1b[K~^~~~~\x1b[m\x1b[K\n'}
[8.973754] (duco_ros_driver) StderrLine: {'line': b'\x1b[01m\x1b[K/home/user/ws_siasun/src/duco_ros_driver/src/DucoRobotControl.cpp:\x1b[m\x1b[K In member function \xe2\x80\x98\x1b[01m\x1b[Kvoid duco_driver::DucoRobotControl::handle_robot_io_control(std::shared_ptr<duco_msg::srv::RobotIoControl_Request_<std::allocator<void> > >, std::shared_ptr<duco_msg::srv::RobotIoControl_Response_<std::allocator<void> > >)\x1b[m\x1b[K\xe2\x80\x99:\n'}
[8.973858] (duco_ros_driver) StderrLine: {'line': b'\x1b[01m\x1b[K/home/user/ws_siasun/src/duco_ros_driver/src/DucoRobotControl.cpp:382:26:\x1b[m\x1b[K \x1b[01;35m\x1b[Kwarning: \x1b[m\x1b[Kcomparison of integer expressions of different signedness: \xe2\x80\x98\x1b[01m\x1b[Kduco_msg::srv::RobotIoControl_Request_<std::allocator<void> >::_arm_num_type\x1b[m\x1b[K\xe2\x80\x99 {aka \xe2\x80\x98\x1b[01m\x1b[Ksigned char\x1b[m\x1b[K\xe2\x80\x99} and \xe2\x80\x98\x1b[01m\x1b[Kuint\x1b[m\x1b[K\xe2\x80\x99 {aka \xe2\x80\x98\x1b[01m\x1b[Kunsigned int\x1b[m\x1b[K\xe2\x80\x99} [\x1b[01;35m\x1b[K\x1b]8;;https://gcc.gnu.org/onlinedocs/gcc/Warning-Options.html#index-Wsign-compare\x07-Wsign-compare\x1b]8;;\x07\x1b[m\x1b[K]\n'}
[8.973903] (duco_ros_driver) StderrLine: {'line': b'  382 |     if (\x1b[01;35m\x1b[Krequest->arm_num >= this->_arm_num\x1b[m\x1b[K)\n'}
[8.973933] (duco_ros_driver) StderrLine: {'line': b'      |         \x1b[01;35m\x1b[K~~~~~~~~~~~~~~~~~^~~~~~~~~~~~~~~~~\x1b[m\x1b[K\n'}
[8.983571] (duco_ros_driver) StderrLine: {'line': b'\x1b[01m\x1b[K/home/user/ws_siasun/src/duco_ros_driver/src/DucoRobotControl.cpp:\x1b[m\x1b[K In member function \xe2\x80\x98\x1b[01m\x1b[Kvoid duco_driver::DucoRobotControl::handle_robot_task_state_request(std::shared_ptr<duco_msg::srv::RobotTaskStateRquest_Request_<std::allocator<void> > >, std::shared_ptr<duco_msg::srv::RobotTaskStateRquest_Response_<std::allocator<void> > >)\x1b[m\x1b[K\xe2\x80\x99:\n'}
[8.983741] (duco_ros_driver) StderrLine: {'line': b'\x1b[01m\x1b[K/home/user/ws_siasun/src/duco_ros_driver/src/DucoRobotControl.cpp:441:26:\x1b[m\x1b[K \x1b[01;35m\x1b[Kwarning: \x1b[m\x1b[Kcomparison of integer expressions of different signedness: \xe2\x80\x98\x1b[01m\x1b[Kduco_msg::srv::RobotTaskStateRquest_Request_<std::allocator<void> >::_arm_num_type\x1b[m\x1b[K\xe2\x80\x99 {aka \xe2\x80\x98\x1b[01m\x1b[Ksigned char\x1b[m\x1b[K\xe2\x80\x99} and \xe2\x80\x98\x1b[01m\x1b[Kuint\x1b[m\x1b[K\xe2\x80\x99 {aka \xe2\x80\x98\x1b[01m\x1b[Kunsigned int\x1b[m\x1b[K\xe2\x80\x99} [\x1b[01;35m\x1b[K\x1b]8;;https://gcc.gnu.org/onlinedocs/gcc/Warning-Options.html#index-Wsign-compare\x07-Wsign-compare\x1b]8;;\x07\x1b[m\x1b[K]\n'}
[8.983829] (duco_ros_driver) StderrLine: {'line': b'  441 |     if (\x1b[01;35m\x1b[Krequest->arm_num >= this->_arm_num\x1b[m\x1b[K)\n'}
[8.983890] (duco_ros_driver) StderrLine: {'line': b'      |         \x1b[01;35m\x1b[K~~~~~~~~~~~~~~~~~^~~~~~~~~~~~~~~~~\x1b[m\x1b[K\n'}
[9.022028] (-) TimerEvent: {}
[9.042439] (robot_control) StdoutLine: {'line': b"-- Added test 'cppcheck' to perform static code analysis on C / C++ code\n"}
[9.042702] (robot_control) StdoutLine: {'line': b'-- Configured cppcheck include dirs: /home/user/ws_siasun/src/robot_control/include\n'}
[9.042823] (robot_control) StdoutLine: {'line': b'-- Configured cppcheck exclude dirs and/or files: \n'}
[9.043349] (robot_control) StdoutLine: {'line': b"-- Added test 'flake8' to check Python code syntax and style conventions\n"}
[9.043918] (robot_control) StdoutLine: {'line': b"-- Added test 'lint_cmake' to check CMake code style\n"}
[9.044390] (robot_control) StdoutLine: {'line': b"-- Added test 'pep257' to check Python code against some of the docstring style conventions in PEP 257\n"}
[9.045375] (robot_control) StdoutLine: {'line': b"-- Added test 'uncrustify' to check C / C++ code style\n"}
[9.045534] (robot_control) StdoutLine: {'line': b'-- Configured uncrustify additional arguments: \n'}
[9.045848] (robot_control) StdoutLine: {'line': b"-- Added test 'xmllint' to check XML markup files\n"}
[9.046956] (robot_control) StdoutLine: {'line': b'-- Configuring done\n'}
[9.122136] (-) TimerEvent: {}
[9.128619] (robot_control) StdoutLine: {'line': b'-- Generating done\n'}
[9.137940] (robot_control) StdoutLine: {'line': b'-- Build files have been written to: /home/user/ws_siasun/build/robot_control\n'}
[9.154429] (robot_control) CommandEnded: {'returncode': 0}
[9.155048] (robot_control) JobProgress: {'identifier': 'robot_control', 'progress': 'build'}
[9.155619] (robot_control) Command: {'cmd': ['/usr/bin/cmake', '--build', '/home/user/ws_siasun/build/robot_control', '--', '-j16', '-l16'], 'cwd': '/home/user/ws_siasun/build/robot_control', 'env': OrderedDict([('PYTHON_BASIC_REPL', '1'), ('LESSOPEN', '| /usr/bin/lesspipe %s'), ('no_proxy', 'localhost,127.0.0.0/8,::1'), ('LANGUAGE', 'zh_CN:zh'), ('USER', 'user'), ('XDG_SESSION_TYPE', 'wayland'), ('SHLVL', '2'), ('LD_LIBRARY_PATH', '/home/user/ws_siasun/install/duco_msg/lib:/opt/ros/humble/opt/rviz_ogre_vendor/lib:/opt/ros/humble/lib/x86_64-linux-gnu:/opt/ros/humble/lib'), ('HOME', '/home/user'), ('CHROME_DESKTOP', 'code.desktop'), ('TERM_PROGRAM_VERSION', '1.98.2'), ('DESKTOP_SESSION', 'ubuntu'), ('NO_PROXY', 'localhost,127.0.0.0/8,::1'), ('ROS_PYTHON_VERSION', '3'), ('GNOME_SHELL_SESSION_MODE', 'ubuntu'), ('GTK_MODULES', 'gail:atk-bridge'), ('DBUS_STARTER_BUS_TYPE', 'session'), ('SYSTEMD_EXEC_PID', '1152'), ('DBUS_SESSION_BUS_ADDRESS', 'unix:path=/run/user/1000/bus,guid=29aa453e04d6fd81a7f888c968edb0a6'), ('COLORTERM', 'truecolor'), ('IM_CONFIG_PHASE', '1'), ('WAYLAND_DISPLAY', 'wayland-0'), ('ROS_DISTRO', 'humble'), ('LOGNAME', 'user'), ('http_proxy', 'http://127.0.0.1:7890/'), ('_', '/usr/bin/colcon'), ('ROS_VERSION', '2'), ('XDG_SESSION_CLASS', 'user'), ('USERNAME', 'user'), ('TERM', 'xterm-256color'), ('GNOME_DESKTOP_SESSION_ID', 'this-is-deprecated'), ('ROS_LOCALHOST_ONLY', '0'), ('PATH', '/opt/ros/humble/bin:/usr/local/sbin:/usr/local/bin:/usr/sbin:/usr/bin:/sbin:/bin:/usr/games:/usr/local/games:/snap/bin:/snap/bin'), ('SESSION_MANAGER', 'local/user-Default-string:@/tmp/.ICE-unix/1152,unix/user-Default-string:/tmp/.ICE-unix/1152'), ('XDG_MENU_PREFIX', 'gnome-'), ('GNOME_TERMINAL_SCREEN', '/org/gnome/Terminal/screen/605294d2_5418_4e5f_b2e7_5a2a21147e6f'), ('GNOME_SETUP_DISPLAY', ':1'), ('XDG_RUNTIME_DIR', '/run/user/1000'), ('GDK_BACKEND', 'x11'), ('DISPLAY', ':0'), ('LANG', 'zh_CN.UTF-8'), ('XDG_CURRENT_DESKTOP', 'Unity'), ('PYTHONSTARTUP', '/home/user/.config/Code/User/workspaceStorage/0e147a0a2fd8792e328fcddb38a40cd9/ms-python.python/pythonrc.py'), ('XMODIFIERS', '@im=ibus'), ('XDG_SESSION_DESKTOP', 'ubuntu'), ('XAUTHORITY', '/run/user/1000/.mutter-Xwaylandauth.ATR2D3'), ('LS_COLORS', 'rs=0:di=01;34:ln=01;36:mh=00:pi=40;33:so=01;35:do=01;35:bd=40;33;01:cd=40;33;01:or=40;31;01:mi=00:su=37;41:sg=30;43:ca=30;41:tw=30;42:ow=34;42:st=37;44:ex=01;32:*.tar=01;31:*.tgz=01;31:*.arc=01;31:*.arj=01;31:*.taz=01;31:*.lha=01;31:*.lz4=01;31:*.lzh=01;31:*.lzma=01;31:*.tlz=01;31:*.txz=01;31:*.tzo=01;31:*.t7z=01;31:*.zip=01;31:*.z=01;31:*.dz=01;31:*.gz=01;31:*.lrz=01;31:*.lz=01;31:*.lzo=01;31:*.xz=01;31:*.zst=01;31:*.tzst=01;31:*.bz2=01;31:*.bz=01;31:*.tbz=01;31:*.tbz2=01;31:*.tz=01;31:*.deb=01;31:*.rpm=01;31:*.jar=01;31:*.war=01;31:*.ear=01;31:*.sar=01;31:*.rar=01;31:*.alz=01;31:*.ace=01;31:*.zoo=01;31:*.cpio=01;31:*.7z=01;31:*.rz=01;31:*.cab=01;31:*.wim=01;31:*.swm=01;31:*.dwm=01;31:*.esd=01;31:*.jpg=01;35:*.jpeg=01;35:*.mjpg=01;35:*.mjpeg=01;35:*.gif=01;35:*.bmp=01;35:*.pbm=01;35:*.pgm=01;35:*.ppm=01;35:*.tga=01;35:*.xbm=01;35:*.xpm=01;35:*.tif=01;35:*.tiff=01;35:*.png=01;35:*.svg=01;35:*.svgz=01;35:*.mng=01;35:*.pcx=01;35:*.mov=01;35:*.mpg=01;35:*.mpeg=01;35:*.m2v=01;35:*.mkv=01;35:*.webm=01;35:*.webp=01;35:*.ogm=01;35:*.mp4=01;35:*.m4v=01;35:*.mp4v=01;35:*.vob=01;35:*.qt=01;35:*.nuv=01;35:*.wmv=01;35:*.asf=01;35:*.rm=01;35:*.rmvb=01;35:*.flc=01;35:*.avi=01;35:*.fli=01;35:*.flv=01;35:*.gl=01;35:*.dl=01;35:*.xcf=01;35:*.xwd=01;35:*.yuv=01;35:*.cgm=01;35:*.emf=01;35:*.ogv=01;35:*.ogx=01;35:*.aac=00;36:*.au=00;36:*.flac=00;36:*.m4a=00;36:*.mid=00;36:*.midi=00;36:*.mka=00;36:*.mp3=00;36:*.mpc=00;36:*.ogg=00;36:*.ra=00;36:*.wav=00;36:*.oga=00;36:*.opus=00;36:*.spx=00;36:*.xspf=00;36:'), ('GNOME_TERMINAL_SERVICE', ':1.131'), ('TERM_PROGRAM', 'vscode'), ('SSH_AGENT_LAUNCHER', 'gnome-keyring'), ('SSH_AUTH_SOCK', '/run/user/1000/keyring/ssh'), ('AMENT_PREFIX_PATH', '/home/user/ws_siasun/install/duco_msg:/opt/ros/humble'), ('ORIGINAL_XDG_CURRENT_DESKTOP', 'ubuntu:GNOME'), ('SHELL', '/bin/bash'), ('QT_ACCESSIBILITY', '1'), ('GDMSESSION', 'ubuntu'), ('LESSCLOSE', '/usr/bin/lesspipe %s %s'), ('QT_IM_MODULE', 'ibus'), ('PWD', '/home/user/ws_siasun/build/robot_control'), ('XDG_CONFIG_DIRS', '/etc/xdg/xdg-ubuntu:/etc/xdg'), ('DBUS_STARTER_ADDRESS', 'unix:path=/run/user/1000/bus,guid=29aa453e04d6fd81a7f888c968edb0a6'), ('XDG_DATA_DIRS', '/usr/share/ubuntu:/usr/local/share/:/usr/share/:/var/lib/snapd/desktop'), ('PYTHONPATH', '/home/user/ws_siasun/install/duco_msg/local/lib/python3.10/dist-packages:/opt/ros/humble/lib/python3.10/site-packages:/opt/ros/humble/local/lib/python3.10/dist-packages'), ('HTTP_PROXY', 'http://127.0.0.1:7890/'), ('COLCON', '1'), ('VTE_VERSION', '6800'), ('CMAKE_PREFIX_PATH', '/home/user/ws_siasun/install/duco_msg:/opt/ros/humble')]), 'shell': False}
[9.207232] (robot_control) StdoutLine: {'line': b'[ 50%] \x1b[32mBuilding CXX object CMakeFiles/robot_control.dir/src/robot_control.cpp.o\x1b[0m\n'}
[9.222263] (-) TimerEvent: {}
[9.322538] (-) TimerEvent: {}
[9.422861] (-) TimerEvent: {}
[9.523143] (-) TimerEvent: {}
[9.623480] (-) TimerEvent: {}
[9.707625] (duco_ros_driver) StderrLine: {'line': b'\x1b[01m\x1b[K/home/user/ws_siasun/src/duco_ros_driver/src/DucoTrajectoryAction.cpp:\x1b[m\x1b[K In constructor \xe2\x80\x98\x1b[01m\x1b[Kduco_driver::DucoTrajectoryAction::DucoTrajectoryAction(std::string, const rclcpp::NodeOptions&)\x1b[m\x1b[K\xe2\x80\x99:\n'}
[9.707853] (duco_ros_driver) StderrLine: {'line': b'\x1b[01m\x1b[K/home/user/ws_siasun/src/duco_ros_driver/src/DucoTrajectoryAction.cpp:47:56:\x1b[m\x1b[K \x1b[01;35m\x1b[Kwarning: \x1b[m\x1b[Kunused parameter \xe2\x80\x98\x1b[01m\x1b[Kcontroller_name\x1b[m\x1b[K\xe2\x80\x99 [\x1b[01;35m\x1b[K\x1b]8;;https://gcc.gnu.org/onlinedocs/gcc/Warning-Options.html#index-Wunused-parameter\x07-Wunused-parameter\x1b]8;;\x07\x1b[m\x1b[K]\n'}
[9.707933] (duco_ros_driver) StderrLine: {'line': b'   47 | DucoTrajectoryAction::DucoTrajectoryAction(\x1b[01;35m\x1b[Kstd::string controller_name\x1b[m\x1b[K,const rclcpp::NodeOptions & options ):Node("DucoTrajectoryAction", options),\n'}
[9.708000] (duco_ros_driver) StderrLine: {'line': b'      |                                            \x1b[01;35m\x1b[K~~~~~~~~~~~~^~~~~~~~~~~~~~~\x1b[m\x1b[K\n'}
[9.710994] (duco_ros_driver) StderrLine: {'line': b'\x1b[01m\x1b[K/home/user/ws_siasun/src/duco_ros_driver/src/DucoTrajectoryAction.cpp:\x1b[m\x1b[K In member function \xe2\x80\x98\x1b[01m\x1b[Kvoid duco_driver::DucoTrajectoryAction::trajectoryExecutionCallback(std_msgs::msg::String_<std::allocator<void> >::SharedPtr)\x1b[m\x1b[K\xe2\x80\x99:\n'}
[9.711168] (duco_ros_driver) StderrLine: {'line': b'\x1b[01m\x1b[K/home/user/ws_siasun/src/duco_ros_driver/src/DucoTrajectoryAction.cpp:89:22:\x1b[m\x1b[K \x1b[01;35m\x1b[Kwarning: \x1b[m\x1b[Kcomparison of integer expressions of different signedness: \xe2\x80\x98\x1b[01m\x1b[Kint\x1b[m\x1b[K\xe2\x80\x99 and \xe2\x80\x98\x1b[01m\x1b[Kstd::vector<std::shared_ptr<rclcpp_action::ServerGoalHandle<control_msgs::action::FollowJointTrajectory> > >::size_type\x1b[m\x1b[K\xe2\x80\x99 {aka \xe2\x80\x98\x1b[01m\x1b[Klong unsigned int\x1b[m\x1b[K\xe2\x80\x99} [\x1b[01;35m\x1b[K\x1b]8;;https://gcc.gnu.org/onlinedocs/gcc/Warning-Options.html#index-Wsign-compare\x07-Wsign-compare\x1b]8;;\x07\x1b[m\x1b[K]\n'}
[9.711244] (duco_ros_driver) StderrLine: {'line': b'   89 |         for(int i=0;\x1b[01;35m\x1b[Ki<active_goal_.size()\x1b[m\x1b[K;i++)\n'}
[9.711302] (duco_ros_driver) StderrLine: {'line': b'      |                     \x1b[01;35m\x1b[K~^~~~~~~~~~~~~~~~~~~~\x1b[m\x1b[K\n'}
[9.712683] (duco_ros_driver) StderrLine: {'line': b'\x1b[01m\x1b[K/home/user/ws_siasun/src/duco_ros_driver/src/DucoTrajectoryAction.cpp:\x1b[m\x1b[K In member function \xe2\x80\x98\x1b[01m\x1b[Krclcpp_action::GoalResponse duco_driver::DucoTrajectoryAction::goalCB(const GoalUUID&, std::shared_ptr<const control_msgs::action::FollowJointTrajectory_Goal_<std::allocator<void> > >, int)\x1b[m\x1b[K\xe2\x80\x99:\n'}
[9.712846] (duco_ros_driver) StderrLine: {'line': b'\x1b[01m\x1b[K/home/user/ws_siasun/src/duco_ros_driver/src/DucoTrajectoryAction.cpp:129:89:\x1b[m\x1b[K \x1b[01;35m\x1b[Kwarning: \x1b[m\x1b[Kunused parameter \xe2\x80\x98\x1b[01m\x1b[Kuuid\x1b[m\x1b[K\xe2\x80\x99 [\x1b[01;35m\x1b[K\x1b]8;;https://gcc.gnu.org/onlinedocs/gcc/Warning-Options.html#index-Wunused-parameter\x07-Wunused-parameter\x1b]8;;\x07\x1b[m\x1b[K]\n'}
[9.712920] (duco_ros_driver) StderrLine: {'line': b'  129 | rclcpp_action::GoalResponse DucoTrajectoryAction::goalCB(\x1b[01;35m\x1b[Kconst rclcpp_action::GoalUUID &uuid\x1b[m\x1b[K, std::shared_ptr<const FollowJointTrajectory::Goal> goal,int num)\n'}
[9.712981] (duco_ros_driver) StderrLine: {'line': b'      |                                                          \x1b[01;35m\x1b[K~~~~~~~~~~~~~~~~~~~~~~~~~~~~~~~^~~~\x1b[m\x1b[K\n'}
[9.713039] (duco_ros_driver) StderrLine: {'line': b'\x1b[01m\x1b[K/home/user/ws_siasun/src/duco_ros_driver/src/DucoTrajectoryAction.cpp:129:155:\x1b[m\x1b[K \x1b[01;35m\x1b[Kwarning: \x1b[m\x1b[Kunused parameter \xe2\x80\x98\x1b[01m\x1b[Knum\x1b[m\x1b[K\xe2\x80\x99 [\x1b[01;35m\x1b[K\x1b]8;;https://gcc.gnu.org/onlinedocs/gcc/Warning-Options.html#index-Wunused-parameter\x07-Wunused-parameter\x1b]8;;\x07\x1b[m\x1b[K]\n'}
[9.713106] (duco_ros_driver) StderrLine: {'line': b'  129 | rclcpp_action::GoalResponse DucoTrajectoryAction::goalCB(const rclcpp_action::GoalUUID &uuid, std::shared_ptr<const FollowJointTrajectory::Goal> goal,\x1b[01;35m\x1b[Kint num\x1b[m\x1b[K)\n'}
[9.713164] (duco_ros_driver) StderrLine: {'line': b'      |                                                                                                                                                       \x1b[01;35m\x1b[K~~~~^~~\x1b[m\x1b[K\n'}
[9.723625] (-) TimerEvent: {}
[9.823905] (-) TimerEvent: {}
[9.924190] (-) TimerEvent: {}
[10.024520] (-) TimerEvent: {}
[10.124895] (-) TimerEvent: {}
[10.225229] (-) TimerEvent: {}
[10.325547] (-) TimerEvent: {}
[10.425944] (-) TimerEvent: {}
[10.526303] (-) TimerEvent: {}
[10.626580] (-) TimerEvent: {}
[10.726862] (-) TimerEvent: {}
[10.827159] (-) TimerEvent: {}
[10.927462] (-) TimerEvent: {}
[11.027758] (-) TimerEvent: {}
[11.128029] (-) TimerEvent: {}
[11.228303] (-) TimerEvent: {}
[11.328567] (-) TimerEvent: {}
[11.428843] (-) TimerEvent: {}
[11.479836] (duco_ros_driver) StdoutLine: {'line': b'[ 76%] \x1b[32m\x1b[1mLinking CXX executable DucoRobotStatus\x1b[0m\n'}
[11.528959] (-) TimerEvent: {}
[11.599804] (duco_ros_driver) StdoutLine: {'line': b'[ 84%] \x1b[32m\x1b[1mLinking CXX executable DucoRobotControl\x1b[0m\n'}
[11.629117] (-) TimerEvent: {}
[11.729416] (-) TimerEvent: {}
[11.829757] (-) TimerEvent: {}
[11.930034] (-) TimerEvent: {}
[11.985818] (duco_ros_driver) StdoutLine: {'line': b'[ 84%] Built target DucoRobotControl\n'}
[12.007306] (duco_ros_driver) StdoutLine: {'line': b'[ 84%] Built target DucoRobotStatus\n'}
[12.030137] (-) TimerEvent: {}
[12.130437] (-) TimerEvent: {}
[12.230825] (-) TimerEvent: {}
[12.331215] (-) TimerEvent: {}
[12.431625] (-) TimerEvent: {}
[12.531916] (-) TimerEvent: {}
[12.632214] (-) TimerEvent: {}
[12.732514] (-) TimerEvent: {}
[12.832812] (-) TimerEvent: {}
[12.877516] (robot_control) StderrLine: {'line': b'\x1b[01m\x1b[K/home/user/ws_siasun/src/robot_control/src/robot_control.cpp:\x1b[m\x1b[K In function \xe2\x80\x98\x1b[01m\x1b[Kstd::vector<signed char> vu2vi(std::vector<unsigned char, std::allocator<unsigned char> >)\x1b[m\x1b[K\xe2\x80\x99:\n'}
[12.877694] (robot_control) StderrLine: {'line': b'\x1b[01m\x1b[K/home/user/ws_siasun/src/robot_control/src/robot_control.cpp:56:18:\x1b[m\x1b[K \x1b[01;35m\x1b[Kwarning: \x1b[m\x1b[Kcomparison of integer expressions of different signedness: \xe2\x80\x98\x1b[01m\x1b[Kint\x1b[m\x1b[K\xe2\x80\x99 and \xe2\x80\x98\x1b[01m\x1b[Kstd::vector<unsigned char, std::allocator<unsigned char> >::size_type\x1b[m\x1b[K\xe2\x80\x99 {aka \xe2\x80\x98\x1b[01m\x1b[Klong unsigned int\x1b[m\x1b[K\xe2\x80\x99} [\x1b[01;35m\x1b[K\x1b]8;;https://gcc.gnu.org/onlinedocs/gcc/Warning-Options.html#index-Wsign-compare\x07-Wsign-compare\x1b]8;;\x07\x1b[m\x1b[K]\n'}
[12.877767] (robot_control) StderrLine: {'line': b'   56 |     for(int i=0;\x1b[01;35m\x1b[Ki<data.size()\x1b[m\x1b[K;i++)\n'}
[12.877823] (robot_control) StderrLine: {'line': b'      |                 \x1b[01;35m\x1b[K~^~~~~~~~~~~~\x1b[m\x1b[K\n'}
[12.890734] (robot_control) StderrLine: {'line': b'\x1b[01m\x1b[K/home/user/ws_siasun/src/robot_control/src/robot_control.cpp:\x1b[m\x1b[K In destructor \xe2\x80\x98\x1b[01m\x1b[Kvirtual RobotControl::~RobotControl()\x1b[m\x1b[K\xe2\x80\x99:\n'}
[12.890886] (robot_control) StderrLine: {'line': b'\x1b[01m\x1b[K/home/user/ws_siasun/src/robot_control/src/robot_control.cpp:105:18:\x1b[m\x1b[K \x1b[01;35m\x1b[Kwarning: \x1b[m\x1b[Kcomparison of integer expressions of different signedness: \xe2\x80\x98\x1b[01m\x1b[Kint\x1b[m\x1b[K\xe2\x80\x99 and \xe2\x80\x98\x1b[01m\x1b[Kstd::vector<std::shared_ptr<DucoRPC::DucoCobot> >::size_type\x1b[m\x1b[K\xe2\x80\x99 {aka \xe2\x80\x98\x1b[01m\x1b[Klong unsigned int\x1b[m\x1b[K\xe2\x80\x99} [\x1b[01;35m\x1b[K\x1b]8;;https://gcc.gnu.org/onlinedocs/gcc/Warning-Options.html#index-Wsign-compare\x07-Wsign-compare\x1b]8;;\x07\x1b[m\x1b[K]\n'}
[12.890959] (robot_control) StderrLine: {'line': b'  105 |     for(int i=0;\x1b[01;35m\x1b[Ki<duco_robots.size()\x1b[m\x1b[K;i++)\n'}
[12.891022] (robot_control) StderrLine: {'line': b'      |                 \x1b[01;35m\x1b[K~^~~~~~~~~~~~~~~~~~~\x1b[m\x1b[K\n'}
[12.894153] (robot_control) StderrLine: {'line': b'\x1b[01m\x1b[K/home/user/ws_siasun/src/robot_control/src/robot_control.cpp:\x1b[m\x1b[K In member function \xe2\x80\x98\x1b[01m\x1b[Kvoid RobotControl::handleRobotCommand(duco_msg::srv::RobotControl_Request_<std::allocator<void> >::SharedPtr, duco_msg::srv::RobotControl_Response_<std::allocator<void> >::SharedPtr)\x1b[m\x1b[K\xe2\x80\x99:\n'}
[12.894301] (robot_control) StderrLine: {'line': b'\x1b[01m\x1b[K/home/user/ws_siasun/src/robot_control/src/robot_control.cpp:113:92:\x1b[m\x1b[K \x1b[01;35m\x1b[Kwarning: \x1b[m\x1b[Kunused parameter \xe2\x80\x98\x1b[01m\x1b[Krequest\x1b[m\x1b[K\xe2\x80\x99 [\x1b[01;35m\x1b[K\x1b]8;;https://gcc.gnu.org/onlinedocs/gcc/Warning-Options.html#index-Wunused-parameter\x07-Wunused-parameter\x1b]8;;\x07\x1b[m\x1b[K]\n'}
[12.894366] (robot_control) StderrLine: {'line': b'  113 | void RobotControl::handleRobotCommand(\x1b[01;35m\x1b[Kconst duco_msg::srv::RobotControl_Request::SharedPtr request\x1b[m\x1b[K, duco_msg::srv::RobotControl_Response::SharedPtr response)\n'}
[12.894423] (robot_control) StderrLine: {'line': b'      |                                       \x1b[01;35m\x1b[K~~~~~~~~~~~~~~~~~~~~~~~~~~~~~~~~~~~~~~~~~~~~~~~~~~~~~^~~~~~~\x1b[m\x1b[K\n'}
[12.894477] (robot_control) StderrLine: {'line': b'\x1b[01m\x1b[K/home/user/ws_siasun/src/robot_control/src/robot_control.cpp:113:149:\x1b[m\x1b[K \x1b[01;35m\x1b[Kwarning: \x1b[m\x1b[Kunused parameter \xe2\x80\x98\x1b[01m\x1b[Kresponse\x1b[m\x1b[K\xe2\x80\x99 [\x1b[01;35m\x1b[K\x1b]8;;https://gcc.gnu.org/onlinedocs/gcc/Warning-Options.html#index-Wunused-parameter\x07-Wunused-parameter\x1b]8;;\x07\x1b[m\x1b[K]\n'}
[12.894542] (robot_control) StderrLine: {'line': b'  113 | void RobotControl::handleRobotCommand(const duco_msg::srv::RobotControl_Request::SharedPtr request, \x1b[01;35m\x1b[Kduco_msg::srv::RobotControl_Response::SharedPtr response\x1b[m\x1b[K)\n'}
[12.894601] (robot_control) StderrLine: {'line': b'      |                                                                                                     \x1b[01;35m\x1b[K~~~~~~~~~~~~~~~~~~~~~~~~~~~~~~~~~~~~~~~~~~~~~~~~^~~~~~~~\x1b[m\x1b[K\n'}
[12.932979] (-) TimerEvent: {}
[13.033271] (-) TimerEvent: {}
[13.133662] (-) TimerEvent: {}
[13.234046] (-) TimerEvent: {}
[13.334336] (-) TimerEvent: {}
[13.434718] (-) TimerEvent: {}
[13.535086] (-) TimerEvent: {}
[13.635349] (-) TimerEvent: {}
[13.735678] (-) TimerEvent: {}
[13.836054] (-) TimerEvent: {}
[13.936430] (-) TimerEvent: {}
[14.036811] (-) TimerEvent: {}
[14.137108] (-) TimerEvent: {}
[14.237494] (-) TimerEvent: {}
[14.337788] (-) TimerEvent: {}
[14.438043] (-) TimerEvent: {}
[14.538377] (-) TimerEvent: {}
[14.638720] (-) TimerEvent: {}
[14.739045] (-) TimerEvent: {}
[14.839373] (-) TimerEvent: {}
[14.939712] (-) TimerEvent: {}
[15.039993] (-) TimerEvent: {}
[15.140326] (-) TimerEvent: {}
[15.240662] (-) TimerEvent: {}
[15.340944] (-) TimerEvent: {}
[15.441273] (-) TimerEvent: {}
[15.541502] (-) TimerEvent: {}
[15.641749] (-) TimerEvent: {}
[15.742036] (-) TimerEvent: {}
[15.842403] (-) TimerEvent: {}
[15.942778] (-) TimerEvent: {}
[16.043018] (-) TimerEvent: {}
[16.105161] (robot_control) StdoutLine: {'line': b'[100%] \x1b[32m\x1b[1mLinking CXX executable robot_control\x1b[0m\n'}
[16.143146] (-) TimerEvent: {}
[16.243419] (-) TimerEvent: {}
[16.281181] (duco_ros_driver) StdoutLine: {'line': b'[ 92%] \x1b[32m\x1b[1mLinking CXX executable DucoTrajectoryAction\x1b[0m\n'}
[16.343671] (-) TimerEvent: {}
[16.443951] (-) TimerEvent: {}
[16.544276] (-) TimerEvent: {}
[16.644603] (-) TimerEvent: {}
[16.744863] (-) TimerEvent: {}
[16.745417] (duco_ros_driver) StdoutLine: {'line': b'[ 92%] Built target DucoTrajectoryAction\n'}
[16.845067] (-) TimerEvent: {}
[16.945347] (-) TimerEvent: {}
[17.025072] (robot_control) StdoutLine: {'line': b'[100%] Built target robot_control\n'}
[17.032971] (robot_control) CommandEnded: {'returncode': 0}
[17.033530] (robot_control) JobProgress: {'identifier': 'robot_control', 'progress': 'install'}
[17.034044] (robot_control) Command: {'cmd': ['/usr/bin/cmake', '--install', '/home/user/ws_siasun/build/robot_control'], 'cwd': '/home/user/ws_siasun/build/robot_control', 'env': OrderedDict([('PYTHON_BASIC_REPL', '1'), ('LESSOPEN', '| /usr/bin/lesspipe %s'), ('no_proxy', 'localhost,127.0.0.0/8,::1'), ('LANGUAGE', 'zh_CN:zh'), ('USER', 'user'), ('XDG_SESSION_TYPE', 'wayland'), ('SHLVL', '2'), ('LD_LIBRARY_PATH', '/home/user/ws_siasun/install/duco_msg/lib:/opt/ros/humble/opt/rviz_ogre_vendor/lib:/opt/ros/humble/lib/x86_64-linux-gnu:/opt/ros/humble/lib'), ('HOME', '/home/user'), ('CHROME_DESKTOP', 'code.desktop'), ('TERM_PROGRAM_VERSION', '1.98.2'), ('DESKTOP_SESSION', 'ubuntu'), ('NO_PROXY', 'localhost,127.0.0.0/8,::1'), ('ROS_PYTHON_VERSION', '3'), ('GNOME_SHELL_SESSION_MODE', 'ubuntu'), ('GTK_MODULES', 'gail:atk-bridge'), ('DBUS_STARTER_BUS_TYPE', 'session'), ('SYSTEMD_EXEC_PID', '1152'), ('DBUS_SESSION_BUS_ADDRESS', 'unix:path=/run/user/1000/bus,guid=29aa453e04d6fd81a7f888c968edb0a6'), ('COLORTERM', 'truecolor'), ('IM_CONFIG_PHASE', '1'), ('WAYLAND_DISPLAY', 'wayland-0'), ('ROS_DISTRO', 'humble'), ('LOGNAME', 'user'), ('http_proxy', 'http://127.0.0.1:7890/'), ('_', '/usr/bin/colcon'), ('ROS_VERSION', '2'), ('XDG_SESSION_CLASS', 'user'), ('USERNAME', 'user'), ('TERM', 'xterm-256color'), ('GNOME_DESKTOP_SESSION_ID', 'this-is-deprecated'), ('ROS_LOCALHOST_ONLY', '0'), ('PATH', '/opt/ros/humble/bin:/usr/local/sbin:/usr/local/bin:/usr/sbin:/usr/bin:/sbin:/bin:/usr/games:/usr/local/games:/snap/bin:/snap/bin'), ('SESSION_MANAGER', 'local/user-Default-string:@/tmp/.ICE-unix/1152,unix/user-Default-string:/tmp/.ICE-unix/1152'), ('XDG_MENU_PREFIX', 'gnome-'), ('GNOME_TERMINAL_SCREEN', '/org/gnome/Terminal/screen/605294d2_5418_4e5f_b2e7_5a2a21147e6f'), ('GNOME_SETUP_DISPLAY', ':1'), ('XDG_RUNTIME_DIR', '/run/user/1000'), ('GDK_BACKEND', 'x11'), ('DISPLAY', ':0'), ('LANG', 'zh_CN.UTF-8'), ('XDG_CURRENT_DESKTOP', 'Unity'), ('PYTHONSTARTUP', '/home/user/.config/Code/User/workspaceStorage/0e147a0a2fd8792e328fcddb38a40cd9/ms-python.python/pythonrc.py'), ('XMODIFIERS', '@im=ibus'), ('XDG_SESSION_DESKTOP', 'ubuntu'), ('XAUTHORITY', '/run/user/1000/.mutter-Xwaylandauth.ATR2D3'), ('LS_COLORS', 'rs=0:di=01;34:ln=01;36:mh=00:pi=40;33:so=01;35:do=01;35:bd=40;33;01:cd=40;33;01:or=40;31;01:mi=00:su=37;41:sg=30;43:ca=30;41:tw=30;42:ow=34;42:st=37;44:ex=01;32:*.tar=01;31:*.tgz=01;31:*.arc=01;31:*.arj=01;31:*.taz=01;31:*.lha=01;31:*.lz4=01;31:*.lzh=01;31:*.lzma=01;31:*.tlz=01;31:*.txz=01;31:*.tzo=01;31:*.t7z=01;31:*.zip=01;31:*.z=01;31:*.dz=01;31:*.gz=01;31:*.lrz=01;31:*.lz=01;31:*.lzo=01;31:*.xz=01;31:*.zst=01;31:*.tzst=01;31:*.bz2=01;31:*.bz=01;31:*.tbz=01;31:*.tbz2=01;31:*.tz=01;31:*.deb=01;31:*.rpm=01;31:*.jar=01;31:*.war=01;31:*.ear=01;31:*.sar=01;31:*.rar=01;31:*.alz=01;31:*.ace=01;31:*.zoo=01;31:*.cpio=01;31:*.7z=01;31:*.rz=01;31:*.cab=01;31:*.wim=01;31:*.swm=01;31:*.dwm=01;31:*.esd=01;31:*.jpg=01;35:*.jpeg=01;35:*.mjpg=01;35:*.mjpeg=01;35:*.gif=01;35:*.bmp=01;35:*.pbm=01;35:*.pgm=01;35:*.ppm=01;35:*.tga=01;35:*.xbm=01;35:*.xpm=01;35:*.tif=01;35:*.tiff=01;35:*.png=01;35:*.svg=01;35:*.svgz=01;35:*.mng=01;35:*.pcx=01;35:*.mov=01;35:*.mpg=01;35:*.mpeg=01;35:*.m2v=01;35:*.mkv=01;35:*.webm=01;35:*.webp=01;35:*.ogm=01;35:*.mp4=01;35:*.m4v=01;35:*.mp4v=01;35:*.vob=01;35:*.qt=01;35:*.nuv=01;35:*.wmv=01;35:*.asf=01;35:*.rm=01;35:*.rmvb=01;35:*.flc=01;35:*.avi=01;35:*.fli=01;35:*.flv=01;35:*.gl=01;35:*.dl=01;35:*.xcf=01;35:*.xwd=01;35:*.yuv=01;35:*.cgm=01;35:*.emf=01;35:*.ogv=01;35:*.ogx=01;35:*.aac=00;36:*.au=00;36:*.flac=00;36:*.m4a=00;36:*.mid=00;36:*.midi=00;36:*.mka=00;36:*.mp3=00;36:*.mpc=00;36:*.ogg=00;36:*.ra=00;36:*.wav=00;36:*.oga=00;36:*.opus=00;36:*.spx=00;36:*.xspf=00;36:'), ('GNOME_TERMINAL_SERVICE', ':1.131'), ('TERM_PROGRAM', 'vscode'), ('SSH_AGENT_LAUNCHER', 'gnome-keyring'), ('SSH_AUTH_SOCK', '/run/user/1000/keyring/ssh'), ('AMENT_PREFIX_PATH', '/home/user/ws_siasun/install/duco_msg:/opt/ros/humble'), ('ORIGINAL_XDG_CURRENT_DESKTOP', 'ubuntu:GNOME'), ('SHELL', '/bin/bash'), ('QT_ACCESSIBILITY', '1'), ('GDMSESSION', 'ubuntu'), ('LESSCLOSE', '/usr/bin/lesspipe %s %s'), ('QT_IM_MODULE', 'ibus'), ('PWD', '/home/user/ws_siasun/build/robot_control'), ('XDG_CONFIG_DIRS', '/etc/xdg/xdg-ubuntu:/etc/xdg'), ('DBUS_STARTER_ADDRESS', 'unix:path=/run/user/1000/bus,guid=29aa453e04d6fd81a7f888c968edb0a6'), ('XDG_DATA_DIRS', '/usr/share/ubuntu:/usr/local/share/:/usr/share/:/var/lib/snapd/desktop'), ('PYTHONPATH', '/home/user/ws_siasun/install/duco_msg/local/lib/python3.10/dist-packages:/opt/ros/humble/lib/python3.10/site-packages:/opt/ros/humble/local/lib/python3.10/dist-packages'), ('HTTP_PROXY', 'http://127.0.0.1:7890/'), ('COLCON', '1'), ('VTE_VERSION', '6800'), ('CMAKE_PREFIX_PATH', '/home/user/ws_siasun/install/duco_msg:/opt/ros/humble')]), 'shell': False}
[17.040192] (robot_control) StdoutLine: {'line': b'-- Install configuration: ""\n'}
[17.040329] (robot_control) StdoutLine: {'line': b'-- Installing: /home/user/ws_siasun/install/robot_control/lib/robot_control/robot_control\n'}
[17.042949] (robot_control) StdoutLine: {'line': b'-- Set runtime path of "/home/user/ws_siasun/install/robot_control/lib/robot_control/robot_control" to ""\n'}
[17.043096] (robot_control) StdoutLine: {'line': b'-- Installing: /home/user/ws_siasun/install/robot_control/share/robot_control/launch\n'}
[17.043234] (robot_control) StdoutLine: {'line': b'-- Installing: /home/user/ws_siasun/install/robot_control/share/robot_control/launch/demo.launch.py\n'}
[17.043299] (robot_control) StdoutLine: {'line': b'-- Installing: /home/user/ws_siasun/install/robot_control/share/ament_index/resource_index/package_run_dependencies/robot_control\n'}
[17.043357] (robot_control) StdoutLine: {'line': b'-- Installing: /home/user/ws_siasun/install/robot_control/share/ament_index/resource_index/parent_prefix_path/robot_control\n'}
[17.043413] (robot_control) StdoutLine: {'line': b'-- Installing: /home/user/ws_siasun/install/robot_control/share/robot_control/environment/ament_prefix_path.sh\n'}
[17.043469] (robot_control) StdoutLine: {'line': b'-- Installing: /home/user/ws_siasun/install/robot_control/share/robot_control/environment/ament_prefix_path.dsv\n'}
[17.043541] (robot_control) StdoutLine: {'line': b'-- Installing: /home/user/ws_siasun/install/robot_control/share/robot_control/environment/path.sh\n'}
[17.043647] (robot_control) StdoutLine: {'line': b'-- Installing: /home/user/ws_siasun/install/robot_control/share/robot_control/environment/path.dsv\n'}
[17.043858] (robot_control) StdoutLine: {'line': b'-- Installing: /home/user/ws_siasun/install/robot_control/share/robot_control/local_setup.bash\n'}
[17.043908] (robot_control) StdoutLine: {'line': b'-- Installing: /home/user/ws_siasun/install/robot_control/share/robot_control/local_setup.sh\n'}
[17.043936] (robot_control) StdoutLine: {'line': b'-- Installing: /home/user/ws_siasun/install/robot_control/share/robot_control/local_setup.zsh\n'}
[17.043962] (robot_control) StdoutLine: {'line': b'-- Installing: /home/user/ws_siasun/install/robot_control/share/robot_control/local_setup.dsv\n'}
[17.043987] (robot_control) StdoutLine: {'line': b'-- Installing: /home/user/ws_siasun/install/robot_control/share/robot_control/package.dsv\n'}
[17.044012] (robot_control) StdoutLine: {'line': b'-- Installing: /home/user/ws_siasun/install/robot_control/share/ament_index/resource_index/packages/robot_control\n'}
[17.044038] (robot_control) StdoutLine: {'line': b'-- Installing: /home/user/ws_siasun/install/robot_control/share/robot_control/cmake/robot_controlConfig.cmake\n'}
[17.044064] (robot_control) StdoutLine: {'line': b'-- Installing: /home/user/ws_siasun/install/robot_control/share/robot_control/cmake/robot_controlConfig-version.cmake\n'}
[17.044089] (robot_control) StdoutLine: {'line': b'-- Installing: /home/user/ws_siasun/install/robot_control/share/robot_control/package.xml\n'}
[17.045332] (robot_control) CommandEnded: {'returncode': 0}
[17.045842] (-) TimerEvent: {}
[17.054209] (robot_control) JobEnded: {'identifier': 'robot_control', 'rc': 0}
[17.145940] (-) TimerEvent: {}
[17.246267] (-) TimerEvent: {}
[17.346623] (-) TimerEvent: {}
[17.446959] (-) TimerEvent: {}
[17.547215] (-) TimerEvent: {}
[17.647554] (-) TimerEvent: {}
[17.747908] (-) TimerEvent: {}
[17.848126] (-) TimerEvent: {}
[17.849822] (duco_ros_driver) StdoutLine: {'line': b'[100%] \x1b[32m\x1b[1mLinking CXX executable DucoDriver\x1b[0m\n'}
[17.948313] (-) TimerEvent: {}
[18.048568] (-) TimerEvent: {}
[18.148923] (-) TimerEvent: {}
[18.249236] (-) TimerEvent: {}
[18.349445] (-) TimerEvent: {}
[18.449745] (-) TimerEvent: {}
[18.528910] (duco_ros_driver) StdoutLine: {'line': b'[100%] Built target DucoDriver\n'}
[18.535102] (duco_ros_driver) CommandEnded: {'returncode': 0}
[18.535789] (duco_ros_driver) JobProgress: {'identifier': 'duco_ros_driver', 'progress': 'install'}
[18.535993] (duco_ros_driver) Command: {'cmd': ['/usr/bin/cmake', '--install', '/home/user/ws_siasun/build/duco_ros_driver'], 'cwd': '/home/user/ws_siasun/build/duco_ros_driver', 'env': OrderedDict([('PYTHON_BASIC_REPL', '1'), ('LESSOPEN', '| /usr/bin/lesspipe %s'), ('no_proxy', 'localhost,127.0.0.0/8,::1'), ('LANGUAGE', 'zh_CN:zh'), ('USER', 'user'), ('XDG_SESSION_TYPE', 'wayland'), ('SHLVL', '2'), ('LD_LIBRARY_PATH', '/home/user/ws_siasun/install/duco_msg/lib:/opt/ros/humble/opt/rviz_ogre_vendor/lib:/opt/ros/humble/lib/x86_64-linux-gnu:/opt/ros/humble/lib'), ('HOME', '/home/user'), ('CHROME_DESKTOP', 'code.desktop'), ('TERM_PROGRAM_VERSION', '1.98.2'), ('DESKTOP_SESSION', 'ubuntu'), ('NO_PROXY', 'localhost,127.0.0.0/8,::1'), ('ROS_PYTHON_VERSION', '3'), ('GNOME_SHELL_SESSION_MODE', 'ubuntu'), ('GTK_MODULES', 'gail:atk-bridge'), ('DBUS_STARTER_BUS_TYPE', 'session'), ('SYSTEMD_EXEC_PID', '1152'), ('DBUS_SESSION_BUS_ADDRESS', 'unix:path=/run/user/1000/bus,guid=29aa453e04d6fd81a7f888c968edb0a6'), ('COLORTERM', 'truecolor'), ('IM_CONFIG_PHASE', '1'), ('WAYLAND_DISPLAY', 'wayland-0'), ('ROS_DISTRO', 'humble'), ('LOGNAME', 'user'), ('http_proxy', 'http://127.0.0.1:7890/'), ('_', '/usr/bin/colcon'), ('ROS_VERSION', '2'), ('XDG_SESSION_CLASS', 'user'), ('USERNAME', 'user'), ('TERM', 'xterm-256color'), ('GNOME_DESKTOP_SESSION_ID', 'this-is-deprecated'), ('ROS_LOCALHOST_ONLY', '0'), ('PATH', '/opt/ros/humble/bin:/usr/local/sbin:/usr/local/bin:/usr/sbin:/usr/bin:/sbin:/bin:/usr/games:/usr/local/games:/snap/bin:/snap/bin'), ('SESSION_MANAGER', 'local/user-Default-string:@/tmp/.ICE-unix/1152,unix/user-Default-string:/tmp/.ICE-unix/1152'), ('XDG_MENU_PREFIX', 'gnome-'), ('GNOME_TERMINAL_SCREEN', '/org/gnome/Terminal/screen/605294d2_5418_4e5f_b2e7_5a2a21147e6f'), ('GNOME_SETUP_DISPLAY', ':1'), ('XDG_RUNTIME_DIR', '/run/user/1000'), ('GDK_BACKEND', 'x11'), ('DISPLAY', ':0'), ('LANG', 'zh_CN.UTF-8'), ('XDG_CURRENT_DESKTOP', 'Unity'), ('PYTHONSTARTUP', '/home/user/.config/Code/User/workspaceStorage/0e147a0a2fd8792e328fcddb38a40cd9/ms-python.python/pythonrc.py'), ('XMODIFIERS', '@im=ibus'), ('XDG_SESSION_DESKTOP', 'ubuntu'), ('XAUTHORITY', '/run/user/1000/.mutter-Xwaylandauth.ATR2D3'), ('LS_COLORS', 'rs=0:di=01;34:ln=01;36:mh=00:pi=40;33:so=01;35:do=01;35:bd=40;33;01:cd=40;33;01:or=40;31;01:mi=00:su=37;41:sg=30;43:ca=30;41:tw=30;42:ow=34;42:st=37;44:ex=01;32:*.tar=01;31:*.tgz=01;31:*.arc=01;31:*.arj=01;31:*.taz=01;31:*.lha=01;31:*.lz4=01;31:*.lzh=01;31:*.lzma=01;31:*.tlz=01;31:*.txz=01;31:*.tzo=01;31:*.t7z=01;31:*.zip=01;31:*.z=01;31:*.dz=01;31:*.gz=01;31:*.lrz=01;31:*.lz=01;31:*.lzo=01;31:*.xz=01;31:*.zst=01;31:*.tzst=01;31:*.bz2=01;31:*.bz=01;31:*.tbz=01;31:*.tbz2=01;31:*.tz=01;31:*.deb=01;31:*.rpm=01;31:*.jar=01;31:*.war=01;31:*.ear=01;31:*.sar=01;31:*.rar=01;31:*.alz=01;31:*.ace=01;31:*.zoo=01;31:*.cpio=01;31:*.7z=01;31:*.rz=01;31:*.cab=01;31:*.wim=01;31:*.swm=01;31:*.dwm=01;31:*.esd=01;31:*.jpg=01;35:*.jpeg=01;35:*.mjpg=01;35:*.mjpeg=01;35:*.gif=01;35:*.bmp=01;35:*.pbm=01;35:*.pgm=01;35:*.ppm=01;35:*.tga=01;35:*.xbm=01;35:*.xpm=01;35:*.tif=01;35:*.tiff=01;35:*.png=01;35:*.svg=01;35:*.svgz=01;35:*.mng=01;35:*.pcx=01;35:*.mov=01;35:*.mpg=01;35:*.mpeg=01;35:*.m2v=01;35:*.mkv=01;35:*.webm=01;35:*.webp=01;35:*.ogm=01;35:*.mp4=01;35:*.m4v=01;35:*.mp4v=01;35:*.vob=01;35:*.qt=01;35:*.nuv=01;35:*.wmv=01;35:*.asf=01;35:*.rm=01;35:*.rmvb=01;35:*.flc=01;35:*.avi=01;35:*.fli=01;35:*.flv=01;35:*.gl=01;35:*.dl=01;35:*.xcf=01;35:*.xwd=01;35:*.yuv=01;35:*.cgm=01;35:*.emf=01;35:*.ogv=01;35:*.ogx=01;35:*.aac=00;36:*.au=00;36:*.flac=00;36:*.m4a=00;36:*.mid=00;36:*.midi=00;36:*.mka=00;36:*.mp3=00;36:*.mpc=00;36:*.ogg=00;36:*.ra=00;36:*.wav=00;36:*.oga=00;36:*.opus=00;36:*.spx=00;36:*.xspf=00;36:'), ('GNOME_TERMINAL_SERVICE', ':1.131'), ('TERM_PROGRAM', 'vscode'), ('SSH_AGENT_LAUNCHER', 'gnome-keyring'), ('SSH_AUTH_SOCK', '/run/user/1000/keyring/ssh'), ('AMENT_PREFIX_PATH', '/home/user/ws_siasun/install/duco_arms:/home/user/ws_siasun/install/duco_support:/home/user/ws_siasun/install/duco_msg:/opt/ros/humble'), ('ORIGINAL_XDG_CURRENT_DESKTOP', 'ubuntu:GNOME'), ('SHELL', '/bin/bash'), ('QT_ACCESSIBILITY', '1'), ('GDMSESSION', 'ubuntu'), ('LESSCLOSE', '/usr/bin/lesspipe %s %s'), ('QT_IM_MODULE', 'ibus'), ('PWD', '/home/user/ws_siasun/build/duco_ros_driver'), ('XDG_CONFIG_DIRS', '/etc/xdg/xdg-ubuntu:/etc/xdg'), ('DBUS_STARTER_ADDRESS', 'unix:path=/run/user/1000/bus,guid=29aa453e04d6fd81a7f888c968edb0a6'), ('XDG_DATA_DIRS', '/usr/share/ubuntu:/usr/local/share/:/usr/share/:/var/lib/snapd/desktop'), ('PYTHONPATH', '/home/user/ws_siasun/install/duco_msg/local/lib/python3.10/dist-packages:/opt/ros/humble/lib/python3.10/site-packages:/opt/ros/humble/local/lib/python3.10/dist-packages'), ('HTTP_PROXY', 'http://127.0.0.1:7890/'), ('COLCON', '1'), ('VTE_VERSION', '6800'), ('CMAKE_PREFIX_PATH', '/home/user/ws_siasun/install/duco_arms:/home/user/ws_siasun/install/duco_support:/home/user/ws_siasun/install/duco_msg:/opt/ros/humble')]), 'shell': False}
[18.541456] (duco_ros_driver) StdoutLine: {'line': b'-- Install configuration: ""\n'}
[18.541546] (duco_ros_driver) StdoutLine: {'line': b'-- Installing: /home/user/ws_siasun/install/duco_ros_driver/include/duco_ros_driver/\n'}
[18.541581] (duco_ros_driver) StdoutLine: {'line': b'-- Installing: /home/user/ws_siasun/install/duco_ros_driver/include/duco_ros_driver//joint_relay_handler.h\n'}
[18.541659] (duco_ros_driver) StdoutLine: {'line': b'-- Installing: /home/user/ws_siasun/install/duco_ros_driver/include/duco_ros_driver//DucoCobot.h\n'}
[18.541713] (duco_ros_driver) StdoutLine: {'line': b'-- Installing: /home/user/ws_siasun/install/duco_ros_driver/include/duco_ros_driver//DucoDriver.h\n'}
[18.541742] (duco_ros_driver) StdoutLine: {'line': b'-- Installing: /home/user/ws_siasun/install/duco_ros_driver/include/duco_ros_driver//RobotNode.h\n'}
[18.541789] (duco_ros_driver) StdoutLine: {'line': b'-- Installing: /home/user/ws_siasun/install/duco_ros_driver/include/duco_ros_driver//utils_.h\n'}
[18.541821] (duco_ros_driver) StdoutLine: {'line': b'-- Installing: /home/user/ws_siasun/install/duco_ros_driver/include/duco_ros_driver//param_utils.h\n'}
[18.541853] (duco_ros_driver) StdoutLine: {'line': b'-- Installing: /home/user/ws_siasun/install/duco_ros_driver/include/duco_ros_driver//utils.h\n'}
[18.541876] (duco_ros_driver) StdoutLine: {'line': b'-- Installing: /home/user/ws_siasun/install/duco_ros_driver/include/duco_ros_driver//DucoRobotControl.h\n'}
[18.541903] (duco_ros_driver) StdoutLine: {'line': b'-- Installing: /home/user/ws_siasun/install/duco_ros_driver/include/duco_ros_driver//DucoRobotStatus.h\n'}
[18.541940] (duco_ros_driver) StdoutLine: {'line': b'-- Installing: /home/user/ws_siasun/install/duco_ros_driver/include/duco_ros_driver//DucoTrajectoryAction.h\n'}
[18.541980] (duco_ros_driver) StdoutLine: {'line': b'-- Installing: /home/user/ws_siasun/install/duco_ros_driver/lib/duco_ros_driver/DucoDriver\n'}
[18.548246] (duco_ros_driver) StdoutLine: {'line': b'-- Set runtime path of "/home/user/ws_siasun/install/duco_ros_driver/lib/duco_ros_driver/DucoDriver" to ""\n'}
[18.548335] (duco_ros_driver) StdoutLine: {'line': b'-- Installing: /home/user/ws_siasun/install/duco_ros_driver/lib/duco_ros_driver/DucoRobotStatus\n'}
[18.549794] (-) TimerEvent: {}
[18.551189] (duco_ros_driver) StdoutLine: {'line': b'-- Set runtime path of "/home/user/ws_siasun/install/duco_ros_driver/lib/duco_ros_driver/DucoRobotStatus" to ""\n'}
[18.551231] (duco_ros_driver) StdoutLine: {'line': b'-- Installing: /home/user/ws_siasun/install/duco_ros_driver/lib/duco_ros_driver/DucoTrajectoryAction\n'}
[18.553980] (duco_ros_driver) StdoutLine: {'line': b'-- Set runtime path of "/home/user/ws_siasun/install/duco_ros_driver/lib/duco_ros_driver/DucoTrajectoryAction" to ""\n'}
[18.554013] (duco_ros_driver) StdoutLine: {'line': b'-- Installing: /home/user/ws_siasun/install/duco_ros_driver/lib/duco_ros_driver/DucoRobotControl\n'}
[18.556906] (duco_ros_driver) StdoutLine: {'line': b'-- Set runtime path of "/home/user/ws_siasun/install/duco_ros_driver/lib/duco_ros_driver/DucoRobotControl" to ""\n'}
[18.557066] (duco_ros_driver) StdoutLine: {'line': b'-- Installing: /home/user/ws_siasun/install/duco_ros_driver/share/ament_index/resource_index/package_run_dependencies/duco_ros_driver\n'}
[18.557144] (duco_ros_driver) StdoutLine: {'line': b'-- Installing: /home/user/ws_siasun/install/duco_ros_driver/share/ament_index/resource_index/parent_prefix_path/duco_ros_driver\n'}
[18.557203] (duco_ros_driver) StdoutLine: {'line': b'-- Installing: /home/user/ws_siasun/install/duco_ros_driver/share/duco_ros_driver/environment/ament_prefix_path.sh\n'}
[18.557261] (duco_ros_driver) StdoutLine: {'line': b'-- Installing: /home/user/ws_siasun/install/duco_ros_driver/share/duco_ros_driver/environment/ament_prefix_path.dsv\n'}
[18.557344] (duco_ros_driver) StdoutLine: {'line': b'-- Installing: /home/user/ws_siasun/install/duco_ros_driver/share/duco_ros_driver/environment/path.sh\n'}
[18.557403] (duco_ros_driver) StdoutLine: {'line': b'-- Installing: /home/user/ws_siasun/install/duco_ros_driver/share/duco_ros_driver/environment/path.dsv\n'}
[18.557460] (duco_ros_driver) StdoutLine: {'line': b'-- Installing: /home/user/ws_siasun/install/duco_ros_driver/share/duco_ros_driver/local_setup.bash\n'}
[18.557516] (duco_ros_driver) StdoutLine: {'line': b'-- Installing: /home/user/ws_siasun/install/duco_ros_driver/share/duco_ros_driver/local_setup.sh\n'}
[18.557573] (duco_ros_driver) StdoutLine: {'line': b'-- Installing: /home/user/ws_siasun/install/duco_ros_driver/share/duco_ros_driver/local_setup.zsh\n'}
[18.557672] (duco_ros_driver) StdoutLine: {'line': b'-- Installing: /home/user/ws_siasun/install/duco_ros_driver/share/duco_ros_driver/local_setup.dsv\n'}
[18.557735] (duco_ros_driver) StdoutLine: {'line': b'-- Installing: /home/user/ws_siasun/install/duco_ros_driver/share/duco_ros_driver/package.dsv\n'}
[18.557804] (duco_ros_driver) StdoutLine: {'line': b'-- Installing: /home/user/ws_siasun/install/duco_ros_driver/share/ament_index/resource_index/packages/duco_ros_driver\n'}
[18.557857] (duco_ros_driver) StdoutLine: {'line': b'-- Installing: /home/user/ws_siasun/install/duco_ros_driver/share/duco_ros_driver/cmake/ament_cmake_export_include_directories-extras.cmake\n'}
[18.557909] (duco_ros_driver) StdoutLine: {'line': b'-- Installing: /home/user/ws_siasun/install/duco_ros_driver/share/duco_ros_driver/cmake/ament_cmake_export_dependencies-extras.cmake\n'}
[18.557962] (duco_ros_driver) StdoutLine: {'line': b'-- Installing: /home/user/ws_siasun/install/duco_ros_driver/share/duco_ros_driver/cmake/duco_ros_driverConfig.cmake\n'}
[18.558014] (duco_ros_driver) StdoutLine: {'line': b'-- Installing: /home/user/ws_siasun/install/duco_ros_driver/share/duco_ros_driver/cmake/duco_ros_driverConfig-version.cmake\n'}
[18.558066] (duco_ros_driver) StdoutLine: {'line': b'-- Installing: /home/user/ws_siasun/install/duco_ros_driver/share/duco_ros_driver/package.xml\n'}
[18.559291] (duco_ros_driver) CommandEnded: {'returncode': 0}
[18.566048] (duco_ros_driver) JobEnded: {'identifier': 'duco_ros_driver', 'rc': 0}
[18.566885] (aivt) JobStarted: {'identifier': 'aivt'}
[18.574692] (aivt) JobProgress: {'identifier': 'aivt', 'progress': 'cmake'}
[18.575195] (aivt) Command: {'cmd': ['/usr/bin/cmake', '/home/user/ws_siasun/src/aivt', '-DCMAKE_INSTALL_PREFIX=/home/user/ws_siasun/install/aivt'], 'cwd': '/home/user/ws_siasun/build/aivt', 'env': OrderedDict([('PYTHON_BASIC_REPL', '1'), ('LESSOPEN', '| /usr/bin/lesspipe %s'), ('no_proxy', 'localhost,127.0.0.0/8,::1'), ('LANGUAGE', 'zh_CN:zh'), ('USER', 'user'), ('XDG_SESSION_TYPE', 'wayland'), ('SHLVL', '2'), ('LD_LIBRARY_PATH', '/home/user/ws_siasun/install/duco_msg/lib:/home/user/ws_siasun/install/aivt_interfaces/lib:/opt/ros/humble/opt/rviz_ogre_vendor/lib:/opt/ros/humble/lib/x86_64-linux-gnu:/opt/ros/humble/lib'), ('HOME', '/home/user'), ('CHROME_DESKTOP', 'code.desktop'), ('TERM_PROGRAM_VERSION', '1.98.2'), ('DESKTOP_SESSION', 'ubuntu'), ('NO_PROXY', 'localhost,127.0.0.0/8,::1'), ('ROS_PYTHON_VERSION', '3'), ('GNOME_SHELL_SESSION_MODE', 'ubuntu'), ('GTK_MODULES', 'gail:atk-bridge'), ('DBUS_STARTER_BUS_TYPE', 'session'), ('SYSTEMD_EXEC_PID', '1152'), ('DBUS_SESSION_BUS_ADDRESS', 'unix:path=/run/user/1000/bus,guid=29aa453e04d6fd81a7f888c968edb0a6'), ('COLORTERM', 'truecolor'), ('IM_CONFIG_PHASE', '1'), ('WAYLAND_DISPLAY', 'wayland-0'), ('ROS_DISTRO', 'humble'), ('LOGNAME', 'user'), ('http_proxy', 'http://127.0.0.1:7890/'), ('_', '/usr/bin/colcon'), ('ROS_VERSION', '2'), ('XDG_SESSION_CLASS', 'user'), ('USERNAME', 'user'), ('TERM', 'xterm-256color'), ('GNOME_DESKTOP_SESSION_ID', 'this-is-deprecated'), ('ROS_LOCALHOST_ONLY', '0'), ('PATH', '/opt/ros/humble/bin:/usr/local/sbin:/usr/local/bin:/usr/sbin:/usr/bin:/sbin:/bin:/usr/games:/usr/local/games:/snap/bin:/snap/bin'), ('SESSION_MANAGER', 'local/user-Default-string:@/tmp/.ICE-unix/1152,unix/user-Default-string:/tmp/.ICE-unix/1152'), ('XDG_MENU_PREFIX', 'gnome-'), ('GNOME_TERMINAL_SCREEN', '/org/gnome/Terminal/screen/605294d2_5418_4e5f_b2e7_5a2a21147e6f'), ('GNOME_SETUP_DISPLAY', ':1'), ('XDG_RUNTIME_DIR', '/run/user/1000'), ('GDK_BACKEND', 'x11'), ('DISPLAY', ':0'), ('LANG', 'zh_CN.UTF-8'), ('XDG_CURRENT_DESKTOP', 'Unity'), ('PYTHONSTARTUP', '/home/user/.config/Code/User/workspaceStorage/0e147a0a2fd8792e328fcddb38a40cd9/ms-python.python/pythonrc.py'), ('XMODIFIERS', '@im=ibus'), ('XDG_SESSION_DESKTOP', 'ubuntu'), ('XAUTHORITY', '/run/user/1000/.mutter-Xwaylandauth.ATR2D3'), ('LS_COLORS', 'rs=0:di=01;34:ln=01;36:mh=00:pi=40;33:so=01;35:do=01;35:bd=40;33;01:cd=40;33;01:or=40;31;01:mi=00:su=37;41:sg=30;43:ca=30;41:tw=30;42:ow=34;42:st=37;44:ex=01;32:*.tar=01;31:*.tgz=01;31:*.arc=01;31:*.arj=01;31:*.taz=01;31:*.lha=01;31:*.lz4=01;31:*.lzh=01;31:*.lzma=01;31:*.tlz=01;31:*.txz=01;31:*.tzo=01;31:*.t7z=01;31:*.zip=01;31:*.z=01;31:*.dz=01;31:*.gz=01;31:*.lrz=01;31:*.lz=01;31:*.lzo=01;31:*.xz=01;31:*.zst=01;31:*.tzst=01;31:*.bz2=01;31:*.bz=01;31:*.tbz=01;31:*.tbz2=01;31:*.tz=01;31:*.deb=01;31:*.rpm=01;31:*.jar=01;31:*.war=01;31:*.ear=01;31:*.sar=01;31:*.rar=01;31:*.alz=01;31:*.ace=01;31:*.zoo=01;31:*.cpio=01;31:*.7z=01;31:*.rz=01;31:*.cab=01;31:*.wim=01;31:*.swm=01;31:*.dwm=01;31:*.esd=01;31:*.jpg=01;35:*.jpeg=01;35:*.mjpg=01;35:*.mjpeg=01;35:*.gif=01;35:*.bmp=01;35:*.pbm=01;35:*.pgm=01;35:*.ppm=01;35:*.tga=01;35:*.xbm=01;35:*.xpm=01;35:*.tif=01;35:*.tiff=01;35:*.png=01;35:*.svg=01;35:*.svgz=01;35:*.mng=01;35:*.pcx=01;35:*.mov=01;35:*.mpg=01;35:*.mpeg=01;35:*.m2v=01;35:*.mkv=01;35:*.webm=01;35:*.webp=01;35:*.ogm=01;35:*.mp4=01;35:*.m4v=01;35:*.mp4v=01;35:*.vob=01;35:*.qt=01;35:*.nuv=01;35:*.wmv=01;35:*.asf=01;35:*.rm=01;35:*.rmvb=01;35:*.flc=01;35:*.avi=01;35:*.fli=01;35:*.flv=01;35:*.gl=01;35:*.dl=01;35:*.xcf=01;35:*.xwd=01;35:*.yuv=01;35:*.cgm=01;35:*.emf=01;35:*.ogv=01;35:*.ogx=01;35:*.aac=00;36:*.au=00;36:*.flac=00;36:*.m4a=00;36:*.mid=00;36:*.midi=00;36:*.mka=00;36:*.mp3=00;36:*.mpc=00;36:*.ogg=00;36:*.ra=00;36:*.wav=00;36:*.oga=00;36:*.opus=00;36:*.spx=00;36:*.xspf=00;36:'), ('GNOME_TERMINAL_SERVICE', ':1.131'), ('TERM_PROGRAM', 'vscode'), ('SSH_AGENT_LAUNCHER', 'gnome-keyring'), ('SSH_AUTH_SOCK', '/run/user/1000/keyring/ssh'), ('AMENT_PREFIX_PATH', '/home/user/ws_siasun/install/duco_ros_driver:/home/user/ws_siasun/install/duco_arms:/home/user/ws_siasun/install/duco_support:/home/user/ws_siasun/install/duco_msg:/home/user/ws_siasun/install/aivt_interfaces:/opt/ros/humble'), ('ORIGINAL_XDG_CURRENT_DESKTOP', 'ubuntu:GNOME'), ('SHELL', '/bin/bash'), ('QT_ACCESSIBILITY', '1'), ('GDMSESSION', 'ubuntu'), ('LESSCLOSE', '/usr/bin/lesspipe %s %s'), ('QT_IM_MODULE', 'ibus'), ('PWD', '/home/user/ws_siasun/build/aivt'), ('XDG_CONFIG_DIRS', '/etc/xdg/xdg-ubuntu:/etc/xdg'), ('DBUS_STARTER_ADDRESS', 'unix:path=/run/user/1000/bus,guid=29aa453e04d6fd81a7f888c968edb0a6'), ('XDG_DATA_DIRS', '/usr/share/ubuntu:/usr/local/share/:/usr/share/:/var/lib/snapd/desktop'), ('PYTHONPATH', '/home/user/ws_siasun/install/duco_msg/local/lib/python3.10/dist-packages:/home/user/ws_siasun/install/aivt_interfaces/local/lib/python3.10/dist-packages:/opt/ros/humble/lib/python3.10/site-packages:/opt/ros/humble/local/lib/python3.10/dist-packages'), ('HTTP_PROXY', 'http://127.0.0.1:7890/'), ('COLCON', '1'), ('VTE_VERSION', '6800'), ('CMAKE_PREFIX_PATH', '/home/user/ws_siasun/install/duco_ros_driver:/home/user/ws_siasun/install/duco_arms:/home/user/ws_siasun/install/duco_support:/home/user/ws_siasun/install/duco_msg:/home/user/ws_siasun/install/aivt_interfaces:/opt/ros/humble')]), 'shell': False}
[18.619608] (aivt) StdoutLine: {'line': b'-- The C compiler identification is GNU 11.4.0\n'}
[18.649916] (-) TimerEvent: {}
[18.656735] (aivt) StdoutLine: {'line': b'-- The CXX compiler identification is GNU 11.4.0\n'}
[18.661376] (aivt) StdoutLine: {'line': b'-- Detecting C compiler ABI info\n'}
[18.716808] (aivt) StdoutLine: {'line': b'-- Detecting C compiler ABI info - done\n'}
[18.723690] (aivt) StdoutLine: {'line': b'-- Check for working C compiler: /usr/bin/cc - skipped\n'}
[18.723840] (aivt) StdoutLine: {'line': b'-- Detecting C compile features\n'}
[18.723992] (aivt) StdoutLine: {'line': b'-- Detecting C compile features - done\n'}
[18.725774] (aivt) StdoutLine: {'line': b'-- Detecting CXX compiler ABI info\n'}
[18.750043] (-) TimerEvent: {}
[18.777922] (aivt) StdoutLine: {'line': b'-- Detecting CXX compiler ABI info - done\n'}
[18.781995] (aivt) StdoutLine: {'line': b'-- Check for working CXX compiler: /usr/bin/c++ - skipped\n'}
[18.782163] (aivt) StdoutLine: {'line': b'-- Detecting CXX compile features\n'}
[18.782365] (aivt) StdoutLine: {'line': b'-- Detecting CXX compile features - done\n'}
[18.783771] (aivt) StdoutLine: {'line': b'-- Found ament_cmake: 1.3.11 (/opt/ros/humble/share/ament_cmake/cmake)\n'}
[18.850244] (-) TimerEvent: {}
[18.884871] (aivt) StdoutLine: {'line': b'-- Found Python3: /usr/bin/python3 (found version "3.10.12") found components: Interpreter \n'}
[18.938503] (aivt) StdoutLine: {'line': b'-- Found rclcpp: 16.0.11 (/opt/ros/humble/share/rclcpp/cmake)\n'}
[18.950466] (-) TimerEvent: {}
[18.963789] (aivt) StdoutLine: {'line': b'-- Found rosidl_generator_c: 3.1.6 (/opt/ros/humble/share/rosidl_generator_c/cmake)\n'}
[18.966571] (aivt) StdoutLine: {'line': b'-- Found rosidl_adapter: 3.1.6 (/opt/ros/humble/share/rosidl_adapter/cmake)\n'}
[18.971060] (aivt) StdoutLine: {'line': b'-- Found rosidl_generator_cpp: 3.1.6 (/opt/ros/humble/share/rosidl_generator_cpp/cmake)\n'}
[18.977611] (aivt) StdoutLine: {'line': b'-- Using all available rosidl_typesupport_c: rosidl_typesupport_fastrtps_c;rosidl_typesupport_introspection_c\n'}
[18.986431] (aivt) StdoutLine: {'line': b'-- Using all available rosidl_typesupport_cpp: rosidl_typesupport_fastrtps_cpp;rosidl_typesupport_introspection_cpp\n'}
[19.010077] (aivt) StdoutLine: {'line': b'-- Found rmw_implementation_cmake: 6.1.2 (/opt/ros/humble/share/rmw_implementation_cmake/cmake)\n'}
[19.011511] (aivt) StdoutLine: {'line': b'-- Found rmw_fastrtps_cpp: 6.2.7 (/opt/ros/humble/share/rmw_fastrtps_cpp/cmake)\n'}
[19.050662] (-) TimerEvent: {}
[19.070192] (aivt) StdoutLine: {'line': b'-- Found OpenSSL: /usr/lib/x86_64-linux-gnu/libcrypto.so (found version "3.0.2")  \n'}
[19.091878] (aivt) StdoutLine: {'line': b'-- Found FastRTPS: /opt/ros/humble/include  \n'}
[19.116858] (aivt) StdoutLine: {'line': b"-- Using RMW implementation 'rmw_fastrtps_cpp' as default\n"}
[19.121732] (aivt) StdoutLine: {'line': b'-- Looking for pthread.h\n'}
[19.150815] (-) TimerEvent: {}
[19.176284] (aivt) StdoutLine: {'line': b'-- Looking for pthread.h - found\n'}
[19.176755] (aivt) StdoutLine: {'line': b'-- Performing Test CMAKE_HAVE_LIBC_PTHREAD\n'}
[19.234868] (aivt) StdoutLine: {'line': b'-- Performing Test CMAKE_HAVE_LIBC_PTHREAD - Success\n'}
[19.235678] (aivt) StdoutLine: {'line': b'-- Found Threads: TRUE  \n'}
[19.250946] (-) TimerEvent: {}
[19.268263] (aivt) StdoutLine: {'line': b'-- Found sensor_msgs: 4.2.4 (/opt/ros/humble/share/sensor_msgs/cmake)\n'}
[19.285142] (aivt) StdoutLine: {'line': b'-- Found duco_msg: 0.0.0 (/home/user/ws_siasun/install/duco_msg/share/duco_msg/cmake)\n'}
[19.293789] (aivt) StdoutLine: {'line': b'-- Found aivt_interfaces: 0.0.0 (/home/user/ws_siasun/install/aivt_interfaces/share/aivt_interfaces/cmake)\n'}
[19.305251] (aivt) StdoutLine: {'line': b'-- Found OpenCV: /usr (found version "4.5.4") \n'}
[19.306344] (aivt) StdoutLine: {'line': b'-- Found cv_bridge: 3.2.1 (/opt/ros/humble/share/cv_bridge/cmake)\n'}
[19.309055] (aivt) StdoutLine: {'line': b'-- Found tf2_ros: 0.25.12 (/opt/ros/humble/share/tf2_ros/cmake)\n'}
[19.351077] (-) TimerEvent: {}
[19.372714] (aivt) StdoutLine: {'line': b'-- Found tf2_geometry_msgs: 0.25.12 (/opt/ros/humble/share/tf2_geometry_msgs/cmake)\n'}
[19.379819] (aivt) StdoutLine: {'line': b'-- Found eigen3_cmake_module: 0.1.1 (/opt/ros/humble/share/eigen3_cmake_module/cmake)\n'}
[19.380640] (aivt) StdoutLine: {'line': b'-- Found Eigen3: TRUE (found version "3.4.0") \n'}
[19.380712] (aivt) StdoutLine: {'line': b'-- Ensuring Eigen3 include directory is part of orocos-kdl CMake target\n'}
[19.383720] (aivt) StdoutLine: {'line': b'-- Found duco_ros_driver: 0.0.0 (/home/user/ws_siasun/install/duco_ros_driver/share/duco_ros_driver/cmake)\n'}
[19.391739] (aivt) StdoutLine: {'line': b'-- Found ament_lint_auto: 0.12.11 (/opt/ros/humble/share/ament_lint_auto/cmake)\n'}
[19.438216] (aivt) StdoutLine: {'line': b"-- Added test 'cppcheck' to perform static code analysis on C / C++ code\n"}
[19.438533] (aivt) StdoutLine: {'line': b'-- Configured cppcheck include dirs: \n'}
[19.438577] (aivt) StdoutLine: {'line': b'-- Configured cppcheck exclude dirs and/or files: \n'}
[19.438897] (aivt) StdoutLine: {'line': b"-- Added test 'flake8' to check Python code syntax and style conventions\n"}
[19.439381] (aivt) StdoutLine: {'line': b"-- Added test 'lint_cmake' to check CMake code style\n"}
[19.439507] (aivt) StdoutLine: {'line': b"-- Added test 'pep257' to check Python code against some of the docstring style conventions in PEP 257\n"}
[19.440308] (aivt) StdoutLine: {'line': b"-- Added test 'uncrustify' to check C / C++ code style\n"}
[19.440370] (aivt) StdoutLine: {'line': b'-- Configured uncrustify additional arguments: \n'}
[19.440598] (aivt) StdoutLine: {'line': b"-- Added test 'xmllint' to check XML markup files\n"}
[19.441296] (aivt) StdoutLine: {'line': b'-- Configuring done\n'}
[19.451234] (-) TimerEvent: {}
[19.461570] (aivt) StdoutLine: {'line': b'-- Generating done\n'}
[19.469381] (aivt) StdoutLine: {'line': b'-- Build files have been written to: /home/user/ws_siasun/build/aivt\n'}
[19.476601] (aivt) CommandEnded: {'returncode': 0}
[19.477018] (aivt) JobProgress: {'identifier': 'aivt', 'progress': 'build'}
[19.477192] (aivt) Command: {'cmd': ['/usr/bin/cmake', '--build', '/home/user/ws_siasun/build/aivt', '--', '-j16', '-l16'], 'cwd': '/home/user/ws_siasun/build/aivt', 'env': OrderedDict([('PYTHON_BASIC_REPL', '1'), ('LESSOPEN', '| /usr/bin/lesspipe %s'), ('no_proxy', 'localhost,127.0.0.0/8,::1'), ('LANGUAGE', 'zh_CN:zh'), ('USER', 'user'), ('XDG_SESSION_TYPE', 'wayland'), ('SHLVL', '2'), ('LD_LIBRARY_PATH', '/home/user/ws_siasun/install/duco_msg/lib:/home/user/ws_siasun/install/aivt_interfaces/lib:/opt/ros/humble/opt/rviz_ogre_vendor/lib:/opt/ros/humble/lib/x86_64-linux-gnu:/opt/ros/humble/lib'), ('HOME', '/home/user'), ('CHROME_DESKTOP', 'code.desktop'), ('TERM_PROGRAM_VERSION', '1.98.2'), ('DESKTOP_SESSION', 'ubuntu'), ('NO_PROXY', 'localhost,127.0.0.0/8,::1'), ('ROS_PYTHON_VERSION', '3'), ('GNOME_SHELL_SESSION_MODE', 'ubuntu'), ('GTK_MODULES', 'gail:atk-bridge'), ('DBUS_STARTER_BUS_TYPE', 'session'), ('SYSTEMD_EXEC_PID', '1152'), ('DBUS_SESSION_BUS_ADDRESS', 'unix:path=/run/user/1000/bus,guid=29aa453e04d6fd81a7f888c968edb0a6'), ('COLORTERM', 'truecolor'), ('IM_CONFIG_PHASE', '1'), ('WAYLAND_DISPLAY', 'wayland-0'), ('ROS_DISTRO', 'humble'), ('LOGNAME', 'user'), ('http_proxy', 'http://127.0.0.1:7890/'), ('_', '/usr/bin/colcon'), ('ROS_VERSION', '2'), ('XDG_SESSION_CLASS', 'user'), ('USERNAME', 'user'), ('TERM', 'xterm-256color'), ('GNOME_DESKTOP_SESSION_ID', 'this-is-deprecated'), ('ROS_LOCALHOST_ONLY', '0'), ('PATH', '/opt/ros/humble/bin:/usr/local/sbin:/usr/local/bin:/usr/sbin:/usr/bin:/sbin:/bin:/usr/games:/usr/local/games:/snap/bin:/snap/bin'), ('SESSION_MANAGER', 'local/user-Default-string:@/tmp/.ICE-unix/1152,unix/user-Default-string:/tmp/.ICE-unix/1152'), ('XDG_MENU_PREFIX', 'gnome-'), ('GNOME_TERMINAL_SCREEN', '/org/gnome/Terminal/screen/605294d2_5418_4e5f_b2e7_5a2a21147e6f'), ('GNOME_SETUP_DISPLAY', ':1'), ('XDG_RUNTIME_DIR', '/run/user/1000'), ('GDK_BACKEND', 'x11'), ('DISPLAY', ':0'), ('LANG', 'zh_CN.UTF-8'), ('XDG_CURRENT_DESKTOP', 'Unity'), ('PYTHONSTARTUP', '/home/user/.config/Code/User/workspaceStorage/0e147a0a2fd8792e328fcddb38a40cd9/ms-python.python/pythonrc.py'), ('XMODIFIERS', '@im=ibus'), ('XDG_SESSION_DESKTOP', 'ubuntu'), ('XAUTHORITY', '/run/user/1000/.mutter-Xwaylandauth.ATR2D3'), ('LS_COLORS', 'rs=0:di=01;34:ln=01;36:mh=00:pi=40;33:so=01;35:do=01;35:bd=40;33;01:cd=40;33;01:or=40;31;01:mi=00:su=37;41:sg=30;43:ca=30;41:tw=30;42:ow=34;42:st=37;44:ex=01;32:*.tar=01;31:*.tgz=01;31:*.arc=01;31:*.arj=01;31:*.taz=01;31:*.lha=01;31:*.lz4=01;31:*.lzh=01;31:*.lzma=01;31:*.tlz=01;31:*.txz=01;31:*.tzo=01;31:*.t7z=01;31:*.zip=01;31:*.z=01;31:*.dz=01;31:*.gz=01;31:*.lrz=01;31:*.lz=01;31:*.lzo=01;31:*.xz=01;31:*.zst=01;31:*.tzst=01;31:*.bz2=01;31:*.bz=01;31:*.tbz=01;31:*.tbz2=01;31:*.tz=01;31:*.deb=01;31:*.rpm=01;31:*.jar=01;31:*.war=01;31:*.ear=01;31:*.sar=01;31:*.rar=01;31:*.alz=01;31:*.ace=01;31:*.zoo=01;31:*.cpio=01;31:*.7z=01;31:*.rz=01;31:*.cab=01;31:*.wim=01;31:*.swm=01;31:*.dwm=01;31:*.esd=01;31:*.jpg=01;35:*.jpeg=01;35:*.mjpg=01;35:*.mjpeg=01;35:*.gif=01;35:*.bmp=01;35:*.pbm=01;35:*.pgm=01;35:*.ppm=01;35:*.tga=01;35:*.xbm=01;35:*.xpm=01;35:*.tif=01;35:*.tiff=01;35:*.png=01;35:*.svg=01;35:*.svgz=01;35:*.mng=01;35:*.pcx=01;35:*.mov=01;35:*.mpg=01;35:*.mpeg=01;35:*.m2v=01;35:*.mkv=01;35:*.webm=01;35:*.webp=01;35:*.ogm=01;35:*.mp4=01;35:*.m4v=01;35:*.mp4v=01;35:*.vob=01;35:*.qt=01;35:*.nuv=01;35:*.wmv=01;35:*.asf=01;35:*.rm=01;35:*.rmvb=01;35:*.flc=01;35:*.avi=01;35:*.fli=01;35:*.flv=01;35:*.gl=01;35:*.dl=01;35:*.xcf=01;35:*.xwd=01;35:*.yuv=01;35:*.cgm=01;35:*.emf=01;35:*.ogv=01;35:*.ogx=01;35:*.aac=00;36:*.au=00;36:*.flac=00;36:*.m4a=00;36:*.mid=00;36:*.midi=00;36:*.mka=00;36:*.mp3=00;36:*.mpc=00;36:*.ogg=00;36:*.ra=00;36:*.wav=00;36:*.oga=00;36:*.opus=00;36:*.spx=00;36:*.xspf=00;36:'), ('GNOME_TERMINAL_SERVICE', ':1.131'), ('TERM_PROGRAM', 'vscode'), ('SSH_AGENT_LAUNCHER', 'gnome-keyring'), ('SSH_AUTH_SOCK', '/run/user/1000/keyring/ssh'), ('AMENT_PREFIX_PATH', '/home/user/ws_siasun/install/duco_ros_driver:/home/user/ws_siasun/install/duco_arms:/home/user/ws_siasun/install/duco_support:/home/user/ws_siasun/install/duco_msg:/home/user/ws_siasun/install/aivt_interfaces:/opt/ros/humble'), ('ORIGINAL_XDG_CURRENT_DESKTOP', 'ubuntu:GNOME'), ('SHELL', '/bin/bash'), ('QT_ACCESSIBILITY', '1'), ('GDMSESSION', 'ubuntu'), ('LESSCLOSE', '/usr/bin/lesspipe %s %s'), ('QT_IM_MODULE', 'ibus'), ('PWD', '/home/user/ws_siasun/build/aivt'), ('XDG_CONFIG_DIRS', '/etc/xdg/xdg-ubuntu:/etc/xdg'), ('DBUS_STARTER_ADDRESS', 'unix:path=/run/user/1000/bus,guid=29aa453e04d6fd81a7f888c968edb0a6'), ('XDG_DATA_DIRS', '/usr/share/ubuntu:/usr/local/share/:/usr/share/:/var/lib/snapd/desktop'), ('PYTHONPATH', '/home/user/ws_siasun/install/duco_msg/local/lib/python3.10/dist-packages:/home/user/ws_siasun/install/aivt_interfaces/local/lib/python3.10/dist-packages:/opt/ros/humble/lib/python3.10/site-packages:/opt/ros/humble/local/lib/python3.10/dist-packages'), ('HTTP_PROXY', 'http://127.0.0.1:7890/'), ('COLCON', '1'), ('VTE_VERSION', '6800'), ('CMAKE_PREFIX_PATH', '/home/user/ws_siasun/install/duco_ros_driver:/home/user/ws_siasun/install/duco_arms:/home/user/ws_siasun/install/duco_support:/home/user/ws_siasun/install/duco_msg:/home/user/ws_siasun/install/aivt_interfaces:/opt/ros/humble')]), 'shell': False}
[19.520364] (aivt) StdoutLine: {'line': b'[  7%] \x1b[32mBuilding CXX object CMakeFiles/robot_motion_test.dir/src/robot_motion_test.cpp.o\x1b[0m\n'}
[19.520607] (aivt) StdoutLine: {'line': b'[ 14%] \x1b[32mBuilding CXX object CMakeFiles/hand_eye_calibration.dir/src/hand_eye_calibration.cpp.o\x1b[0m\n'}
[19.520870] (aivt) StdoutLine: {'line': b'[ 21%] \x1b[32mBuilding CXX object CMakeFiles/grasp_touch_control.dir/src/grasp_touch_control.cpp.o\x1b[0m\n'}
[19.521073] (aivt) StdoutLine: {'line': b'[ 28%] \x1b[32mBuilding CXX object CMakeFiles/calibration_calculation.dir/src/calibration_calculation.cpp.o\x1b[0m\n'}
[19.521640] (aivt) StdoutLine: {'line': b'[ 35%] \x1b[32mBuilding CXX object CMakeFiles/chessboard_detection.dir/src/chessboard_detection.cpp.o\x1b[0m\n'}
[19.521809] (aivt) StdoutLine: {'line': b'[ 50%] \x1b[32mBuilding CXX object CMakeFiles/tcp_calibration.dir/src/tcp_calibration.cpp.o\x1b[0m\n'}
[19.521913] (aivt) StdoutLine: {'line': b'[ 50%] \x1b[32mBuilding CXX object CMakeFiles/robot_motion.dir/src/robot_motion.cpp.o\x1b[0m\n'}
[19.551374] (-) TimerEvent: {}
[19.651648] (-) TimerEvent: {}
[19.751921] (-) TimerEvent: {}
[19.852207] (-) TimerEvent: {}
[19.952502] (-) TimerEvent: {}
[20.052808] (-) TimerEvent: {}
[20.153114] (-) TimerEvent: {}
[20.253395] (-) TimerEvent: {}
[20.353661] (-) TimerEvent: {}
[20.453963] (-) TimerEvent: {}
[20.554262] (-) TimerEvent: {}
[20.654554] (-) TimerEvent: {}
[20.754862] (-) TimerEvent: {}
[20.855155] (-) TimerEvent: {}
[20.955454] (-) TimerEvent: {}
[21.055761] (-) TimerEvent: {}
[21.156060] (-) TimerEvent: {}
[21.256353] (-) TimerEvent: {}
[21.356682] (-) TimerEvent: {}
[21.457127] (-) TimerEvent: {}
[21.557418] (-) TimerEvent: {}
[21.657659] (-) TimerEvent: {}
[21.758032] (-) TimerEvent: {}
[21.858309] (-) TimerEvent: {}
[21.958619] (-) TimerEvent: {}
[22.058976] (-) TimerEvent: {}
[22.159303] (-) TimerEvent: {}
[22.259594] (-) TimerEvent: {}
[22.359921] (-) TimerEvent: {}
[22.460211] (-) TimerEvent: {}
[22.560540] (-) TimerEvent: {}
[22.660873] (-) TimerEvent: {}
[22.761171] (-) TimerEvent: {}
[22.861451] (-) TimerEvent: {}
[22.961742] (-) TimerEvent: {}
[23.062042] (-) TimerEvent: {}
[23.162340] (-) TimerEvent: {}
[23.262618] (-) TimerEvent: {}
[23.362895] (-) TimerEvent: {}
[23.463175] (-) TimerEvent: {}
[23.563464] (-) TimerEvent: {}
[23.663762] (-) TimerEvent: {}
[23.764054] (-) TimerEvent: {}
[23.864338] (-) TimerEvent: {}
[23.964656] (-) TimerEvent: {}
[24.064973] (-) TimerEvent: {}
[24.165258] (-) TimerEvent: {}
[24.265535] (-) TimerEvent: {}
[24.365866] (-) TimerEvent: {}
[24.466179] (-) TimerEvent: {}
[24.566454] (-) TimerEvent: {}
[24.666748] (-) TimerEvent: {}
[24.767064] (-) TimerEvent: {}
[24.794888] (aivt) StdoutLine: {'line': b'[ 57%] \x1b[32m\x1b[1mLinking CXX executable calibration_calculation\x1b[0m\n'}
[24.867175] (-) TimerEvent: {}
[24.967517] (-) TimerEvent: {}
[25.033708] (aivt) StdoutLine: {'line': b'[ 57%] Built target calibration_calculation\n'}
[25.067718] (-) TimerEvent: {}
[25.167993] (-) TimerEvent: {}
[25.268354] (-) TimerEvent: {}
[25.368680] (-) TimerEvent: {}
[25.469000] (-) TimerEvent: {}
[25.569371] (-) TimerEvent: {}
[25.669660] (-) TimerEvent: {}
[25.770027] (-) TimerEvent: {}
[25.870311] (-) TimerEvent: {}
[25.970563] (-) TimerEvent: {}
[26.070822] (-) TimerEvent: {}
[26.171110] (-) TimerEvent: {}
[26.271398] (-) TimerEvent: {}
[26.371683] (-) TimerEvent: {}
[26.472051] (-) TimerEvent: {}
[26.572423] (-) TimerEvent: {}
[26.672755] (-) TimerEvent: {}
[26.773037] (-) TimerEvent: {}
[26.873296] (-) TimerEvent: {}
[26.973643] (-) TimerEvent: {}
[27.073902] (-) TimerEvent: {}
[27.174195] (-) TimerEvent: {}
[27.274500] (-) TimerEvent: {}
[27.374828] (-) TimerEvent: {}
[27.475124] (-) TimerEvent: {}
[27.575440] (-) TimerEvent: {}
[27.675815] (-) TimerEvent: {}
[27.776113] (-) TimerEvent: {}
[27.876419] (-) TimerEvent: {}
[27.976325] (aivt) StdoutLine: {'line': b'[ 64%] \x1b[32m\x1b[1mLinking CXX executable grasp_touch_control\x1b[0m\n'}
[27.976501] (-) TimerEvent: {}
[28.050829] (aivt) StdoutLine: {'line': b'[ 71%] \x1b[32m\x1b[1mLinking CXX executable robot_motion_test\x1b[0m\n'}
[28.076663] (-) TimerEvent: {}
[28.176985] (-) TimerEvent: {}
[28.277334] (-) TimerEvent: {}
[28.376522] (aivt) StdoutLine: {'line': b'[ 71%] Built target grasp_touch_control\n'}
[28.377414] (-) TimerEvent: {}
[28.403226] (aivt) StdoutLine: {'line': b'[ 78%] \x1b[32m\x1b[1mLinking CXX executable tcp_calibration\x1b[0m\n'}
[28.477560] (-) TimerEvent: {}
[28.501792] (aivt) StdoutLine: {'line': b'[ 78%] Built target robot_motion_test\n'}
[28.577691] (-) TimerEvent: {}
[28.677966] (-) TimerEvent: {}
[28.778246] (-) TimerEvent: {}
[28.795134] (aivt) StdoutLine: {'line': b'[ 78%] Built target tcp_calibration\n'}
[28.878384] (-) TimerEvent: {}
[28.978661] (-) TimerEvent: {}
[29.078905] (-) TimerEvent: {}
[29.179189] (-) TimerEvent: {}
[29.279463] (-) TimerEvent: {}
[29.379827] (-) TimerEvent: {}
[29.480067] (-) TimerEvent: {}
[29.580351] (-) TimerEvent: {}
[29.680702] (-) TimerEvent: {}
[29.781009] (-) TimerEvent: {}
[29.881240] (-) TimerEvent: {}
[29.921883] (aivt) StdoutLine: {'line': b'[ 85%] \x1b[32m\x1b[1mLinking CXX executable chessboard_detection\x1b[0m\n'}
[29.981372] (-) TimerEvent: {}
[30.081709] (-) TimerEvent: {}
[30.182015] (-) TimerEvent: {}
[30.282288] (-) TimerEvent: {}
[30.382673] (-) TimerEvent: {}
[30.482921] (-) TimerEvent: {}
[30.583189] (-) TimerEvent: {}
[30.592693] (aivt) StdoutLine: {'line': b'[ 85%] Built target chessboard_detection\n'}
[30.683319] (-) TimerEvent: {}
[30.783598] (-) TimerEvent: {}
[30.883840] (-) TimerEvent: {}
[30.984122] (-) TimerEvent: {}
[31.084399] (-) TimerEvent: {}
[31.184697] (-) TimerEvent: {}
[31.284975] (-) TimerEvent: {}
[31.385212] (-) TimerEvent: {}
[31.485452] (-) TimerEvent: {}
[31.585819] (-) TimerEvent: {}
[31.686184] (-) TimerEvent: {}
[31.786474] (-) TimerEvent: {}
[31.886758] (-) TimerEvent: {}
[31.987130] (-) TimerEvent: {}
[32.087388] (-) TimerEvent: {}
[32.187634] (-) TimerEvent: {}
[32.287878] (-) TimerEvent: {}
[32.388179] (-) TimerEvent: {}
[32.488528] (-) TimerEvent: {}
[32.588812] (-) TimerEvent: {}
[32.689178] (-) TimerEvent: {}
[32.789554] (-) TimerEvent: {}
[32.845188] (aivt) StdoutLine: {'line': b'[ 92%] \x1b[32m\x1b[1mLinking CXX executable hand_eye_calibration\x1b[0m\n'}
[32.889693] (-) TimerEvent: {}
[32.989979] (-) TimerEvent: {}
[33.090295] (-) TimerEvent: {}
[33.190570] (-) TimerEvent: {}
[33.290999] (-) TimerEvent: {}
[33.391379] (-) TimerEvent: {}
[33.491714] (-) TimerEvent: {}
[33.576322] (aivt) StdoutLine: {'line': b'[100%] \x1b[32m\x1b[1mLinking CXX executable robot_motion\x1b[0m\n'}
[33.591828] (-) TimerEvent: {}
[33.692167] (-) TimerEvent: {}
[33.709522] (aivt) StdoutLine: {'line': b'[100%] Built target hand_eye_calibration\n'}
[33.792314] (-) TimerEvent: {}
[33.892617] (-) TimerEvent: {}
[33.992867] (-) TimerEvent: {}
[34.041346] (aivt) StdoutLine: {'line': b'[100%] Built target robot_motion\n'}
[34.051491] (aivt) CommandEnded: {'returncode': 0}
[34.052136] (aivt) JobProgress: {'identifier': 'aivt', 'progress': 'install'}
[34.052471] (aivt) Command: {'cmd': ['/usr/bin/cmake', '--install', '/home/user/ws_siasun/build/aivt'], 'cwd': '/home/user/ws_siasun/build/aivt', 'env': OrderedDict([('PYTHON_BASIC_REPL', '1'), ('LESSOPEN', '| /usr/bin/lesspipe %s'), ('no_proxy', 'localhost,127.0.0.0/8,::1'), ('LANGUAGE', 'zh_CN:zh'), ('USER', 'user'), ('XDG_SESSION_TYPE', 'wayland'), ('SHLVL', '2'), ('LD_LIBRARY_PATH', '/home/user/ws_siasun/install/duco_msg/lib:/home/user/ws_siasun/install/aivt_interfaces/lib:/opt/ros/humble/opt/rviz_ogre_vendor/lib:/opt/ros/humble/lib/x86_64-linux-gnu:/opt/ros/humble/lib'), ('HOME', '/home/user'), ('CHROME_DESKTOP', 'code.desktop'), ('TERM_PROGRAM_VERSION', '1.98.2'), ('DESKTOP_SESSION', 'ubuntu'), ('NO_PROXY', 'localhost,127.0.0.0/8,::1'), ('ROS_PYTHON_VERSION', '3'), ('GNOME_SHELL_SESSION_MODE', 'ubuntu'), ('GTK_MODULES', 'gail:atk-bridge'), ('DBUS_STARTER_BUS_TYPE', 'session'), ('SYSTEMD_EXEC_PID', '1152'), ('DBUS_SESSION_BUS_ADDRESS', 'unix:path=/run/user/1000/bus,guid=29aa453e04d6fd81a7f888c968edb0a6'), ('COLORTERM', 'truecolor'), ('IM_CONFIG_PHASE', '1'), ('WAYLAND_DISPLAY', 'wayland-0'), ('ROS_DISTRO', 'humble'), ('LOGNAME', 'user'), ('http_proxy', 'http://127.0.0.1:7890/'), ('_', '/usr/bin/colcon'), ('ROS_VERSION', '2'), ('XDG_SESSION_CLASS', 'user'), ('USERNAME', 'user'), ('TERM', 'xterm-256color'), ('GNOME_DESKTOP_SESSION_ID', 'this-is-deprecated'), ('ROS_LOCALHOST_ONLY', '0'), ('PATH', '/opt/ros/humble/bin:/usr/local/sbin:/usr/local/bin:/usr/sbin:/usr/bin:/sbin:/bin:/usr/games:/usr/local/games:/snap/bin:/snap/bin'), ('SESSION_MANAGER', 'local/user-Default-string:@/tmp/.ICE-unix/1152,unix/user-Default-string:/tmp/.ICE-unix/1152'), ('XDG_MENU_PREFIX', 'gnome-'), ('GNOME_TERMINAL_SCREEN', '/org/gnome/Terminal/screen/605294d2_5418_4e5f_b2e7_5a2a21147e6f'), ('GNOME_SETUP_DISPLAY', ':1'), ('XDG_RUNTIME_DIR', '/run/user/1000'), ('GDK_BACKEND', 'x11'), ('DISPLAY', ':0'), ('LANG', 'zh_CN.UTF-8'), ('XDG_CURRENT_DESKTOP', 'Unity'), ('PYTHONSTARTUP', '/home/user/.config/Code/User/workspaceStorage/0e147a0a2fd8792e328fcddb38a40cd9/ms-python.python/pythonrc.py'), ('XMODIFIERS', '@im=ibus'), ('XDG_SESSION_DESKTOP', 'ubuntu'), ('XAUTHORITY', '/run/user/1000/.mutter-Xwaylandauth.ATR2D3'), ('LS_COLORS', 'rs=0:di=01;34:ln=01;36:mh=00:pi=40;33:so=01;35:do=01;35:bd=40;33;01:cd=40;33;01:or=40;31;01:mi=00:su=37;41:sg=30;43:ca=30;41:tw=30;42:ow=34;42:st=37;44:ex=01;32:*.tar=01;31:*.tgz=01;31:*.arc=01;31:*.arj=01;31:*.taz=01;31:*.lha=01;31:*.lz4=01;31:*.lzh=01;31:*.lzma=01;31:*.tlz=01;31:*.txz=01;31:*.tzo=01;31:*.t7z=01;31:*.zip=01;31:*.z=01;31:*.dz=01;31:*.gz=01;31:*.lrz=01;31:*.lz=01;31:*.lzo=01;31:*.xz=01;31:*.zst=01;31:*.tzst=01;31:*.bz2=01;31:*.bz=01;31:*.tbz=01;31:*.tbz2=01;31:*.tz=01;31:*.deb=01;31:*.rpm=01;31:*.jar=01;31:*.war=01;31:*.ear=01;31:*.sar=01;31:*.rar=01;31:*.alz=01;31:*.ace=01;31:*.zoo=01;31:*.cpio=01;31:*.7z=01;31:*.rz=01;31:*.cab=01;31:*.wim=01;31:*.swm=01;31:*.dwm=01;31:*.esd=01;31:*.jpg=01;35:*.jpeg=01;35:*.mjpg=01;35:*.mjpeg=01;35:*.gif=01;35:*.bmp=01;35:*.pbm=01;35:*.pgm=01;35:*.ppm=01;35:*.tga=01;35:*.xbm=01;35:*.xpm=01;35:*.tif=01;35:*.tiff=01;35:*.png=01;35:*.svg=01;35:*.svgz=01;35:*.mng=01;35:*.pcx=01;35:*.mov=01;35:*.mpg=01;35:*.mpeg=01;35:*.m2v=01;35:*.mkv=01;35:*.webm=01;35:*.webp=01;35:*.ogm=01;35:*.mp4=01;35:*.m4v=01;35:*.mp4v=01;35:*.vob=01;35:*.qt=01;35:*.nuv=01;35:*.wmv=01;35:*.asf=01;35:*.rm=01;35:*.rmvb=01;35:*.flc=01;35:*.avi=01;35:*.fli=01;35:*.flv=01;35:*.gl=01;35:*.dl=01;35:*.xcf=01;35:*.xwd=01;35:*.yuv=01;35:*.cgm=01;35:*.emf=01;35:*.ogv=01;35:*.ogx=01;35:*.aac=00;36:*.au=00;36:*.flac=00;36:*.m4a=00;36:*.mid=00;36:*.midi=00;36:*.mka=00;36:*.mp3=00;36:*.mpc=00;36:*.ogg=00;36:*.ra=00;36:*.wav=00;36:*.oga=00;36:*.opus=00;36:*.spx=00;36:*.xspf=00;36:'), ('GNOME_TERMINAL_SERVICE', ':1.131'), ('TERM_PROGRAM', 'vscode'), ('SSH_AGENT_LAUNCHER', 'gnome-keyring'), ('SSH_AUTH_SOCK', '/run/user/1000/keyring/ssh'), ('AMENT_PREFIX_PATH', '/home/user/ws_siasun/install/duco_ros_driver:/home/user/ws_siasun/install/duco_arms:/home/user/ws_siasun/install/duco_support:/home/user/ws_siasun/install/duco_msg:/home/user/ws_siasun/install/aivt_interfaces:/opt/ros/humble'), ('ORIGINAL_XDG_CURRENT_DESKTOP', 'ubuntu:GNOME'), ('SHELL', '/bin/bash'), ('QT_ACCESSIBILITY', '1'), ('GDMSESSION', 'ubuntu'), ('LESSCLOSE', '/usr/bin/lesspipe %s %s'), ('QT_IM_MODULE', 'ibus'), ('PWD', '/home/user/ws_siasun/build/aivt'), ('XDG_CONFIG_DIRS', '/etc/xdg/xdg-ubuntu:/etc/xdg'), ('DBUS_STARTER_ADDRESS', 'unix:path=/run/user/1000/bus,guid=29aa453e04d6fd81a7f888c968edb0a6'), ('XDG_DATA_DIRS', '/usr/share/ubuntu:/usr/local/share/:/usr/share/:/var/lib/snapd/desktop'), ('PYTHONPATH', '/home/user/ws_siasun/install/duco_msg/local/lib/python3.10/dist-packages:/home/user/ws_siasun/install/aivt_interfaces/local/lib/python3.10/dist-packages:/opt/ros/humble/lib/python3.10/site-packages:/opt/ros/humble/local/lib/python3.10/dist-packages'), ('HTTP_PROXY', 'http://127.0.0.1:7890/'), ('COLCON', '1'), ('VTE_VERSION', '6800'), ('CMAKE_PREFIX_PATH', '/home/user/ws_siasun/install/duco_ros_driver:/home/user/ws_siasun/install/duco_arms:/home/user/ws_siasun/install/duco_support:/home/user/ws_siasun/install/duco_msg:/home/user/ws_siasun/install/aivt_interfaces:/opt/ros/humble')]), 'shell': False}
[34.057468] (aivt) StdoutLine: {'line': b'-- Install configuration: ""\n'}
[34.057689] (aivt) StdoutLine: {'line': b'-- Installing: /home/user/ws_siasun/install/aivt/lib/aivt/robot_motion_test\n'}
[34.061524] (aivt) StdoutLine: {'line': b'-- Set runtime path of "/home/user/ws_siasun/install/aivt/lib/aivt/robot_motion_test" to ""\n'}
[34.061661] (aivt) StdoutLine: {'line': b'-- Installing: /home/user/ws_siasun/install/aivt/lib/aivt/hand_eye_calibration\n'}
[34.066486] (aivt) StdoutLine: {'line': b'-- Set runtime path of "/home/user/ws_siasun/install/aivt/lib/aivt/hand_eye_calibration" to ""\n'}
[34.066638] (aivt) StdoutLine: {'line': b'-- Installing: /home/user/ws_siasun/install/aivt/lib/aivt/chessboard_detection\n'}
[34.068836] (aivt) StdoutLine: {'line': b'-- Set runtime path of "/home/user/ws_siasun/install/aivt/lib/aivt/chessboard_detection" to ""\n'}
[34.068977] (aivt) StdoutLine: {'line': b'-- Installing: /home/user/ws_siasun/install/aivt/lib/aivt/grasp_touch_control\n'}
[34.070545] (aivt) StdoutLine: {'line': b'-- Set runtime path of "/home/user/ws_siasun/install/aivt/lib/aivt/grasp_touch_control" to ""\n'}
[34.070726] (aivt) StdoutLine: {'line': b'-- Installing: /home/user/ws_siasun/install/aivt/lib/aivt/tcp_calibration\n'}
[34.072831] (aivt) StdoutLine: {'line': b'-- Set runtime path of "/home/user/ws_siasun/install/aivt/lib/aivt/tcp_calibration" to ""\n'}
[34.072970] (aivt) StdoutLine: {'line': b'-- Installing: /home/user/ws_siasun/install/aivt/lib/aivt/robot_motion\n'}
[34.076923] (aivt) StdoutLine: {'line': b'-- Set runtime path of "/home/user/ws_siasun/install/aivt/lib/aivt/robot_motion" to ""\n'}
[34.077012] (aivt) StdoutLine: {'line': b'-- Installing: /home/user/ws_siasun/install/aivt/lib/aivt/calibration_calculation\n'}
[34.077516] (aivt) StdoutLine: {'line': b'-- Set runtime path of "/home/user/ws_siasun/install/aivt/lib/aivt/calibration_calculation" to ""\n'}
[34.077604] (aivt) StdoutLine: {'line': b'-- Installing: /home/user/ws_siasun/install/aivt/share/aivt/launch\n'}
[34.077674] (aivt) StdoutLine: {'line': b'-- Installing: /home/user/ws_siasun/install/aivt/share/aivt/launch/gripper_server.launch.py\n'}
[34.077733] (aivt) StdoutLine: {'line': b'-- Installing: /home/user/ws_siasun/install/aivt/share/aivt/launch/hand_eye_calibration.launch.py\n'}
[34.077795] (aivt) StdoutLine: {'line': b'-- Installing: /home/user/ws_siasun/install/aivt/share/aivt/config\n'}
[34.077851] (aivt) StdoutLine: {'line': b'-- Installing: /home/user/ws_siasun/install/aivt/share/aivt/config/chessboard_6.jpg\n'}
[34.077988] (aivt) StdoutLine: {'line': b'-- Installing: /home/user/ws_siasun/install/aivt/share/aivt/config/chessboard_5.jpg\n'}
[34.078075] (aivt) StdoutLine: {'line': b'-- Installing: /home/user/ws_siasun/install/aivt/share/aivt/config/hand_eye_transformer.yaml\n'}
[34.078140] (aivt) StdoutLine: {'line': b'-- Installing: /home/user/ws_siasun/install/aivt/share/aivt/config/chessboard_0.jpg\n'}
[34.078198] (aivt) StdoutLine: {'line': b'-- Installing: /home/user/ws_siasun/install/aivt/share/aivt/config/chessboard_2.jpg\n'}
[34.078262] (aivt) StdoutLine: {'line': b'-- Installing: /home/user/ws_siasun/install/aivt/share/aivt/config/chessboard_4.jpg\n'}
[34.078320] (aivt) StdoutLine: {'line': b'-- Installing: /home/user/ws_siasun/install/aivt/share/aivt/config/chessboard_1.jpg\n'}
[34.078376] (aivt) StdoutLine: {'line': b'-- Installing: /home/user/ws_siasun/install/aivt/share/aivt/config/chessboard_3.jpg\n'}
[34.078431] (aivt) StdoutLine: {'line': b'-- Installing: /home/user/ws_siasun/install/aivt/share/aivt/config/robot_pose.yaml\n'}
[34.078486] (aivt) StdoutLine: {'line': b'-- Installing: /home/user/ws_siasun/install/aivt/share/aivt/config/calibration_data.yaml\n'}
[34.078541] (aivt) StdoutLine: {'line': b'-- Installing: /home/user/ws_siasun/install/aivt/share/ament_index/resource_index/package_run_dependencies/aivt\n'}
[34.078631] (aivt) StdoutLine: {'line': b'-- Installing: /home/user/ws_siasun/install/aivt/share/ament_index/resource_index/parent_prefix_path/aivt\n'}
[34.078717] (aivt) StdoutLine: {'line': b'-- Installing: /home/user/ws_siasun/install/aivt/share/aivt/environment/ament_prefix_path.sh\n'}
[34.078773] (aivt) StdoutLine: {'line': b'-- Installing: /home/user/ws_siasun/install/aivt/share/aivt/environment/ament_prefix_path.dsv\n'}
[34.078829] (aivt) StdoutLine: {'line': b'-- Installing: /home/user/ws_siasun/install/aivt/share/aivt/environment/path.sh\n'}
[34.078884] (aivt) StdoutLine: {'line': b'-- Installing: /home/user/ws_siasun/install/aivt/share/aivt/environment/path.dsv\n'}
[34.078939] (aivt) StdoutLine: {'line': b'-- Installing: /home/user/ws_siasun/install/aivt/share/aivt/local_setup.bash\n'}
[34.078994] (aivt) StdoutLine: {'line': b'-- Installing: /home/user/ws_siasun/install/aivt/share/aivt/local_setup.sh\n'}
[34.079050] (aivt) StdoutLine: {'line': b'-- Installing: /home/user/ws_siasun/install/aivt/share/aivt/local_setup.zsh\n'}
[34.079105] (aivt) StdoutLine: {'line': b'-- Installing: /home/user/ws_siasun/install/aivt/share/aivt/local_setup.dsv\n'}
[34.079160] (aivt) StdoutLine: {'line': b'-- Installing: /home/user/ws_siasun/install/aivt/share/aivt/package.dsv\n'}
[34.079216] (aivt) StdoutLine: {'line': b'-- Installing: /home/user/ws_siasun/install/aivt/share/ament_index/resource_index/packages/aivt\n'}
[34.079270] (aivt) StdoutLine: {'line': b'-- Installing: /home/user/ws_siasun/install/aivt/share/aivt/cmake/aivtConfig.cmake\n'}
[34.079341] (aivt) StdoutLine: {'line': b'-- Installing: /home/user/ws_siasun/install/aivt/share/aivt/cmake/aivtConfig-version.cmake\n'}
[34.079393] (aivt) StdoutLine: {'line': b'-- Installing: /home/user/ws_siasun/install/aivt/share/aivt/package.xml\n'}
[34.080432] (aivt) CommandEnded: {'returncode': 0}
[34.086812] (aivt) JobEnded: {'identifier': 'aivt', 'rc': 0}
[34.087292] (-) EventReactorShutdown: {}
